month,dept,account_id,account_name,budget,actual,variance
2023-01-01,Engineering,6000,Cost of Goods Sold,259298,267603,8305
2023-02-01,Engineering,6000,Cost of Goods Sold,257167,258368,1201
2023-03-01,Engineering,6000,Cost of Goods Sold,256864,261521,4657
2023-04-01,Engineering,6000,Cost of Goods Sold,257433,260449,3016
2023-05-01,Engineering,6000,Cost of Goods Sold,250977,254395,3418
2023-06-01,Engineering,6000,Cost of Goods Sold,247234,255110,7876
2023-07-01,Engineering,6000,Cost of Goods Sold,254381,246006,-8375
2023-08-01,Engineering,6000,Cost of Goods Sold,255654,256847,1193
2023-09-01,Engineering,6000,Cost of Goods Sold,251640,246356,-5284
2023-10-01,Engineering,6000,Cost of Goods Sold,254533,266218,11685
2023-11-01,Engineering,6000,Cost of Goods Sold,251894,256118,4224
2023-12-01,Engineering,6000,Cost of Goods Sold,250355,255303,4948
2024-01-01,Engineering,6000,Cost of Goods Sold,246063,244018,-2045
2024-02-01,Engineering,6000,Cost of Goods Sold,250863,239022,-11841
2024-03-01,Engineering,6000,Cost of Goods Sold,251351,252965,1614
2024-04-01,Engineering,6000,Cost of Goods Sold,244607,239782,-4825
2024-05-01,Engineering,6000,Cost of Goods Sold,254194,264189,9995
2024-06-01,Engineering,6000,Cost of Goods Sold,253813,242204,-11609
2024-07-01,Engineering,6000,Cost of Goods Sold,258155,270102,11947
2024-08-01,Engineering,6000,Cost of Goods Sold,251515,257125,5610
2024-09-01,Engineering,6000,Cost of Goods Sold,248627,260605,11978
2024-10-01,Engineering,6000,Cost of Goods Sold,249849,258740,8891
2024-11-01,Engineering,6000,Cost of Goods Sold,252048,248238,-3810
2024-12-01,Engineering,6000,Cost of Goods Sold,255118,252328,-2790
2025-01-01,Engineering,6000,Cost of Goods Sold,245389,249215,3826
2025-02-01,Engineering,6000,Cost of Goods Sold,249760,255235,5475
2025-03-01,Engineering,6000,Cost of Goods Sold,249570,254940,5370
2025-04-01,Engineering,6000,Cost of Goods Sold,256335,250653,-5682
2025-05-01,Engineering,6000,Cost of Goods Sold,255971,250927,-5044
2025-06-01,Engineering,6000,Cost of Goods Sold,250396,260816,10420
2025-07-01,Engineering,6000,Cost of Goods Sold,254194,251055,-3139
2025-08-01,Engineering,6000,Cost of Goods Sold,251573,255572,3999
2025-09-01,Engineering,6000,Cost of Goods Sold,253150,263970,10820
2025-10-01,Engineering,6000,Cost of Goods Sold,256164,256816,652
2025-11-01,Engineering,6000,Cost of Goods Sold,246397,242062,-4335
2025-12-01,Engineering,6000,Cost of Goods Sold,258883,254950,-3933
2026-01-01,Engineering,6000,Cost of Goods Sold,253776,251334,-2442
2026-02-01,Engineering,6000,Cost of Goods Sold,245119,253748,8629
2026-03-01,Engineering,6000,Cost of Goods Sold,246847,236888,-9959
2026-04-01,Engineering,6000,Cost of Goods Sold,246046,256730,10684
2026-05-01,Engineering,6000,Cost of Goods Sold,251643,258183,6540
2026-06-01,Engineering,6000,Cost of Goods Sold,259278,267278,8000
2026-07-01,Engineering,6000,Cost of Goods Sold,255518,248788,-6730
2023-01-01,Engineering,6100,Direct Materials,107519,104014,-3505
2023-02-01,Engineering,6100,Direct Materials,107473,110222,2749
2023-03-01,Engineering,6100,Direct Materials,104496,99944,-4552
2023-04-01,Engineering,6100,Direct Materials,105705,101630,-4075
2023-05-01,Engineering,6100,Direct Materials,107185,102607,-4578
2023-06-01,Engineering,6100,Direct Materials,106659,107795,1136
2023-07-01,Engineering,6100,Direct Materials,107146,111684,4538
2023-08-01,Engineering,6100,Direct Materials,103873,105937,2064
2023-09-01,Engineering,6100,Direct Materials,104229,109324,5095
2023-10-01,Engineering,6100,Direct Materials,105465,102298,-3167
2023-11-01,Engineering,6100,Direct Materials,103441,102795,-646
2023-12-01,Engineering,6100,Direct Materials,103652,100555,-3097
2024-01-01,Engineering,6100,Direct Materials,102871,106099,3228
2024-02-01,Engineering,6100,Direct Materials,106945,103654,-3291
2024-03-01,Engineering,6100,Direct Materials,105517,106879,1362
2024-04-01,Engineering,6100,Direct Materials,106063,102919,-3144
2024-05-01,Engineering,6100,Direct Materials,106953,111159,4206
2024-06-01,Engineering,6100,Direct Materials,104115,103157,-958
2024-07-01,Engineering,6100,Direct Materials,105293,100786,-4507
2024-08-01,Engineering,6100,Direct Materials,103017,105386,2369
2024-09-01,Engineering,6100,Direct Materials,107589,109119,1530
2024-10-01,Engineering,6100,Direct Materials,104976,108465,3489
2024-11-01,Engineering,6100,Direct Materials,105443,105166,-277
2024-12-01,Engineering,6100,Direct Materials,104068,105301,1233
2025-01-01,Engineering,6100,Direct Materials,105370,101554,-3816
2025-02-01,Engineering,6100,Direct Materials,102273,101532,-741
2025-03-01,Engineering,6100,Direct Materials,104220,99748,-4472
2025-04-01,Engineering,6100,Direct Materials,102342,105232,2890
2025-05-01,Engineering,6100,Direct Materials,103729,99766,-3963
2025-06-01,Engineering,6100,Direct Materials,103303,104351,1048
2025-07-01,Engineering,6100,Direct Materials,103935,101067,-2868
2025-08-01,Engineering,6100,Direct Materials,107776,112327,4551
2025-09-01,Engineering,6100,Direct Materials,103434,105537,2103
2025-10-01,Engineering,6100,Direct Materials,102278,106077,3799
2025-11-01,Engineering,6100,Direct Materials,107949,103359,-4590
2025-12-01,Engineering,6100,Direct Materials,105475,109200,3725
2026-01-01,Engineering,6100,Direct Materials,107720,107721,1
2026-02-01,Engineering,6100,Direct Materials,104365,112951,8586
2026-03-01,Engineering,6100,Direct Materials,106244,115215,8971
2026-04-01,Engineering,6100,Direct Materials,104817,117049,12232
2026-05-01,Engineering,6100,Direct Materials,103507,111912,8405
2026-06-01,Engineering,6100,Direct Materials,103980,113383,9403
2026-07-01,Engineering,6100,Direct Materials,103958,115455,11497
2023-01-01,Engineering,6200,Direct Labor,73964,74312,348
2023-02-01,Engineering,6200,Direct Labor,76661,79913,3252
2023-03-01,Engineering,6200,Direct Labor,76341,79229,2888
2023-04-01,Engineering,6200,Direct Labor,74401,71223,-3178
2023-05-01,Engineering,6200,Direct Labor,77632,80771,3139
2023-06-01,Engineering,6200,Direct Labor,76521,78553,2032
2023-07-01,Engineering,6200,Direct Labor,73492,77027,3535
2023-08-01,Engineering,6200,Direct Labor,77641,78403,762
2023-09-01,Engineering,6200,Direct Labor,76110,72918,-3192
2023-10-01,Engineering,6200,Direct Labor,75833,79220,3387
2023-11-01,Engineering,6200,Direct Labor,74559,71142,-3417
2023-12-01,Engineering,6200,Direct Labor,73493,73549,56
2024-01-01,Engineering,6200,Direct Labor,76282,75760,-522
2024-02-01,Engineering,6200,Direct Labor,74708,77322,2614
2024-03-01,Engineering,6200,Direct Labor,77739,74019,-3720
2024-04-01,Engineering,6200,Direct Labor,73583,75596,2013
2024-05-01,Engineering,6200,Direct Labor,77012,77275,263
2024-06-01,Engineering,6200,Direct Labor,77234,78639,1405
2024-07-01,Engineering,6200,Direct Labor,76679,77082,403
2024-08-01,Engineering,6200,Direct Labor,73569,75524,1955
2024-09-01,Engineering,6200,Direct Labor,76487,75949,-538
2024-10-01,Engineering,6200,Direct Labor,75268,72542,-2726
2024-11-01,Engineering,6200,Direct Labor,75319,78310,2991
2024-12-01,Engineering,6200,Direct Labor,77789,76760,-1029
2025-01-01,Engineering,6200,Direct Labor,74210,73739,-471
2025-02-01,Engineering,6200,Direct Labor,73595,71623,-1972
2025-03-01,Engineering,6200,Direct Labor,76002,73928,-2074
2025-04-01,Engineering,6200,Direct Labor,76723,79702,2979
2025-05-01,Engineering,6200,Direct Labor,76930,77453,523
2025-06-01,Engineering,6200,Direct Labor,77827,74052,-3775
2025-07-01,Engineering,6200,Direct Labor,76597,78992,2395
2025-08-01,Engineering,6200,Direct Labor,73680,70930,-2750
2025-09-01,Engineering,6200,Direct Labor,74151,70768,-3383
2025-10-01,Engineering,6200,Direct Labor,74918,76081,1163
2025-11-01,Engineering,6200,Direct Labor,74440,72895,-1545
2025-12-01,Engineering,6200,Direct Labor,76081,75919,-162
2026-01-01,Engineering,6200,Direct Labor,73887,70760,-3127
2026-02-01,Engineering,6200,Direct Labor,74467,74792,325
2026-03-01,Engineering,6200,Direct Labor,75577,77355,1778
2026-04-01,Engineering,6200,Direct Labor,74951,78062,3111
2026-05-01,Engineering,6200,Direct Labor,74331,75915,1584
2026-06-01,Engineering,6200,Direct Labor,77602,79776,2174
2026-07-01,Engineering,6200,Direct Labor,74660,75807,1147
2023-01-01,Engineering,6300,Manufacturing Overhead,42068,41090,-978
2023-02-01,Engineering,6300,Manufacturing Overhead,42498,42513,15
2023-03-01,Engineering,6300,Manufacturing Overhead,40876,42513,1637
2023-04-01,Engineering,6300,Manufacturing Overhead,42518,43036,518
2023-05-01,Engineering,6300,Manufacturing Overhead,41445,40216,-1229
2023-06-01,Engineering,6300,Manufacturing Overhead,41086,43041,1955
2023-07-01,Engineering,6300,Manufacturing Overhead,41321,42321,1000
2023-08-01,Engineering,6300,Manufacturing Overhead,41271,40744,-527
2023-09-01,Engineering,6300,Manufacturing Overhead,42797,41265,-1532
2023-10-01,Engineering,6300,Manufacturing Overhead,43204,44061,857
2023-11-01,Engineering,6300,Manufacturing Overhead,42378,42182,-196
2023-12-01,Engineering,6300,Manufacturing Overhead,41028,41024,-4
2024-01-01,Engineering,6300,Manufacturing Overhead,40825,39919,-906
2024-02-01,Engineering,6300,Manufacturing Overhead,41708,43073,1365
2024-03-01,Engineering,6300,Manufacturing Overhead,40953,40048,-905
2024-04-01,Engineering,6300,Manufacturing Overhead,42277,42257,-20
2024-05-01,Engineering,6300,Manufacturing Overhead,42914,42419,-495
2024-06-01,Engineering,6300,Manufacturing Overhead,40852,39650,-1202
2024-07-01,Engineering,6300,Manufacturing Overhead,41205,40921,-284
2024-08-01,Engineering,6300,Manufacturing Overhead,40872,40076,-796
2024-09-01,Engineering,6300,Manufacturing Overhead,42105,41464,-641
2024-10-01,Engineering,6300,Manufacturing Overhead,40806,41250,444
2024-11-01,Engineering,6300,Manufacturing Overhead,42991,44808,1817
2024-12-01,Engineering,6300,Manufacturing Overhead,43027,44362,1335
2025-01-01,Engineering,6300,Manufacturing Overhead,42229,43315,1086
2025-02-01,Engineering,6300,Manufacturing Overhead,41599,42969,1370
2025-03-01,Engineering,6300,Manufacturing Overhead,41834,41531,-303
2025-04-01,Engineering,6300,Manufacturing Overhead,42578,43580,1002
2025-05-01,Engineering,6300,Manufacturing Overhead,40884,39286,-1598
2025-06-01,Engineering,6300,Manufacturing Overhead,41718,42641,923
2025-07-01,Engineering,6300,Manufacturing Overhead,42448,43970,1522
2025-08-01,Engineering,6300,Manufacturing Overhead,43104,42947,-157
2025-09-01,Engineering,6300,Manufacturing Overhead,42183,42471,288
2025-10-01,Engineering,6300,Manufacturing Overhead,42048,40629,-1419
2025-11-01,Engineering,6300,Manufacturing Overhead,41701,42725,1024
2025-12-01,Engineering,6300,Manufacturing Overhead,43070,41484,-1586
2026-01-01,Engineering,6300,Manufacturing Overhead,40778,42000,1222
2026-02-01,Engineering,6300,Manufacturing Overhead,43136,41348,-1788
2026-03-01,Engineering,6300,Manufacturing Overhead,41370,41547,177
2026-04-01,Engineering,6300,Manufacturing Overhead,41591,41153,-438
2026-05-01,Engineering,6300,Manufacturing Overhead,42291,41706,-585
2026-06-01,Engineering,6300,Manufacturing Overhead,42401,43599,1198
2026-07-01,Engineering,6300,Manufacturing Overhead,42782,43244,462
2023-01-01,Engineering,7000,Salaries & Benefits,82107,82669,562
2023-02-01,Engineering,7000,Salaries & Benefits,83098,81141,-1957
2023-03-01,Engineering,7000,Salaries & Benefits,82381,82074,-307
2023-04-01,Engineering,7000,Salaries & Benefits,83697,83416,-281
2023-05-01,Engineering,7000,Salaries & Benefits,86348,86177,-171
2023-06-01,Engineering,7000,Salaries & Benefits,85735,83316,-2419
2023-07-01,Engineering,7000,Salaries & Benefits,81775,85364,3589
2023-08-01,Engineering,7000,Salaries & Benefits,82873,83787,914
2023-09-01,Engineering,7000,Salaries & Benefits,83063,79442,-3621
2023-10-01,Engineering,7000,Salaries & Benefits,82386,84577,2191
2023-11-01,Engineering,7000,Salaries & Benefits,82872,85930,3058
2023-12-01,Engineering,7000,Salaries & Benefits,82121,83191,1070
2024-01-01,Engineering,7000,Salaries & Benefits,82220,83190,970
2024-02-01,Engineering,7000,Salaries & Benefits,81730,78579,-3151
2024-03-01,Engineering,7000,Salaries & Benefits,81674,83180,1506
2024-04-01,Engineering,7000,Salaries & Benefits,85817,86503,686
2024-05-01,Engineering,7000,Salaries & Benefits,81691,83467,1776
2024-06-01,Engineering,7000,Salaries & Benefits,81786,83541,1755
2024-07-01,Engineering,7000,Salaries & Benefits,82786,80778,-2008
2024-08-01,Engineering,7000,Salaries & Benefits,84899,87934,3035
2024-09-01,Engineering,7000,Salaries & Benefits,83261,85079,1818
2024-10-01,Engineering,7000,Salaries & Benefits,84507,83237,-1270
2024-11-01,Engineering,7000,Salaries & Benefits,81870,81410,-460
2024-12-01,Engineering,7000,Salaries & Benefits,84056,81845,-2211
2025-01-01,Engineering,7000,Salaries & Benefits,83122,82053,-1069
2025-02-01,Engineering,7000,Salaries & Benefits,85626,84906,-720
2025-03-01,Engineering,7000,Salaries & Benefits,84715,87899,3184
2025-04-01,Engineering,7000,Salaries & Benefits,82201,80775,-1426
2025-05-01,Engineering,7000,Salaries & Benefits,85452,84042,-1410
2025-06-01,Engineering,7000,Salaries & Benefits,83537,84807,1270
2025-07-01,Engineering,7000,Salaries & Benefits,83852,87822,3970
2025-08-01,Engineering,7000,Salaries & Benefits,84614,81740,-2874
2025-09-01,Engineering,7000,Salaries & Benefits,81705,85221,3516
2025-10-01,Engineering,7000,Salaries & Benefits,86076,81992,-4084
2025-11-01,Engineering,7000,Salaries & Benefits,84550,87154,2604
2025-12-01,Engineering,7000,Salaries & Benefits,84054,86415,2361
2026-01-01,Engineering,7000,Salaries & Benefits,84041,84726,685
2026-02-01,Engineering,7000,Salaries & Benefits,83214,80841,-2373
2026-03-01,Engineering,7000,Salaries & Benefits,85667,81663,-4004
2026-04-01,Engineering,7000,Salaries & Benefits,85140,84128,-1012
2026-05-01,Engineering,7000,Salaries & Benefits,86509,82862,-3647
2026-06-01,Engineering,7000,Salaries & Benefits,81870,85436,3566
2026-07-01,Engineering,7000,Salaries & Benefits,82612,82641,29
2023-01-01,Engineering,7100,Travel & Entertainment,12656,12717,61
2023-02-01,Engineering,7100,Travel & Entertainment,12538,12830,292
2023-03-01,Engineering,7100,Travel & Entertainment,12863,12899,36
2023-04-01,Engineering,7100,Travel & Entertainment,12261,12227,-34
2023-05-01,Engineering,7100,Travel & Entertainment,12618,12544,-74
2023-06-01,Engineering,7100,Travel & Entertainment,12426,12844,418
2023-07-01,Engineering,7100,Travel & Entertainment,12444,12125,-319
2023-08-01,Engineering,7100,Travel & Entertainment,12406,12738,332
2023-09-01,Engineering,7100,Travel & Entertainment,12496,12441,-55
2023-10-01,Engineering,7100,Travel & Entertainment,12788,12296,-492
2023-11-01,Engineering,7100,Travel & Entertainment,12404,12693,289
2023-12-01,Engineering,7100,Travel & Entertainment,12887,12709,-178
2024-01-01,Engineering,7100,Travel & Entertainment,12488,12495,7
2024-02-01,Engineering,7100,Travel & Entertainment,12913,13111,198
2024-03-01,Engineering,7100,Travel & Entertainment,12680,12615,-65
2024-04-01,Engineering,7100,Travel & Entertainment,12539,12626,87
2024-05-01,Engineering,7100,Travel & Entertainment,12847,12366,-481
2024-06-01,Engineering,7100,Travel & Entertainment,12628,12977,349
2024-07-01,Engineering,7100,Travel & Entertainment,12530,12636,106
2024-08-01,Engineering,7100,Travel & Entertainment,12326,12031,-295
2024-09-01,Engineering,7100,Travel & Entertainment,12439,12207,-232
2024-10-01,Engineering,7100,Travel & Entertainment,12284,12187,-97
2024-11-01,Engineering,7100,Travel & Entertainment,12965,13064,99
2024-12-01,Engineering,7100,Travel & Entertainment,12700,13046,346
2025-01-01,Engineering,7100,Travel & Entertainment,12902,13388,486
2025-02-01,Engineering,7100,Travel & Entertainment,12234,11770,-464
2025-03-01,Engineering,7100,Travel & Entertainment,12421,12489,68
2025-04-01,Engineering,7100,Travel & Entertainment,12925,13239,314
2025-05-01,Engineering,7100,Travel & Entertainment,12318,11744,-574
2025-06-01,Engineering,7100,Travel & Entertainment,12548,12786,238
2025-07-01,Engineering,7100,Travel & Entertainment,12970,12493,-477
2025-08-01,Engineering,7100,Travel & Entertainment,12877,13416,539
2025-09-01,Engineering,7100,Travel & Entertainment,12906,12718,-188
2025-10-01,Engineering,7100,Travel & Entertainment,12526,12597,71
2025-11-01,Engineering,7100,Travel & Entertainment,12760,12274,-486
2025-12-01,Engineering,7100,Travel & Entertainment,12900,13414,514
2026-01-01,Engineering,7100,Travel & Entertainment,12669,12817,148
2026-02-01,Engineering,7100,Travel & Entertainment,12974,12384,-590
2026-03-01,Engineering,7100,Travel & Entertainment,12780,12595,-185
2026-04-01,Engineering,7100,Travel & Entertainment,12561,12447,-114
2026-05-01,Engineering,7100,Travel & Entertainment,12562,12983,421
2026-06-01,Engineering,7100,Travel & Entertainment,12441,12413,-28
2026-07-01,Engineering,7100,Travel & Entertainment,12324,11934,-390
2023-01-01,Engineering,7200,Professional Services,21335,22223,888
2023-02-01,Engineering,7200,Professional Services,21550,20653,-897
2023-03-01,Engineering,7200,Professional Services,21498,21699,201
2023-04-01,Engineering,7200,Professional Services,20836,21147,311
2023-05-01,Engineering,7200,Professional Services,20848,20720,-128
2023-06-01,Engineering,7200,Professional Services,21011,21196,185
2023-07-01,Engineering,7200,Professional Services,21560,20691,-869
2023-08-01,Engineering,7200,Professional Services,20745,20415,-330
2023-09-01,Engineering,7200,Professional Services,21081,21919,838
2023-10-01,Engineering,7200,Professional Services,21101,21827,726
2023-11-01,Engineering,7200,Professional Services,20908,20538,-370
2023-12-01,Engineering,7200,Professional Services,20771,20103,-668
2024-01-01,Engineering,7200,Professional Services,20550,21195,645
2024-02-01,Engineering,7200,Professional Services,21296,22338,1042
2024-03-01,Engineering,7200,Professional Services,20635,20674,39
2024-04-01,Engineering,7200,Professional Services,21095,21339,244
2024-05-01,Engineering,7200,Professional Services,20495,20054,-441
2024-06-01,Engineering,7200,Professional Services,20519,20055,-464
2024-07-01,Engineering,7200,Professional Services,20923,21729,806
2024-08-01,Engineering,7200,Professional Services,20733,21599,866
2024-09-01,Engineering,7200,Professional Services,21616,22164,548
2024-10-01,Engineering,7200,Professional Services,21535,21893,358
2024-11-01,Engineering,7200,Professional Services,20548,19946,-602
2024-12-01,Engineering,7200,Professional Services,21427,21973,546
2025-01-01,Engineering,7200,Professional Services,20404,21225,821
2025-02-01,Engineering,7200,Professional Services,21579,21665,86
2025-03-01,Engineering,7200,Professional Services,21377,20322,-1055
2025-04-01,Engineering,7200,Professional Services,21419,20403,-1016
2025-05-01,Engineering,7200,Professional Services,20626,21537,911
2025-06-01,Engineering,7200,Professional Services,21090,21579,489
2025-07-01,Engineering,7200,Professional Services,21026,21722,696
2025-08-01,Engineering,7200,Professional Services,20742,19932,-810
2025-09-01,Engineering,7200,Professional Services,21260,21993,733
2025-10-01,Engineering,7200,Professional Services,20930,20788,-142
2025-11-01,Engineering,7200,Professional Services,20701,21456,755
2025-12-01,Engineering,7200,Professional Services,21621,22122,501
2026-01-01,Engineering,7200,Professional Services,20517,20217,-300
2026-02-01,Engineering,7200,Professional Services,20470,21070,600
2026-03-01,Engineering,7200,Professional Services,21286,20918,-368
2026-04-01,Engineering,7200,Professional Services,21009,20539,-470
2026-05-01,Engineering,7200,Professional Services,21165,21192,27
2026-06-01,Engineering,7200,Professional Services,21349,21791,442
2026-07-01,Engineering,7200,Professional Services,20767,21649,882
2023-01-01,Engineering,7300,Facilities,25099,26184,1085
2023-02-01,Engineering,7300,Facilities,25645,25177,-468
2023-03-01,Engineering,7300,Facilities,25716,26130,414
2023-04-01,Engineering,7300,Facilities,25771,24574,-1197
2023-05-01,Engineering,7300,Facilities,25403,24153,-1250
2023-06-01,Engineering,7300,Facilities,24651,24346,-305
2023-07-01,Engineering,7300,Facilities,25870,26318,448
2023-08-01,Engineering,7300,Facilities,24845,23979,-866
2023-09-01,Engineering,7300,Facilities,25675,26275,600
2023-10-01,Engineering,7300,Facilities,24871,24121,-750
2023-11-01,Engineering,7300,Facilities,25768,26930,1162
2023-12-01,Engineering,7300,Facilities,25740,26382,642
2024-01-01,Engineering,7300,Facilities,24449,23391,-1058
2024-02-01,Engineering,7300,Facilities,25287,24550,-737
2024-03-01,Engineering,7300,Facilities,24713,24511,-202
2024-04-01,Engineering,7300,Facilities,24842,24545,-297
2024-05-01,Engineering,7300,Facilities,25327,25676,349
2024-06-01,Engineering,7300,Facilities,25176,25571,395
2024-07-01,Engineering,7300,Facilities,24716,24222,-494
2024-08-01,Engineering,7300,Facilities,24795,24280,-515
2024-09-01,Engineering,7300,Facilities,25177,25924,747
2024-10-01,Engineering,7300,Facilities,25037,24679,-358
2024-11-01,Engineering,7300,Facilities,25171,24155,-1016
2024-12-01,Engineering,7300,Facilities,24614,25552,938
2025-01-01,Engineering,7300,Facilities,25586,25042,-544
2025-02-01,Engineering,7300,Facilities,25910,25458,-452
2025-03-01,Engineering,7300,Facilities,25446,24468,-978
2025-04-01,Engineering,7300,Facilities,25147,24692,-455
2025-05-01,Engineering,7300,Facilities,24616,25101,485
2025-06-01,Engineering,7300,Facilities,25510,26208,698
2025-07-01,Engineering,7300,Facilities,25175,25942,767
2025-08-01,Engineering,7300,Facilities,25184,24962,-222
2025-09-01,Engineering,7300,Facilities,24799,24281,-518
2025-10-01,Engineering,7300,Facilities,25211,26194,983
2025-11-01,Engineering,7300,Facilities,25628,24502,-1126
2025-12-01,Engineering,7300,Facilities,25611,25000,-611
2026-01-01,Engineering,7300,Facilities,24924,24653,-271
2026-02-01,Engineering,7300,Facilities,25112,24858,-254
2026-03-01,Engineering,7300,Facilities,25824,25226,-598
2026-04-01,Engineering,7300,Facilities,25545,25136,-409
2026-05-01,Engineering,7300,Facilities,25682,25190,-492
2026-06-01,Engineering,7300,Facilities,25064,25246,182
2026-07-01,Engineering,7300,Facilities,24696,23970,-726
2023-01-01,Engineering,7400,Depreciation,16926,17684,758
2023-02-01,Engineering,7400,Depreciation,16914,16626,-288
2023-03-01,Engineering,7400,Depreciation,16906,16094,-812
2023-04-01,Engineering,7400,Depreciation,17024,17539,515
2023-05-01,Engineering,7400,Depreciation,16387,16722,335
2023-06-01,Engineering,7400,Depreciation,17216,17675,459
2023-07-01,Engineering,7400,Depreciation,16853,17114,261
2023-08-01,Engineering,7400,Depreciation,16819,16587,-232
2023-09-01,Engineering,7400,Depreciation,16496,15930,-566
2023-10-01,Engineering,7400,Depreciation,16836,17442,606
2023-11-01,Engineering,7400,Depreciation,16527,17025,498
2023-12-01,Engineering,7400,Depreciation,17214,16924,-290
2024-01-01,Engineering,7400,Depreciation,16513,16898,385
2024-02-01,Engineering,7400,Depreciation,17244,16444,-800
2024-03-01,Engineering,7400,Depreciation,16316,17034,718
2024-04-01,Engineering,7400,Depreciation,16399,16232,-167
2024-05-01,Engineering,7400,Depreciation,16785,16209,-576
2024-06-01,Engineering,7400,Depreciation,16600,16152,-448
2024-07-01,Engineering,7400,Depreciation,17075,16644,-431
2024-08-01,Engineering,7400,Depreciation,16571,15947,-624
2024-09-01,Engineering,7400,Depreciation,17086,17351,265
2024-10-01,Engineering,7400,Depreciation,16428,16823,395
2024-11-01,Engineering,7400,Depreciation,16568,15880,-688
2024-12-01,Engineering,7400,Depreciation,16370,16734,364
2025-01-01,Engineering,7400,Depreciation,17064,16920,-144
2025-02-01,Engineering,7400,Depreciation,16311,16850,539
2025-03-01,Engineering,7400,Depreciation,16906,16317,-589
2025-04-01,Engineering,7400,Depreciation,17038,17537,499
2025-05-01,Engineering,7400,Depreciation,16492,16666,174
2025-06-01,Engineering,7400,Depreciation,16611,16318,-293
2025-07-01,Engineering,7400,Depreciation,16812,16011,-801
2025-08-01,Engineering,7400,Depreciation,16572,16079,-493
2025-09-01,Engineering,7400,Depreciation,16562,16820,258
2025-10-01,Engineering,7400,Depreciation,16771,16421,-350
2025-11-01,Engineering,7400,Depreciation,16390,17155,765
2025-12-01,Engineering,7400,Depreciation,16861,16833,-28
2026-01-01,Engineering,7400,Depreciation,17211,17268,57
2026-02-01,Engineering,7400,Depreciation,16543,15744,-799
2026-03-01,Engineering,7400,Depreciation,16797,16618,-179
2026-04-01,Engineering,7400,Depreciation,16672,16750,78
2026-05-01,Engineering,7400,Depreciation,16405,15952,-453
2026-06-01,Engineering,7400,Depreciation,17279,17102,-177
2026-07-01,Engineering,7400,Depreciation,16530,16315,-215
2023-01-01,Engineering,7500,IT & Software,12648,12829,181
2023-02-01,Engineering,7500,IT & Software,12473,12859,386
2023-03-01,Engineering,7500,IT & Software,12960,12436,-524
2023-04-01,Engineering,7500,IT & Software,12350,12801,451
2023-05-01,Engineering,7500,IT & Software,12592,12277,-315
2023-06-01,Engineering,7500,IT & Software,12329,12473,144
2023-07-01,Engineering,7500,IT & Software,12580,12861,281
2023-08-01,Engineering,7500,IT & Software,12650,12312,-338
2023-09-01,Engineering,7500,IT & Software,12802,12485,-317
2023-10-01,Engineering,7500,IT & Software,12457,12255,-202
2023-11-01,Engineering,7500,IT & Software,12336,12116,-220
2023-12-01,Engineering,7500,IT & Software,12649,12531,-118
2024-01-01,Engineering,7500,IT & Software,12226,12459,233
2024-02-01,Engineering,7500,IT & Software,12793,13170,377
2024-03-01,Engineering,7500,IT & Software,12634,12398,-236
2024-04-01,Engineering,7500,IT & Software,12715,12488,-227
2024-05-01,Engineering,7500,IT & Software,12758,12776,18
2024-06-01,Engineering,7500,IT & Software,12871,13505,634
2024-07-01,Engineering,7500,IT & Software,12284,11799,-485
2024-08-01,Engineering,7500,IT & Software,12751,12592,-159
2024-09-01,Engineering,7500,IT & Software,12794,12362,-432
2024-10-01,Engineering,7500,IT & Software,12788,12361,-427
2024-11-01,Engineering,7500,IT & Software,12553,13145,592
2024-12-01,Engineering,7500,IT & Software,12252,12159,-93
2025-01-01,Engineering,7500,IT & Software,12351,12725,374
2025-02-01,Engineering,7500,IT & Software,12590,12903,313
2025-03-01,Engineering,7500,IT & Software,12636,12509,-127
2025-04-01,Engineering,7500,IT & Software,12446,12366,-80
2025-05-01,Engineering,7500,IT & Software,12444,12969,525
2025-06-01,Engineering,7500,IT & Software,12734,12763,29
2025-07-01,Engineering,7500,IT & Software,12687,12524,-163
2025-08-01,Engineering,7500,IT & Software,12714,12258,-456
2025-09-01,Engineering,7500,IT & Software,12618,12245,-373
2025-10-01,Engineering,7500,IT & Software,12686,12958,272
2025-11-01,Engineering,7500,IT & Software,12615,12301,-314
2025-12-01,Engineering,7500,IT & Software,12572,13120,548
2026-01-01,Engineering,7500,IT & Software,12923,13207,284
2026-02-01,Engineering,7500,IT & Software,12866,12397,-469
2026-03-01,Engineering,7500,IT & Software,12618,13034,416
2026-04-01,Engineering,7500,IT & Software,12229,12127,-102
2026-05-01,Engineering,7500,IT & Software,12336,11802,-534
2026-06-01,Engineering,7500,IT & Software,12961,12717,-244
2026-07-01,Engineering,7500,IT & Software,12364,12604,240
2023-01-01,Engineering,7600,Marketing,12629,12416,-213
2023-02-01,Engineering,7600,Marketing,12268,12230,-38
2023-03-01,Engineering,7600,Marketing,12340,12155,-185
2023-04-01,Engineering,7600,Marketing,12645,12299,-346
2023-05-01,Engineering,7600,Marketing,12697,13240,543
2023-06-01,Engineering,7600,Marketing,12430,12829,399
2023-07-01,Engineering,7600,Marketing,12878,12987,109
2023-08-01,Engineering,7600,Marketing,12453,12608,155
2023-09-01,Engineering,7600,Marketing,12527,12220,-307
2023-10-01,Engineering,7600,Marketing,12631,12832,201
2023-11-01,Engineering,7600,Marketing,12281,11854,-427
2023-12-01,Engineering,7600,Marketing,12774,12493,-281
2024-01-01,Engineering,7600,Marketing,12421,11927,-494
2024-02-01,Engineering,7600,Marketing,12824,12936,112
2024-03-01,Engineering,7600,Marketing,12801,12584,-217
2024-04-01,Engineering,7600,Marketing,12806,12924,118
2024-05-01,Engineering,7600,Marketing,12432,12814,382
2024-06-01,Engineering,7600,Marketing,12881,13098,217
2024-07-01,Engineering,7600,Marketing,12580,12162,-418
2024-08-01,Engineering,7600,Marketing,12814,13441,627
2024-09-01,Engineering,7600,Marketing,12291,12664,373
2024-10-01,Engineering,7600,Marketing,12333,11920,-413
2024-11-01,Engineering,7600,Marketing,12883,12655,-228
2024-12-01,Engineering,7600,Marketing,12899,12321,-578
2025-01-01,Engineering,7600,Marketing,12609,12533,-76
2025-02-01,Engineering,7600,Marketing,12725,12505,-220
2025-03-01,Engineering,7600,Marketing,12600,12118,-482
2025-04-01,Engineering,7600,Marketing,12645,12490,-155
2025-05-01,Engineering,7600,Marketing,12513,12481,-32
2025-06-01,Engineering,7600,Marketing,12458,12485,27
2025-07-01,Engineering,7600,Marketing,12623,13107,484
2025-08-01,Engineering,7600,Marketing,12859,13445,586
2025-09-01,Engineering,7600,Marketing,12937,13369,432
2025-10-01,Engineering,7600,Marketing,12760,13194,434
2025-11-01,Engineering,7600,Marketing,12646,12633,-13
2025-12-01,Engineering,7600,Marketing,12818,13056,238
2026-01-01,Engineering,7600,Marketing,12644,12562,-82
2026-02-01,Engineering,7600,Marketing,12485,11892,-593
2026-03-01,Engineering,7600,Marketing,12498,12456,-42
2026-04-01,Engineering,7600,Marketing,12729,13020,291
2026-05-01,Engineering,7600,Marketing,12384,12458,74
2026-06-01,Engineering,7600,Marketing,12976,13546,570
2026-07-01,Engineering,7600,Marketing,12511,12109,-402
2023-01-01,Engineering,8000,Research & Development,12787,12161,-626
2023-02-01,Engineering,8000,Research & Development,12556,12589,33
2023-03-01,Engineering,8000,Research & Development,12226,11994,-232
2023-04-01,Engineering,8000,Research & Development,12293,12132,-161
2023-05-01,Engineering,8000,Research & Development,12414,12937,523
2023-06-01,Engineering,8000,Research & Development,12681,12089,-592
2023-07-01,Engineering,8000,Research & Development,12430,12404,-26
2023-08-01,Engineering,8000,Research & Development,12255,12495,240
2023-09-01,Engineering,8000,Research & Development,12413,12568,155
2023-10-01,Engineering,8000,Research & Development,12956,13375,419
2023-11-01,Engineering,8000,Research & Development,12875,13426,551
2023-12-01,Engineering,8000,Research & Development,12976,13148,172
2024-01-01,Engineering,8000,Research & Development,12593,12560,-33
2024-02-01,Engineering,8000,Research & Development,12883,13206,323
2024-03-01,Engineering,8000,Research & Development,12832,12239,-593
2024-04-01,Engineering,8000,Research & Development,12244,12727,483
2024-05-01,Engineering,8000,Research & Development,12338,12629,291
2024-06-01,Engineering,8000,Research & Development,12880,12406,-474
2024-07-01,Engineering,8000,Research & Development,12539,12973,434
2024-08-01,Engineering,8000,Research & Development,12264,12433,169
2024-09-01,Engineering,8000,Research & Development,12269,11775,-494
2024-10-01,Engineering,8000,Research & Development,12633,13244,611
2024-11-01,Engineering,8000,Research & Development,12369,12510,141
2024-12-01,Engineering,8000,Research & Development,12235,12648,413
2025-01-01,Engineering,8000,Research & Development,12863,12627,-236
2025-02-01,Engineering,8000,Research & Development,12758,13276,518
2025-03-01,Engineering,8000,Research & Development,12666,13229,563
2025-04-01,Engineering,8000,Research & Development,12612,13168,556
2025-05-01,Engineering,8000,Research & Development,12527,12950,423
2025-06-01,Engineering,8000,Research & Development,12728,12174,-554
2025-07-01,Engineering,8000,Research & Development,12846,12848,2
2025-08-01,Engineering,8000,Research & Development,12773,12242,-531
2025-09-01,Engineering,8000,Research & Development,12557,12275,-282
2025-10-01,Engineering,8000,Research & Development,12372,12379,7
2025-11-01,Engineering,8000,Research & Development,12353,12658,305
2025-12-01,Engineering,8000,Research & Development,12855,12216,-639
2026-01-01,Engineering,8000,Research & Development,12429,12243,-186
2026-02-01,Engineering,8000,Research & Development,12480,12565,85
2026-03-01,Engineering,8000,Research & Development,12748,12832,84
2026-04-01,Engineering,8000,Research & Development,12572,12090,-482
2026-05-01,Engineering,8000,Research & Development,12290,12572,282
2026-06-01,Engineering,8000,Research & Development,12362,12475,113
2026-07-01,Engineering,8000,Research & Development,12952,13297,345
2023-01-01,Finance,6000,Cost of Goods Sold,85455,83041,-2414
2023-02-01,Finance,6000,Cost of Goods Sold,83368,79877,-3491
2023-03-01,Finance,6000,Cost of Goods Sold,85130,82974,-2156
2023-04-01,Finance,6000,Cost of Goods Sold,85700,86920,1220
2023-05-01,Finance,6000,Cost of Goods Sold,86023,83366,-2657
2023-06-01,Finance,6000,Cost of Goods Sold,85289,82157,-3132
2023-07-01,Finance,6000,Cost of Goods Sold,81749,83432,1683
2023-08-01,Finance,6000,Cost of Goods Sold,82377,79415,-2962
2023-09-01,Finance,6000,Cost of Goods Sold,83070,80794,-2276
2023-10-01,Finance,6000,Cost of Goods Sold,82429,85591,3162
2023-11-01,Finance,6000,Cost of Goods Sold,82373,80684,-1689
2023-12-01,Finance,6000,Cost of Goods Sold,84996,82995,-2001
2024-01-01,Finance,6000,Cost of Goods Sold,83949,84610,661
2024-02-01,Finance,6000,Cost of Goods Sold,83238,84419,1181
2024-03-01,Finance,6000,Cost of Goods Sold,83746,84843,1097
2024-04-01,Finance,6000,Cost of Goods Sold,85672,81703,-3969
2024-05-01,Finance,6000,Cost of Goods Sold,85687,84707,-980
2024-06-01,Finance,6000,Cost of Goods Sold,84191,81755,-2436
2024-07-01,Finance,6000,Cost of Goods Sold,85019,83718,-1301
2024-08-01,Finance,6000,Cost of Goods Sold,85567,88102,2535
2024-09-01,Finance,6000,Cost of Goods Sold,82526,84174,1648
2024-10-01,Finance,6000,Cost of Goods Sold,84019,86790,2771
2024-11-01,Finance,6000,Cost of Goods Sold,85483,81985,-3498
2024-12-01,Finance,6000,Cost of Goods Sold,85378,83314,-2064
2025-01-01,Finance,6000,Cost of Goods Sold,83837,79909,-3928
2025-02-01,Finance,6000,Cost of Goods Sold,82061,83360,1299
2025-03-01,Finance,6000,Cost of Goods Sold,82420,79451,-2969
2025-04-01,Finance,6000,Cost of Goods Sold,84438,83360,-1078
2025-05-01,Finance,6000,Cost of Goods Sold,83385,84122,737
2025-06-01,Finance,6000,Cost of Goods Sold,81651,83295,1644
2025-07-01,Finance,6000,Cost of Goods Sold,84653,87779,3126
2025-08-01,Finance,6000,Cost of Goods Sold,81520,80879,-641
2025-09-01,Finance,6000,Cost of Goods Sold,83167,84397,1230
2025-10-01,Finance,6000,Cost of Goods Sold,81985,85372,3387
2025-11-01,Finance,6000,Cost of Goods Sold,83024,82749,-275
2025-12-01,Finance,6000,Cost of Goods Sold,82418,78476,-3942
2026-01-01,Finance,6000,Cost of Goods Sold,85558,85185,-373
2026-02-01,Finance,6000,Cost of Goods Sold,84383,83834,-549
2026-03-01,Finance,6000,Cost of Goods Sold,83493,86282,2789
2026-04-01,Finance,6000,Cost of Goods Sold,82753,81704,-1049
2026-05-01,Finance,6000,Cost of Goods Sold,83183,84668,1485
2026-06-01,Finance,6000,Cost of Goods Sold,82993,86900,3907
2026-07-01,Finance,6000,Cost of Goods Sold,85902,88163,2261
2023-01-01,Finance,6100,Direct Materials,35842,35867,25
2023-02-01,Finance,6100,Direct Materials,34834,35789,955
2023-03-01,Finance,6100,Direct Materials,35953,35596,-357
2023-04-01,Finance,6100,Direct Materials,34010,34052,42
2023-05-01,Finance,6100,Direct Materials,35887,37274,1387
2023-06-01,Finance,6100,Direct Materials,35977,37570,1593
2023-07-01,Finance,6100,Direct Materials,34367,35991,1624
2023-08-01,Finance,6100,Direct Materials,35529,34214,-1315
2023-09-01,Finance,6100,Direct Materials,34650,36244,1594
2023-10-01,Finance,6100,Direct Materials,35988,35302,-686
2023-11-01,Finance,6100,Direct Materials,35558,36630,1072
2023-12-01,Finance,6100,Direct Materials,34913,33745,-1168
2024-01-01,Finance,6100,Direct Materials,33952,32755,-1197
2024-02-01,Finance,6100,Direct Materials,35804,35093,-711
2024-03-01,Finance,6100,Direct Materials,34119,33219,-900
2024-04-01,Finance,6100,Direct Materials,34377,32968,-1409
2024-05-01,Finance,6100,Direct Materials,34464,35101,637
2024-06-01,Finance,6100,Direct Materials,35726,35277,-449
2024-07-01,Finance,6100,Direct Materials,34952,34409,-543
2024-08-01,Finance,6100,Direct Materials,34939,35592,653
2024-09-01,Finance,6100,Direct Materials,35417,36879,1462
2024-10-01,Finance,6100,Direct Materials,35354,36525,1171
2024-11-01,Finance,6100,Direct Materials,35433,36365,932
2024-12-01,Finance,6100,Direct Materials,34151,32882,-1269
2025-01-01,Finance,6100,Direct Materials,35552,34249,-1303
2025-02-01,Finance,6100,Direct Materials,35574,36990,1416
2025-03-01,Finance,6100,Direct Materials,35672,36494,822
2025-04-01,Finance,6100,Direct Materials,34842,34472,-370
2025-05-01,Finance,6100,Direct Materials,34100,34060,-40
2025-06-01,Finance,6100,Direct Materials,35505,35812,307
2025-07-01,Finance,6100,Direct Materials,34416,34789,373
2025-08-01,Finance,6100,Direct Materials,35562,35097,-465
2025-09-01,Finance,6100,Direct Materials,34664,35784,1120
2025-10-01,Finance,6100,Direct Materials,35232,36119,887
2025-11-01,Finance,6100,Direct Materials,35871,36393,522
2025-12-01,Finance,6100,Direct Materials,34240,33172,-1068
2026-01-01,Finance,6100,Direct Materials,34394,34172,-222
2026-02-01,Finance,6100,Direct Materials,34663,38343,3680
2026-03-01,Finance,6100,Direct Materials,34844,38029,3185
2026-04-01,Finance,6100,Direct Materials,34762,38685,3923
2026-05-01,Finance,6100,Direct Materials,34023,38049,4026
2026-06-01,Finance,6100,Direct Materials,34836,37851,3015
2026-07-01,Finance,6100,Direct Materials,35383,39394,4011
2023-01-01,Finance,6200,Direct Labor,25147,24097,-1050
2023-02-01,Finance,6200,Direct Labor,25481,24465,-1016
2023-03-01,Finance,6200,Direct Labor,25748,26530,782
2023-04-01,Finance,6200,Direct Labor,24462,24019,-443
2023-05-01,Finance,6200,Direct Labor,25313,25019,-294
2023-06-01,Finance,6200,Direct Labor,25131,25096,-35
2023-07-01,Finance,6200,Direct Labor,25895,25640,-255
2023-08-01,Finance,6200,Direct Labor,25610,25105,-505
2023-09-01,Finance,6200,Direct Labor,24835,25168,333
2023-10-01,Finance,6200,Direct Labor,25357,26124,767
2023-11-01,Finance,6200,Direct Labor,25125,24805,-320
2023-12-01,Finance,6200,Direct Labor,25160,24745,-415
2024-01-01,Finance,6200,Direct Labor,25253,24912,-341
2024-02-01,Finance,6200,Direct Labor,25632,26864,1232
2024-03-01,Finance,6200,Direct Labor,25248,24954,-294
2024-04-01,Finance,6200,Direct Labor,25464,24574,-890
2024-05-01,Finance,6200,Direct Labor,24954,26037,1083
2024-06-01,Finance,6200,Direct Labor,25336,24570,-766
2024-07-01,Finance,6200,Direct Labor,25673,26257,584
2024-08-01,Finance,6200,Direct Labor,25132,23997,-1135
2024-09-01,Finance,6200,Direct Labor,24870,23929,-941
2024-10-01,Finance,6200,Direct Labor,25184,24849,-335
2024-11-01,Finance,6200,Direct Labor,25788,26269,481
2024-12-01,Finance,6200,Direct Labor,24826,24422,-404
2025-01-01,Finance,6200,Direct Labor,24892,25686,794
2025-02-01,Finance,6200,Direct Labor,25265,24453,-812
2025-03-01,Finance,6200,Direct Labor,24984,23779,-1205
2025-04-01,Finance,6200,Direct Labor,24935,25274,339
2025-05-01,Finance,6200,Direct Labor,25345,24983,-362
2025-06-01,Finance,6200,Direct Labor,24499,25084,585
2025-07-01,Finance,6200,Direct Labor,24820,23788,-1032
2025-08-01,Finance,6200,Direct Labor,24587,25145,558
2025-09-01,Finance,6200,Direct Labor,25401,25226,-175
2025-10-01,Finance,6200,Direct Labor,24859,26032,1173
2025-11-01,Finance,6200,Direct Labor,25486,24834,-652
2025-12-01,Finance,6200,Direct Labor,25692,26552,860
2026-01-01,Finance,6200,Direct Labor,25552,25612,60
2026-02-01,Finance,6200,Direct Labor,25137,24073,-1064
2026-03-01,Finance,6200,Direct Labor,25008,24125,-883
2026-04-01,Finance,6200,Direct Labor,25921,26278,357
2026-05-01,Finance,6200,Direct Labor,25778,25474,-304
2026-06-01,Finance,6200,Direct Labor,25926,24834,-1092
2026-07-01,Finance,6200,Direct Labor,25846,26490,644
2023-01-01,Finance,6300,Manufacturing Overhead,13935,13269,-666
2023-02-01,Finance,6300,Manufacturing Overhead,14378,14028,-350
2023-03-01,Finance,6300,Manufacturing Overhead,14128,14669,541
2023-04-01,Finance,6300,Manufacturing Overhead,14283,14188,-95
2023-05-01,Finance,6300,Manufacturing Overhead,13678,13256,-422
2023-06-01,Finance,6300,Manufacturing Overhead,13799,13527,-272
2023-07-01,Finance,6300,Manufacturing Overhead,14012,14508,496
2023-08-01,Finance,6300,Manufacturing Overhead,13785,14197,412
2023-09-01,Finance,6300,Manufacturing Overhead,13894,13856,-38
2023-10-01,Finance,6300,Manufacturing Overhead,14219,14129,-90
2023-11-01,Finance,6300,Manufacturing Overhead,14207,14602,395
2023-12-01,Finance,6300,Manufacturing Overhead,13813,14050,237
2024-01-01,Finance,6300,Manufacturing Overhead,14088,14665,577
2024-02-01,Finance,6300,Manufacturing Overhead,14150,13828,-322
2024-03-01,Finance,6300,Manufacturing Overhead,13922,13252,-670
2024-04-01,Finance,6300,Manufacturing Overhead,13928,13412,-516
2024-05-01,Finance,6300,Manufacturing Overhead,13804,13941,137
2024-06-01,Finance,6300,Manufacturing Overhead,14400,14138,-262
2024-07-01,Finance,6300,Manufacturing Overhead,13766,13103,-663
2024-08-01,Finance,6300,Manufacturing Overhead,13853,13249,-604
2024-09-01,Finance,6300,Manufacturing Overhead,13822,14115,293
2024-10-01,Finance,6300,Manufacturing Overhead,14275,14400,125
2024-11-01,Finance,6300,Manufacturing Overhead,14113,13871,-242
2024-12-01,Finance,6300,Manufacturing Overhead,13907,14505,598
2025-01-01,Finance,6300,Manufacturing Overhead,13591,13374,-217
2025-02-01,Finance,6300,Manufacturing Overhead,13871,13794,-77
2025-03-01,Finance,6300,Manufacturing Overhead,13968,14307,339
2025-04-01,Finance,6300,Manufacturing Overhead,13757,14029,272
2025-05-01,Finance,6300,Manufacturing Overhead,14145,13799,-346
2025-06-01,Finance,6300,Manufacturing Overhead,13607,14086,479
2025-07-01,Finance,6300,Manufacturing Overhead,14393,14582,189
2025-08-01,Finance,6300,Manufacturing Overhead,14052,13835,-217
2025-09-01,Finance,6300,Manufacturing Overhead,13754,14421,667
2025-10-01,Finance,6300,Manufacturing Overhead,13890,13601,-289
2025-11-01,Finance,6300,Manufacturing Overhead,13845,14087,242
2025-12-01,Finance,6300,Manufacturing Overhead,13605,13775,170
2026-01-01,Finance,6300,Manufacturing Overhead,13720,13516,-204
2026-02-01,Finance,6300,Manufacturing Overhead,13942,14633,691
2026-03-01,Finance,6300,Manufacturing Overhead,13600,14244,644
2026-04-01,Finance,6300,Manufacturing Overhead,14047,14034,-13
2026-05-01,Finance,6300,Manufacturing Overhead,13777,14357,580
2026-06-01,Finance,6300,Manufacturing Overhead,13691,13838,147
2026-07-01,Finance,6300,Manufacturing Overhead,14294,13718,-576
2023-01-01,Finance,7000,Salaries & Benefits,27527,28882,1355
2023-02-01,Finance,7000,Salaries & Benefits,28119,27215,-904
2023-03-01,Finance,7000,Salaries & Benefits,27427,28188,761
2023-04-01,Finance,7000,Salaries & Benefits,28394,28113,-281
2023-05-01,Finance,7000,Salaries & Benefits,27846,28546,700
2023-06-01,Finance,7000,Salaries & Benefits,27863,28140,277
2023-07-01,Finance,7000,Salaries & Benefits,27697,27318,-379
2023-08-01,Finance,7000,Salaries & Benefits,27337,28389,1052
2023-09-01,Finance,7000,Salaries & Benefits,28773,29526,753
2023-10-01,Finance,7000,Salaries & Benefits,27694,27793,99
2023-11-01,Finance,7000,Salaries & Benefits,27819,28818,999
2023-12-01,Finance,7000,Salaries & Benefits,27991,27890,-101
2024-01-01,Finance,7000,Salaries & Benefits,28548,28404,-144
2024-02-01,Finance,7000,Salaries & Benefits,28712,27786,-926
2024-03-01,Finance,7000,Salaries & Benefits,27645,27735,90
2024-04-01,Finance,7000,Salaries & Benefits,27721,27621,-100
2024-05-01,Finance,7000,Salaries & Benefits,27449,28567,1118
2024-06-01,Finance,7000,Salaries & Benefits,27804,28230,426
2024-07-01,Finance,7000,Salaries & Benefits,28797,28539,-258
2024-08-01,Finance,7000,Salaries & Benefits,28229,28565,336
2024-09-01,Finance,7000,Salaries & Benefits,27393,27721,328
2024-10-01,Finance,7000,Salaries & Benefits,28838,29125,287
2024-11-01,Finance,7000,Salaries & Benefits,28390,29655,1265
2024-12-01,Finance,7000,Salaries & Benefits,27706,27013,-693
2025-01-01,Finance,7000,Salaries & Benefits,28116,28037,-79
2025-02-01,Finance,7000,Salaries & Benefits,27313,26959,-354
2025-03-01,Finance,7000,Salaries & Benefits,28408,29497,1089
2025-04-01,Finance,7000,Salaries & Benefits,28259,28406,147
2025-05-01,Finance,7000,Salaries & Benefits,28611,29613,1002
2025-06-01,Finance,7000,Salaries & Benefits,27431,27072,-359
2025-07-01,Finance,7000,Salaries & Benefits,28629,27699,-930
2025-08-01,Finance,7000,Salaries & Benefits,28734,29945,1211
2025-09-01,Finance,7000,Salaries & Benefits,27702,27129,-573
2025-10-01,Finance,7000,Salaries & Benefits,28663,27823,-840
2025-11-01,Finance,7000,Salaries & Benefits,27935,27223,-712
2025-12-01,Finance,7000,Salaries & Benefits,28173,29553,1380
2026-01-01,Finance,7000,Salaries & Benefits,28499,29846,1347
2026-02-01,Finance,7000,Salaries & Benefits,28000,26911,-1089
2026-03-01,Finance,7000,Salaries & Benefits,28175,27700,-475
2026-04-01,Finance,7000,Salaries & Benefits,28706,27728,-978
2026-05-01,Finance,7000,Salaries & Benefits,27937,29229,1292
2026-06-01,Finance,7000,Salaries & Benefits,27172,25901,-1271
2026-07-01,Finance,7000,Salaries & Benefits,28297,29336,1039
2023-01-01,Finance,7100,Travel & Entertainment,4325,4482,157
2023-02-01,Finance,7100,Travel & Entertainment,4092,4058,-34
2023-03-01,Finance,7100,Travel & Entertainment,4140,4229,89
2023-04-01,Finance,7100,Travel & Entertainment,4104,4218,114
2023-05-01,Finance,7100,Travel & Entertainment,4237,4251,14
2023-06-01,Finance,7100,Travel & Entertainment,4080,4072,-8
2023-07-01,Finance,7100,Travel & Entertainment,4257,4169,-88
2023-08-01,Finance,7100,Travel & Entertainment,4174,4309,135
2023-09-01,Finance,7100,Travel & Entertainment,4268,4210,-58
2023-10-01,Finance,7100,Travel & Entertainment,4255,4260,5
2023-11-01,Finance,7100,Travel & Entertainment,4238,4208,-30
2023-12-01,Finance,7100,Travel & Entertainment,4105,3960,-145
2024-01-01,Finance,7100,Travel & Entertainment,4140,4275,135
2024-02-01,Finance,7100,Travel & Entertainment,4264,4098,-166
2024-03-01,Finance,7100,Travel & Entertainment,4117,4081,-36
2024-04-01,Finance,7100,Travel & Entertainment,4160,4332,172
2024-05-01,Finance,7100,Travel & Entertainment,4274,4150,-124
2024-06-01,Finance,7100,Travel & Entertainment,4098,4156,58
2024-07-01,Finance,7100,Travel & Entertainment,4093,4256,163
2024-08-01,Finance,7100,Travel & Entertainment,4198,4091,-107
2024-09-01,Finance,7100,Travel & Entertainment,4140,4055,-85
2024-10-01,Finance,7100,Travel & Entertainment,4186,4306,120
2024-11-01,Finance,7100,Travel & Entertainment,4250,4279,29
2024-12-01,Finance,7100,Travel & Entertainment,4224,4334,110
2025-01-01,Finance,7100,Travel & Entertainment,4111,4024,-87
2025-02-01,Finance,7100,Travel & Entertainment,4130,4077,-53
2025-03-01,Finance,7100,Travel & Entertainment,4165,4078,-87
2025-04-01,Finance,7100,Travel & Entertainment,4312,4165,-147
2025-05-01,Finance,7100,Travel & Entertainment,4234,4224,-10
2025-06-01,Finance,7100,Travel & Entertainment,4185,4099,-86
2025-07-01,Finance,7100,Travel & Entertainment,4261,4344,83
2025-08-01,Finance,7100,Travel & Entertainment,4111,4026,-85
2025-09-01,Finance,7100,Travel & Entertainment,4171,4228,57
2025-10-01,Finance,7100,Travel & Entertainment,4081,3963,-118
2025-11-01,Finance,7100,Travel & Entertainment,4150,4185,35
2025-12-01,Finance,7100,Travel & Entertainment,4139,4231,92
2026-01-01,Finance,7100,Travel & Entertainment,4262,4473,211
2026-02-01,Finance,7100,Travel & Entertainment,4176,4225,49
2026-03-01,Finance,7100,Travel & Entertainment,4117,4053,-64
2026-04-01,Finance,7100,Travel & Entertainment,4113,4258,145
2026-05-01,Finance,7100,Travel & Entertainment,4153,4101,-52
2026-06-01,Finance,7100,Travel & Entertainment,4292,4286,-6
2026-07-01,Finance,7100,Travel & Entertainment,4117,4127,10
2023-01-01,Finance,7200,Professional Services,6864,7137,273
2023-02-01,Finance,7200,Professional Services,6796,7100,304
2023-03-01,Finance,7200,Professional Services,6934,6802,-132
2023-04-01,Finance,7200,Professional Services,6884,6731,-153
2023-05-01,Finance,7200,Professional Services,7117,7323,206
2023-06-01,Finance,7200,Professional Services,7063,6962,-101
2023-07-01,Finance,7200,Professional Services,6983,7271,288
2023-08-01,Finance,7200,Professional Services,7171,7415,244
2023-09-01,Finance,7200,Professional Services,7145,7347,202
2023-10-01,Finance,7200,Professional Services,7010,6820,-190
2023-11-01,Finance,7200,Professional Services,6875,6988,113
2023-12-01,Finance,7200,Professional Services,6957,6678,-279
2024-01-01,Finance,7200,Professional Services,6928,6628,-300
2024-02-01,Finance,7200,Professional Services,7022,7046,24
2024-03-01,Finance,7200,Professional Services,7101,7366,265
2024-04-01,Finance,7200,Professional Services,7198,6878,-320
2024-05-01,Finance,7200,Professional Services,7028,6851,-177
2024-06-01,Finance,7200,Professional Services,6898,7063,165
2024-07-01,Finance,7200,Professional Services,7080,7187,107
2024-08-01,Finance,7200,Professional Services,6893,7024,131
2024-09-01,Finance,7200,Professional Services,6982,6661,-321
2024-10-01,Finance,7200,Professional Services,7046,7083,37
2024-11-01,Finance,7200,Professional Services,6828,6616,-212
2024-12-01,Finance,7200,Professional Services,7139,6828,-311
2025-01-01,Finance,7200,Professional Services,7169,7185,16
2025-02-01,Finance,7200,Professional Services,6816,6630,-186
2025-03-01,Finance,7200,Professional Services,7036,7093,57
2025-04-01,Finance,7200,Professional Services,6985,7011,26
2025-05-01,Finance,7200,Professional Services,7118,6989,-129
2025-06-01,Finance,7200,Professional Services,7056,6842,-214
2025-07-01,Finance,7200,Professional Services,6839,6554,-285
2025-08-01,Finance,7200,Professional Services,6873,6902,29
2025-09-01,Finance,7200,Professional Services,6880,6871,-9
2025-10-01,Finance,7200,Professional Services,7029,7086,57
2025-11-01,Finance,7200,Professional Services,7152,6874,-278
2025-12-01,Finance,7200,Professional Services,7162,7361,199
2026-01-01,Finance,7200,Professional Services,6872,7082,210
2026-02-01,Finance,7200,Professional Services,7048,7017,-31
2026-03-01,Finance,7200,Professional Services,6790,6963,173
2026-04-01,Finance,7200,Professional Services,7043,7038,-5
2026-05-01,Finance,7200,Professional Services,6864,6869,5
2026-06-01,Finance,7200,Professional Services,7006,7322,316
2026-07-01,Finance,7200,Professional Services,6916,7170,254
2023-01-01,Finance,7300,Facilities,8274,8088,-186
2023-02-01,Finance,7300,Facilities,8431,8270,-161
2023-03-01,Finance,7300,Facilities,8370,8769,399
2023-04-01,Finance,7300,Facilities,8625,8614,-11
2023-05-01,Finance,7300,Facilities,8309,8703,394
2023-06-01,Finance,7300,Facilities,8385,8103,-282
2023-07-01,Finance,7300,Facilities,8181,8125,-56
2023-08-01,Finance,7300,Facilities,8302,8655,353
2023-09-01,Finance,7300,Facilities,8371,8486,115
2023-10-01,Finance,7300,Facilities,8419,8152,-267
2023-11-01,Finance,7300,Facilities,8541,8766,225
2023-12-01,Finance,7300,Facilities,8255,8256,1
2024-01-01,Finance,7300,Facilities,8309,8334,25
2024-02-01,Finance,7300,Facilities,8200,8036,-164
2024-03-01,Finance,7300,Facilities,8455,8515,60
2024-04-01,Finance,7300,Facilities,8226,7943,-283
2024-05-01,Finance,7300,Facilities,8534,8778,244
2024-06-01,Finance,7300,Facilities,8578,8672,94
2024-07-01,Finance,7300,Facilities,8227,8603,376
2024-08-01,Finance,7300,Facilities,8643,8776,133
2024-09-01,Finance,7300,Facilities,8546,8785,239
2024-10-01,Finance,7300,Facilities,8284,8643,359
2024-11-01,Finance,7300,Facilities,8386,8685,299
2024-12-01,Finance,7300,Facilities,8301,8006,-295
2025-01-01,Finance,7300,Facilities,8316,8195,-121
2025-02-01,Finance,7300,Facilities,8524,8481,-43
2025-03-01,Finance,7300,Facilities,8362,8273,-89
2025-04-01,Finance,7300,Facilities,8358,8577,219
2025-05-01,Finance,7300,Facilities,8352,8743,391
2025-06-01,Finance,7300,Facilities,8326,8580,254
2025-07-01,Finance,7300,Facilities,8639,8870,231
2025-08-01,Finance,7300,Facilities,8158,8325,167
2025-09-01,Finance,7300,Facilities,8253,8432,179
2025-10-01,Finance,7300,Facilities,8297,8192,-105
2025-11-01,Finance,7300,Facilities,8310,8552,242
2025-12-01,Finance,7300,Facilities,8312,8362,50
2026-01-01,Finance,7300,Facilities,8249,8014,-235
2026-02-01,Finance,7300,Facilities,8401,8700,299
2026-03-01,Finance,7300,Facilities,8202,7991,-211
2026-04-01,Finance,7300,Facilities,8312,8295,-17
2026-05-01,Finance,7300,Facilities,8512,8486,-26
2026-06-01,Finance,7300,Facilities,8637,8245,-392
2026-07-01,Finance,7300,Facilities,8480,8639,159
2023-01-01,Finance,7400,Depreciation,5737,5730,-7
2023-02-01,Finance,7400,Depreciation,5526,5585,59
2023-03-01,Finance,7400,Depreciation,5558,5336,-222
2023-04-01,Finance,7400,Depreciation,5647,5521,-126
2023-05-01,Finance,7400,Depreciation,5556,5791,235
2023-06-01,Finance,7400,Depreciation,5469,5269,-200
2023-07-01,Finance,7400,Depreciation,5684,5584,-100
2023-08-01,Finance,7400,Depreciation,5692,5643,-49
2023-09-01,Finance,7400,Depreciation,5483,5291,-192
2023-10-01,Finance,7400,Depreciation,5532,5366,-166
2023-11-01,Finance,7400,Depreciation,5462,5323,-139
2023-12-01,Finance,7400,Depreciation,5624,5772,148
2024-01-01,Finance,7400,Depreciation,5520,5537,17
2024-02-01,Finance,7400,Depreciation,5530,5266,-264
2024-03-01,Finance,7400,Depreciation,5691,5445,-246
2024-04-01,Finance,7400,Depreciation,5696,5816,120
2024-05-01,Finance,7400,Depreciation,5537,5733,196
2024-06-01,Finance,7400,Depreciation,5736,5705,-31
2024-07-01,Finance,7400,Depreciation,5729,5548,-181
2024-08-01,Finance,7400,Depreciation,5589,5567,-22
2024-09-01,Finance,7400,Depreciation,5544,5642,98
2024-10-01,Finance,7400,Depreciation,5669,5530,-139
2024-11-01,Finance,7400,Depreciation,5683,5412,-271
2024-12-01,Finance,7400,Depreciation,5472,5423,-49
2025-01-01,Finance,7400,Depreciation,5565,5557,-8
2025-02-01,Finance,7400,Depreciation,5448,5463,15
2025-03-01,Finance,7400,Depreciation,5739,5746,7
2025-04-01,Finance,7400,Depreciation,5437,5403,-34
2025-05-01,Finance,7400,Depreciation,5443,5445,2
2025-06-01,Finance,7400,Depreciation,5700,5865,165
2025-07-01,Finance,7400,Depreciation,5597,5639,42
2025-08-01,Finance,7400,Depreciation,5645,5777,132
2025-09-01,Finance,7400,Depreciation,5622,5889,267
2025-10-01,Finance,7400,Depreciation,5694,5712,18
2025-11-01,Finance,7400,Depreciation,5700,5897,197
2025-12-01,Finance,7400,Depreciation,5461,5692,231
2026-01-01,Finance,7400,Depreciation,5637,5915,278
2026-02-01,Finance,7400,Depreciation,5685,5837,152
2026-03-01,Finance,7400,Depreciation,5577,5453,-124
2026-04-01,Finance,7400,Depreciation,5584,5796,212
2026-05-01,Finance,7400,Depreciation,5680,5765,85
2026-06-01,Finance,7400,Depreciation,5457,5538,81
2026-07-01,Finance,7400,Depreciation,5546,5561,15
2023-01-01,Finance,7500,IT & Software,4249,4385,136
2023-02-01,Finance,7500,IT & Software,4183,3983,-200
2023-03-01,Finance,7500,IT & Software,4219,4011,-208
2023-04-01,Finance,7500,IT & Software,4283,4077,-206
2023-05-01,Finance,7500,IT & Software,4131,4101,-30
2023-06-01,Finance,7500,IT & Software,4139,4024,-115
2023-07-01,Finance,7500,IT & Software,4244,4170,-74
2023-08-01,Finance,7500,IT & Software,4189,4258,69
2023-09-01,Finance,7500,IT & Software,4268,4300,32
2023-10-01,Finance,7500,IT & Software,4163,4321,158
2023-11-01,Finance,7500,IT & Software,4293,4144,-149
2023-12-01,Finance,7500,IT & Software,4269,4144,-125
2024-01-01,Finance,7500,IT & Software,4120,3925,-195
2024-02-01,Finance,7500,IT & Software,4226,4372,146
2024-03-01,Finance,7500,IT & Software,4270,4287,17
2024-04-01,Finance,7500,IT & Software,4315,4241,-74
2024-05-01,Finance,7500,IT & Software,4153,4041,-112
2024-06-01,Finance,7500,IT & Software,4127,4046,-81
2024-07-01,Finance,7500,IT & Software,4181,4085,-96
2024-08-01,Finance,7500,IT & Software,4310,4188,-122
2024-09-01,Finance,7500,IT & Software,4164,4013,-151
2024-10-01,Finance,7500,IT & Software,4301,4275,-26
2024-11-01,Finance,7500,IT & Software,4284,4230,-54
2024-12-01,Finance,7500,IT & Software,4186,4288,102
2025-01-01,Finance,7500,IT & Software,4260,4209,-51
2025-02-01,Finance,7500,IT & Software,4187,4145,-42
2025-03-01,Finance,7500,IT & Software,4126,4077,-49
2025-04-01,Finance,7500,IT & Software,4279,4105,-174
2025-05-01,Finance,7500,IT & Software,4118,4288,170
2025-06-01,Finance,7500,IT & Software,4257,4096,-161
2025-07-01,Finance,7500,IT & Software,4265,4103,-162
2025-08-01,Finance,7500,IT & Software,4197,4241,44
2025-09-01,Finance,7500,IT & Software,4263,4185,-78
2025-10-01,Finance,7500,IT & Software,4122,4322,200
2025-11-01,Finance,7500,IT & Software,4276,4216,-60
2025-12-01,Finance,7500,IT & Software,4138,3977,-161
2026-01-01,Finance,7500,IT & Software,4189,3983,-206
2026-02-01,Finance,7500,IT & Software,4276,4233,-43
2026-03-01,Finance,7500,IT & Software,4290,4228,-62
2026-04-01,Finance,7500,IT & Software,4312,4457,145
2026-05-01,Finance,7500,IT & Software,4183,4328,145
2026-06-01,Finance,7500,IT & Software,4150,4357,207
2026-07-01,Finance,7500,IT & Software,4095,4154,59
2023-01-01,Finance,7600,Marketing,4172,4160,-12
2023-02-01,Finance,7600,Marketing,4314,4217,-97
2023-03-01,Finance,7600,Marketing,4237,4162,-75
2023-04-01,Finance,7600,Marketing,4109,4006,-103
2023-05-01,Finance,7600,Marketing,4216,4059,-157
2023-06-01,Finance,7600,Marketing,4113,4193,80
2023-07-01,Finance,7600,Marketing,4266,4079,-187
2023-08-01,Finance,7600,Marketing,4276,4433,157
2023-09-01,Finance,7600,Marketing,4241,4187,-54
2023-10-01,Finance,7600,Marketing,4179,4036,-143
2023-11-01,Finance,7600,Marketing,4117,4297,180
2023-12-01,Finance,7600,Marketing,4317,4421,104
2024-01-01,Finance,7600,Marketing,4278,4142,-136
2024-02-01,Finance,7600,Marketing,4296,4128,-168
2024-03-01,Finance,7600,Marketing,4115,4114,-1
2024-04-01,Finance,7600,Marketing,4151,4203,52
2024-05-01,Finance,7600,Marketing,4303,4202,-101
2024-06-01,Finance,7600,Marketing,4155,4273,118
2024-07-01,Finance,7600,Marketing,4158,4320,162
2024-08-01,Finance,7600,Marketing,4083,4235,152
2024-09-01,Finance,7600,Marketing,4304,4109,-195
2024-10-01,Finance,7600,Marketing,4169,4210,41
2024-11-01,Finance,7600,Marketing,4206,4062,-144
2024-12-01,Finance,7600,Marketing,4078,4240,162
2025-01-01,Finance,7600,Marketing,4097,4297,200
2025-02-01,Finance,7600,Marketing,4102,4092,-10
2025-03-01,Finance,7600,Marketing,4322,4476,154
2025-04-01,Finance,7600,Marketing,4209,4055,-154
2025-05-01,Finance,7600,Marketing,4226,4284,58
2025-06-01,Finance,7600,Marketing,4152,4139,-13
2025-07-01,Finance,7600,Marketing,4302,4142,-160
2025-08-01,Finance,7600,Marketing,4239,4182,-57
2025-09-01,Finance,7600,Marketing,4229,4320,91
2025-10-01,Finance,7600,Marketing,4194,4298,104
2025-11-01,Finance,7600,Marketing,4289,4159,-130
2025-12-01,Finance,7600,Marketing,4129,3976,-153
2026-01-01,Finance,7600,Marketing,4311,4193,-118
2026-02-01,Finance,7600,Marketing,4095,3929,-166
2026-03-01,Finance,7600,Marketing,4176,4338,162
2026-04-01,Finance,7600,Marketing,4101,3989,-112
2026-05-01,Finance,7600,Marketing,4121,4187,66
2026-06-01,Finance,7600,Marketing,4157,4354,197
2026-07-01,Finance,7600,Marketing,4242,4250,8
2023-01-01,HR,6000,Cost of Goods Sold,63292,65720,2428
2023-02-01,HR,6000,Cost of Goods Sold,63982,61626,-2356
2023-03-01,HR,6000,Cost of Goods Sold,62705,63716,1011
2023-04-01,HR,6000,Cost of Goods Sold,63300,66051,2751
2023-05-01,HR,6000,Cost of Goods Sold,61239,63725,2486
2023-06-01,HR,6000,Cost of Goods Sold,62565,59737,-2828
2023-07-01,HR,6000,Cost of Goods Sold,61858,59892,-1966
2023-08-01,HR,6000,Cost of Goods Sold,61650,58778,-2872
2023-09-01,HR,6000,Cost of Goods Sold,64114,61946,-2168
2023-10-01,HR,6000,Cost of Goods Sold,62329,62778,449
2023-11-01,HR,6000,Cost of Goods Sold,62939,61957,-982
2023-12-01,HR,6000,Cost of Goods Sold,63487,65499,2012
2024-01-01,HR,6000,Cost of Goods Sold,63292,62989,-303
2024-02-01,HR,6000,Cost of Goods Sold,61922,62673,751
2024-03-01,HR,6000,Cost of Goods Sold,63173,60759,-2414
2024-04-01,HR,6000,Cost of Goods Sold,62166,63835,1669
2024-05-01,HR,6000,Cost of Goods Sold,64602,63551,-1051
2024-06-01,HR,6000,Cost of Goods Sold,64484,62906,-1578
2024-07-01,HR,6000,Cost of Goods Sold,64160,64079,-81
2024-08-01,HR,6000,Cost of Goods Sold,63185,64216,1031
2024-09-01,HR,6000,Cost of Goods Sold,63635,62632,-1003
2024-10-01,HR,6000,Cost of Goods Sold,63072,60316,-2756
2024-11-01,HR,6000,Cost of Goods Sold,62491,63380,889
2024-12-01,HR,6000,Cost of Goods Sold,64757,62337,-2420
2025-01-01,HR,6000,Cost of Goods Sold,61969,61705,-264
2025-02-01,HR,6000,Cost of Goods Sold,61530,61841,311
2025-03-01,HR,6000,Cost of Goods Sold,62228,64551,2323
2025-04-01,HR,6000,Cost of Goods Sold,62271,61873,-398
2025-05-01,HR,6000,Cost of Goods Sold,64831,62127,-2704
2025-06-01,HR,6000,Cost of Goods Sold,64387,64417,30
2025-07-01,HR,6000,Cost of Goods Sold,62613,65376,2763
2025-08-01,HR,6000,Cost of Goods Sold,64884,62904,-1980
2025-09-01,HR,6000,Cost of Goods Sold,64285,62497,-1788
2025-10-01,HR,6000,Cost of Goods Sold,61173,62601,1428
2025-11-01,HR,6000,Cost of Goods Sold,62448,63078,630
2025-12-01,HR,6000,Cost of Goods Sold,61684,63904,2220
2026-01-01,HR,6000,Cost of Goods Sold,63095,64989,1894
2026-02-01,HR,6000,Cost of Goods Sold,62481,60797,-1684
2026-03-01,HR,6000,Cost of Goods Sold,64690,64890,200
2026-04-01,HR,6000,Cost of Goods Sold,62526,60026,-2500
2026-05-01,HR,6000,Cost of Goods Sold,61736,62565,829
2026-06-01,HR,6000,Cost of Goods Sold,63447,65625,2178
2026-07-01,HR,6000,Cost of Goods Sold,63949,61724,-2225
2023-01-01,HR,6100,Direct Materials,26946,27242,296
2023-02-01,HR,6100,Direct Materials,26814,26220,-594
2023-03-01,HR,6100,Direct Materials,26973,28184,1211
2023-04-01,HR,6100,Direct Materials,25929,26969,1040
2023-05-01,HR,6100,Direct Materials,26993,28056,1063
2023-06-01,HR,6100,Direct Materials,26200,25247,-953
2023-07-01,HR,6100,Direct Materials,26940,25594,-1346
2023-08-01,HR,6100,Direct Materials,25858,26002,144
2023-09-01,HR,6100,Direct Materials,25953,27051,1098
2023-10-01,HR,6100,Direct Materials,26428,27642,1214
2023-11-01,HR,6100,Direct Materials,25556,25327,-229
2023-12-01,HR,6100,Direct Materials,25689,26517,828
2024-01-01,HR,6100,Direct Materials,26667,27486,819
2024-02-01,HR,6100,Direct Materials,26960,26266,-694
2024-03-01,HR,6100,Direct Materials,26701,27091,390
2024-04-01,HR,6100,Direct Materials,26078,25278,-800
2024-05-01,HR,6100,Direct Materials,26777,25627,-1150
2024-06-01,HR,6100,Direct Materials,26980,26376,-604
2024-07-01,HR,6100,Direct Materials,26868,25856,-1012
2024-08-01,HR,6100,Direct Materials,26627,27810,1183
2024-09-01,HR,6100,Direct Materials,25702,25556,-146
2024-10-01,HR,6100,Direct Materials,26521,27212,691
2024-11-01,HR,6100,Direct Materials,25479,24504,-975
2024-12-01,HR,6100,Direct Materials,25953,24922,-1031
2025-01-01,HR,6100,Direct Materials,26452,26376,-76
2025-02-01,HR,6100,Direct Materials,26503,25970,-533
2025-03-01,HR,6100,Direct Materials,25659,26282,623
2025-04-01,HR,6100,Direct Materials,26178,25053,-1125
2025-05-01,HR,6100,Direct Materials,27004,28113,1109
2025-06-01,HR,6100,Direct Materials,26000,25407,-593
2025-07-01,HR,6100,Direct Materials,27019,26699,-320
2025-08-01,HR,6100,Direct Materials,26866,25826,-1040
2025-09-01,HR,6100,Direct Materials,26197,26420,223
2025-10-01,HR,6100,Direct Materials,26843,27357,514
2025-11-01,HR,6100,Direct Materials,26714,27404,690
2025-12-01,HR,6100,Direct Materials,25816,24791,-1025
2026-01-01,HR,6100,Direct Materials,27034,27313,279
2026-02-01,HR,6100,Direct Materials,26406,28901,2495
2026-03-01,HR,6100,Direct Materials,26832,29692,2860
2026-04-01,HR,6100,Direct Materials,26780,29954,3174
2026-05-01,HR,6100,Direct Materials,26127,28884,2757
2026-06-01,HR,6100,Direct Materials,26825,29272,2447
2026-07-01,HR,6100,Direct Materials,26603,29025,2422
2023-01-01,HR,6200,Direct Labor,18618,18633,15
2023-02-01,HR,6200,Direct Labor,18809,19442,633
2023-03-01,HR,6200,Direct Labor,19448,18637,-811
2023-04-01,HR,6200,Direct Labor,18448,19012,564
2023-05-01,HR,6200,Direct Labor,18608,18599,-9
2023-06-01,HR,6200,Direct Labor,19003,19318,315
2023-07-01,HR,6200,Direct Labor,18451,18969,518
2023-08-01,HR,6200,Direct Labor,19136,19252,116
2023-09-01,HR,6200,Direct Labor,19283,19044,-239
2023-10-01,HR,6200,Direct Labor,18922,19727,805
2023-11-01,HR,6200,Direct Labor,18767,18958,191
2023-12-01,HR,6200,Direct Labor,19002,19560,558
2024-01-01,HR,6200,Direct Labor,19415,19562,147
2024-02-01,HR,6200,Direct Labor,18466,18954,488
2024-03-01,HR,6200,Direct Labor,18742,19066,324
2024-04-01,HR,6200,Direct Labor,19358,19207,-151
2024-05-01,HR,6200,Direct Labor,18780,19239,459
2024-06-01,HR,6200,Direct Labor,18727,19267,540
2024-07-01,HR,6200,Direct Labor,19299,19441,142
2024-08-01,HR,6200,Direct Labor,18926,19759,833
2024-09-01,HR,6200,Direct Labor,19255,19502,247
2024-10-01,HR,6200,Direct Labor,19215,19540,325
2024-11-01,HR,6200,Direct Labor,18362,18485,123
2024-12-01,HR,6200,Direct Labor,18360,19179,819
2025-01-01,HR,6200,Direct Labor,18445,19221,776
2025-02-01,HR,6200,Direct Labor,19242,19683,441
2025-03-01,HR,6200,Direct Labor,19296,18820,-476
2025-04-01,HR,6200,Direct Labor,19261,18961,-300
2025-05-01,HR,6200,Direct Labor,19437,18949,-488
2025-06-01,HR,6200,Direct Labor,18839,17987,-852
2025-07-01,HR,6200,Direct Labor,18853,19779,926
2025-08-01,HR,6200,Direct Labor,18631,19178,547
2025-09-01,HR,6200,Direct Labor,18570,19073,503
2025-10-01,HR,6200,Direct Labor,18954,18616,-338
2025-11-01,HR,6200,Direct Labor,18788,18503,-285
2025-12-01,HR,6200,Direct Labor,19258,19922,664
2026-01-01,HR,6200,Direct Labor,19304,18983,-321
2026-02-01,HR,6200,Direct Labor,19032,19489,457
2026-03-01,HR,6200,Direct Labor,19281,18756,-525
2026-04-01,HR,6200,Direct Labor,19273,18505,-768
2026-05-01,HR,6200,Direct Labor,19152,19419,267
2026-06-01,HR,6200,Direct Labor,18688,18683,-5
2026-07-01,HR,6200,Direct Labor,18544,18326,-218
2023-01-01,HR,6300,Manufacturing Overhead,10352,10567,215
2023-02-01,HR,6300,Manufacturing Overhead,10406,10724,318
2023-03-01,HR,6300,Manufacturing Overhead,10749,11023,274
2023-04-01,HR,6300,Manufacturing Overhead,10789,10598,-191
2023-05-01,HR,6300,Manufacturing Overhead,10255,10339,84
2023-06-01,HR,6300,Manufacturing Overhead,10758,10973,215
2023-07-01,HR,6300,Manufacturing Overhead,10538,10809,271
2023-08-01,HR,6300,Manufacturing Overhead,10524,10417,-107
2023-09-01,HR,6300,Manufacturing Overhead,10623,10303,-320
2023-10-01,HR,6300,Manufacturing Overhead,10242,10342,100
2023-11-01,HR,6300,Manufacturing Overhead,10737,10635,-102
2023-12-01,HR,6300,Manufacturing Overhead,10351,10574,223
2024-01-01,HR,6300,Manufacturing Overhead,10521,10412,-109
2024-02-01,HR,6300,Manufacturing Overhead,10765,10338,-427
2024-03-01,HR,6300,Manufacturing Overhead,10787,11126,339
2024-04-01,HR,6300,Manufacturing Overhead,10744,10523,-221
2024-05-01,HR,6300,Manufacturing Overhead,10544,10103,-441
2024-06-01,HR,6300,Manufacturing Overhead,10815,10753,-62
2024-07-01,HR,6300,Manufacturing Overhead,10211,10260,49
2024-08-01,HR,6300,Manufacturing Overhead,10606,10366,-240
2024-09-01,HR,6300,Manufacturing Overhead,10497,10847,350
2024-10-01,HR,6300,Manufacturing Overhead,10804,10529,-275
2024-11-01,HR,6300,Manufacturing Overhead,10327,10480,153
2024-12-01,HR,6300,Manufacturing Overhead,10321,9818,-503
2025-01-01,HR,6300,Manufacturing Overhead,10339,9844,-495
2025-02-01,HR,6300,Manufacturing Overhead,10571,10928,357
2025-03-01,HR,6300,Manufacturing Overhead,10446,10500,54
2025-04-01,HR,6300,Manufacturing Overhead,10543,10451,-92
2025-05-01,HR,6300,Manufacturing Overhead,10719,10806,87
2025-06-01,HR,6300,Manufacturing Overhead,10580,10991,411
2025-07-01,HR,6300,Manufacturing Overhead,10802,11069,267
2025-08-01,HR,6300,Manufacturing Overhead,10630,11142,512
2025-09-01,HR,6300,Manufacturing Overhead,10691,10438,-253
2025-10-01,HR,6300,Manufacturing Overhead,10418,10835,417
2025-11-01,HR,6300,Manufacturing Overhead,10775,10581,-194
2025-12-01,HR,6300,Manufacturing Overhead,10410,10887,477
2026-01-01,HR,6300,Manufacturing Overhead,10270,10640,370
2026-02-01,HR,6300,Manufacturing Overhead,10806,10532,-274
2026-03-01,HR,6300,Manufacturing Overhead,10524,10133,-391
2026-04-01,HR,6300,Manufacturing Overhead,10803,11110,307
2026-05-01,HR,6300,Manufacturing Overhead,10505,10480,-25
2026-06-01,HR,6300,Manufacturing Overhead,10382,10701,319
2026-07-01,HR,6300,Manufacturing Overhead,10566,10799,233
2023-01-01,HR,7000,Salaries & Benefits,21274,21582,308
2023-02-01,HR,7000,Salaries & Benefits,21068,22090,1022
2023-03-01,HR,7000,Salaries & Benefits,20956,21112,156
2023-04-01,HR,7000,Salaries & Benefits,20437,20680,243
2023-05-01,HR,7000,Salaries & Benefits,20996,20862,-134
2023-06-01,HR,7000,Salaries & Benefits,21571,20862,-709
2023-07-01,HR,7000,Salaries & Benefits,21076,21200,124
2023-08-01,HR,7000,Salaries & Benefits,20443,20131,-312
2023-09-01,HR,7000,Salaries & Benefits,21463,20707,-756
2023-10-01,HR,7000,Salaries & Benefits,21229,20306,-923
2023-11-01,HR,7000,Salaries & Benefits,21276,21424,148
2023-12-01,HR,7000,Salaries & Benefits,21564,22055,491
2024-01-01,HR,7000,Salaries & Benefits,21269,21249,-20
2024-02-01,HR,7000,Salaries & Benefits,21257,22198,941
2024-03-01,HR,7000,Salaries & Benefits,21613,20997,-616
2024-04-01,HR,7000,Salaries & Benefits,20940,21020,80
2024-05-01,HR,7000,Salaries & Benefits,21220,20860,-360
2024-06-01,HR,7000,Salaries & Benefits,21088,21881,793
2024-07-01,HR,7000,Salaries & Benefits,21562,20795,-767
2024-08-01,HR,7000,Salaries & Benefits,21050,21432,382
2024-09-01,HR,7000,Salaries & Benefits,20766,19742,-1024
2024-10-01,HR,7000,Salaries & Benefits,21138,21586,448
2024-11-01,HR,7000,Salaries & Benefits,20822,20030,-792
2024-12-01,HR,7000,Salaries & Benefits,21601,21847,246
2025-01-01,HR,7000,Salaries & Benefits,21038,21523,485
2025-02-01,HR,7000,Salaries & Benefits,21293,20758,-535
2025-03-01,HR,7000,Salaries & Benefits,21128,21675,547
2025-04-01,HR,7000,Salaries & Benefits,20596,19939,-657
2025-05-01,HR,7000,Salaries & Benefits,21188,21177,-11
2025-06-01,HR,7000,Salaries & Benefits,20521,19678,-843
2025-07-01,HR,7000,Salaries & Benefits,21562,21722,160
2025-08-01,HR,7000,Salaries & Benefits,21566,21323,-243
2025-09-01,HR,7000,Salaries & Benefits,20884,21294,410
2025-10-01,HR,7000,Salaries & Benefits,20545,20223,-322
2025-11-01,HR,7000,Salaries & Benefits,20491,20194,-297
2025-12-01,HR,7000,Salaries & Benefits,21261,22067,806
2026-01-01,HR,7000,Salaries & Benefits,21000,20338,-662
2026-02-01,HR,7000,Salaries & Benefits,20876,20305,-571
2026-03-01,HR,7000,Salaries & Benefits,21612,21899,287
2026-04-01,HR,7000,Salaries & Benefits,20798,21322,524
2026-05-01,HR,7000,Salaries & Benefits,21030,20021,-1009
2026-06-01,HR,7000,Salaries & Benefits,21134,22153,1019
2026-07-01,HR,7000,Salaries & Benefits,20445,20186,-259
2023-01-01,HR,7100,Travel & Entertainment,3087,3230,143
2023-02-01,HR,7100,Travel & Entertainment,3156,3000,-156
2023-03-01,HR,7100,Travel & Entertainment,3128,2980,-148
2023-04-01,HR,7100,Travel & Entertainment,3227,3247,20
2023-05-01,HR,7100,Travel & Entertainment,3218,3365,147
2023-06-01,HR,7100,Travel & Entertainment,3091,3128,37
2023-07-01,HR,7100,Travel & Entertainment,3090,3003,-87
2023-08-01,HR,7100,Travel & Entertainment,3121,3237,116
2023-09-01,HR,7100,Travel & Entertainment,3228,3260,32
2023-10-01,HR,7100,Travel & Entertainment,3164,3288,124
2023-11-01,HR,7100,Travel & Entertainment,3189,3310,121
2023-12-01,HR,7100,Travel & Entertainment,3089,2981,-108
2024-01-01,HR,7100,Travel & Entertainment,3210,3059,-151
2024-02-01,HR,7100,Travel & Entertainment,3063,3075,12
2024-03-01,HR,7100,Travel & Entertainment,3237,3380,143
2024-04-01,HR,7100,Travel & Entertainment,3208,3148,-60
2024-05-01,HR,7100,Travel & Entertainment,3111,3064,-47
2024-06-01,HR,7100,Travel & Entertainment,3090,3096,6
2024-07-01,HR,7100,Travel & Entertainment,3226,3225,-1
2024-08-01,HR,7100,Travel & Entertainment,3170,3328,158
2024-09-01,HR,7100,Travel & Entertainment,3229,3370,141
2024-10-01,HR,7100,Travel & Entertainment,3231,3247,16
2024-11-01,HR,7100,Travel & Entertainment,3129,3113,-16
2024-12-01,HR,7100,Travel & Entertainment,3077,3094,17
2025-01-01,HR,7100,Travel & Entertainment,3119,3077,-42
2025-02-01,HR,7100,Travel & Entertainment,3101,3199,98
2025-03-01,HR,7100,Travel & Entertainment,3091,3061,-30
2025-04-01,HR,7100,Travel & Entertainment,3123,3253,130
2025-05-01,HR,7100,Travel & Entertainment,3230,3330,100
2025-06-01,HR,7100,Travel & Entertainment,3227,3294,67
2025-07-01,HR,7100,Travel & Entertainment,3214,3085,-129
2025-08-01,HR,7100,Travel & Entertainment,3154,3206,52
2025-09-01,HR,7100,Travel & Entertainment,3116,3125,9
2025-10-01,HR,7100,Travel & Entertainment,3164,3174,10
2025-11-01,HR,7100,Travel & Entertainment,3130,3145,15
2025-12-01,HR,7100,Travel & Entertainment,3093,3037,-56
2026-01-01,HR,7100,Travel & Entertainment,3140,3045,-95
2026-02-01,HR,7100,Travel & Entertainment,3234,3210,-24
2026-03-01,HR,7100,Travel & Entertainment,3138,3007,-131
2026-04-01,HR,7100,Travel & Entertainment,3060,2939,-121
2026-05-01,HR,7100,Travel & Entertainment,3162,3197,35
2026-06-01,HR,7100,Travel & Entertainment,3113,3266,153
2026-07-01,HR,7100,Travel & Entertainment,3201,3288,87
2023-01-01,HR,7200,Professional Services,5313,5328,15
2023-02-01,HR,7200,Professional Services,5106,5334,228
2023-03-01,HR,7200,Professional Services,5189,5234,45
2023-04-01,HR,7200,Professional Services,5376,5399,23
2023-05-01,HR,7200,Professional Services,5294,5421,127
2023-06-01,HR,7200,Professional Services,5261,5023,-238
2023-07-01,HR,7200,Professional Services,5188,5026,-162
2023-08-01,HR,7200,Professional Services,5396,5154,-242
2023-09-01,HR,7200,Professional Services,5352,5552,200
2023-10-01,HR,7200,Professional Services,5325,5338,13
2023-11-01,HR,7200,Professional Services,5149,5082,-67
2023-12-01,HR,7200,Professional Services,5313,5531,218
2024-01-01,HR,7200,Professional Services,5124,5355,231
2024-02-01,HR,7200,Professional Services,5374,5488,114
2024-03-01,HR,7200,Professional Services,5115,4963,-152
2024-04-01,HR,7200,Professional Services,5158,5230,72
2024-05-01,HR,7200,Professional Services,5097,5312,215
2024-06-01,HR,7200,Professional Services,5157,5255,98
2024-07-01,HR,7200,Professional Services,5384,5117,-267
2024-08-01,HR,7200,Professional Services,5168,5330,162
2024-09-01,HR,7200,Professional Services,5354,5613,259
2024-10-01,HR,7200,Professional Services,5403,5579,176
2024-11-01,HR,7200,Professional Services,5210,5386,176
2024-12-01,HR,7200,Professional Services,5107,4924,-183
2025-01-01,HR,7200,Professional Services,5170,5257,87
2025-02-01,HR,7200,Professional Services,5370,5329,-41
2025-03-01,HR,7200,Professional Services,5272,5464,192
2025-04-01,HR,7200,Professional Services,5290,5134,-156
2025-05-01,HR,7200,Professional Services,5369,5496,127
2025-06-01,HR,7200,Professional Services,5178,5277,99
2025-07-01,HR,7200,Professional Services,5224,5179,-45
2025-08-01,HR,7200,Professional Services,5180,5388,208
2025-09-01,HR,7200,Professional Services,5350,5344,-6
2025-10-01,HR,7200,Professional Services,5282,5349,67
2025-11-01,HR,7200,Professional Services,5217,5319,102
2025-12-01,HR,7200,Professional Services,5234,5319,85
2026-01-01,HR,7200,Professional Services,5163,5234,71
2026-02-01,HR,7200,Professional Services,5129,5335,206
2026-03-01,HR,7200,Professional Services,5246,5080,-166
2026-04-01,HR,7200,Professional Services,5196,5426,230
2026-05-01,HR,7200,Professional Services,5173,5267,94
2026-06-01,HR,7200,Professional Services,5386,5331,-55
2026-07-01,HR,7200,Professional Services,5261,5148,-113
2023-01-01,HR,7300,Facilities,6327,6079,-248
2023-02-01,HR,7300,Facilities,6156,6355,199
2023-03-01,HR,7300,Facilities,6445,6735,290
2023-04-01,HR,7300,Facilities,6321,6320,-1
2023-05-01,HR,7300,Facilities,6159,6464,305
2023-06-01,HR,7300,Facilities,6288,6042,-246
2023-07-01,HR,7300,Facilities,6197,6403,206
2023-08-01,HR,7300,Facilities,6181,6343,162
2023-09-01,HR,7300,Facilities,6416,6250,-166
2023-10-01,HR,7300,Facilities,6344,6305,-39
2023-11-01,HR,7300,Facilities,6165,6225,60
2023-12-01,HR,7300,Facilities,6127,6393,266
2024-01-01,HR,7300,Facilities,6401,6202,-199
2024-02-01,HR,7300,Facilities,6191,6078,-113
2024-03-01,HR,7300,Facilities,6326,6610,284
2024-04-01,HR,7300,Facilities,6240,6521,281
2024-05-01,HR,7300,Facilities,6459,6362,-97
2024-06-01,HR,7300,Facilities,6187,6276,89
2024-07-01,HR,7300,Facilities,6259,6042,-217
2024-08-01,HR,7300,Facilities,6221,5950,-271
2024-09-01,HR,7300,Facilities,6181,5992,-189
2024-10-01,HR,7300,Facilities,6360,6321,-39
2024-11-01,HR,7300,Facilities,6440,6163,-277
2024-12-01,HR,7300,Facilities,6204,6222,18
2025-01-01,HR,7300,Facilities,6321,6096,-225
2025-02-01,HR,7300,Facilities,6475,6188,-287
2025-03-01,HR,7300,Facilities,6370,6313,-57
2025-04-01,HR,7300,Facilities,6313,6388,75
2025-05-01,HR,7300,Facilities,6175,6442,267
2025-06-01,HR,7300,Facilities,6251,6028,-223
2025-07-01,HR,7300,Facilities,6150,5986,-164
2025-08-01,HR,7300,Facilities,6255,6294,39
2025-09-01,HR,7300,Facilities,6419,6591,172
2025-10-01,HR,7300,Facilities,6156,5986,-170
2025-11-01,HR,7300,Facilities,6348,6388,40
2025-12-01,HR,7300,Facilities,6139,6230,91
2026-01-01,HR,7300,Facilities,6455,6737,282
2026-02-01,HR,7300,Facilities,6355,6217,-138
2026-03-01,HR,7300,Facilities,6344,6312,-32
2026-04-01,HR,7300,Facilities,6394,6511,117
2026-05-01,HR,7300,Facilities,6343,6245,-98
2026-06-01,HR,7300,Facilities,6484,6455,-29
2026-07-01,HR,7300,Facilities,6459,6235,-224
2023-01-01,HR,7400,Depreciation,4209,4150,-59
2023-02-01,HR,7400,Depreciation,4110,4166,56
2023-03-01,HR,7400,Depreciation,4118,4310,192
2023-04-01,HR,7400,Depreciation,4326,4491,165
2023-05-01,HR,7400,Depreciation,4167,3967,-200
2023-06-01,HR,7400,Depreciation,4277,4125,-152
2023-07-01,HR,7400,Depreciation,4190,4278,88
2023-08-01,HR,7400,Depreciation,4210,4095,-115
2023-09-01,HR,7400,Depreciation,4175,4317,142
2023-10-01,HR,7400,Depreciation,4163,4347,184
2023-11-01,HR,7400,Depreciation,4180,4146,-34
2023-12-01,HR,7400,Depreciation,4259,4235,-24
2024-01-01,HR,7400,Depreciation,4172,4115,-57
2024-02-01,HR,7400,Depreciation,4156,4114,-42
2024-03-01,HR,7400,Depreciation,4256,4131,-125
2024-04-01,HR,7400,Depreciation,4129,4001,-128
2024-05-01,HR,7400,Depreciation,4123,4277,154
2024-06-01,HR,7400,Depreciation,4240,4290,50
2024-07-01,HR,7400,Depreciation,4301,4322,21
2024-08-01,HR,7400,Depreciation,4267,4228,-39
2024-09-01,HR,7400,Depreciation,4236,4115,-121
2024-10-01,HR,7400,Depreciation,4110,3949,-161
2024-11-01,HR,7400,Depreciation,4238,4153,-85
2024-12-01,HR,7400,Depreciation,4284,4402,118
2025-01-01,HR,7400,Depreciation,4231,4041,-190
2025-02-01,HR,7400,Depreciation,4129,4150,21
2025-03-01,HR,7400,Depreciation,4113,4065,-48
2025-04-01,HR,7400,Depreciation,4204,4070,-134
2025-05-01,HR,7400,Depreciation,4186,4267,81
2025-06-01,HR,7400,Depreciation,4171,4241,70
2025-07-01,HR,7400,Depreciation,4143,4245,102
2025-08-01,HR,7400,Depreciation,4216,4071,-145
2025-09-01,HR,7400,Depreciation,4175,4293,118
2025-10-01,HR,7400,Depreciation,4124,4087,-37
2025-11-01,HR,7400,Depreciation,4192,4346,154
2025-12-01,HR,7400,Depreciation,4107,4284,177
2026-01-01,HR,7400,Depreciation,4154,4334,180
2026-02-01,HR,7400,Depreciation,4228,4327,99
2026-03-01,HR,7400,Depreciation,4295,4371,76
2026-04-01,HR,7400,Depreciation,4272,4095,-177
2026-05-01,HR,7400,Depreciation,4076,4224,148
2026-06-01,HR,7400,Depreciation,4087,4231,144
2026-07-01,HR,7400,Depreciation,4153,4320,167
2023-01-01,HR,7500,IT & Software,3094,2986,-108
2023-02-01,HR,7500,IT & Software,3096,3201,105
2023-03-01,HR,7500,IT & Software,3124,3252,128
2023-04-01,HR,7500,IT & Software,3166,3270,104
2023-05-01,HR,7500,IT & Software,3145,3209,64
2023-06-01,HR,7500,IT & Software,3110,2986,-124
2023-07-01,HR,7500,IT & Software,3162,3289,127
2023-08-01,HR,7500,IT & Software,3084,3058,-26
2023-09-01,HR,7500,IT & Software,3156,3193,37
2023-10-01,HR,7500,IT & Software,3085,3101,16
2023-11-01,HR,7500,IT & Software,3144,3296,152
2023-12-01,HR,7500,IT & Software,3186,3315,129
2024-01-01,HR,7500,IT & Software,3240,3293,53
2024-02-01,HR,7500,IT & Software,3083,3066,-17
2024-03-01,HR,7500,IT & Software,3198,3081,-117
2024-04-01,HR,7500,IT & Software,3127,3089,-38
2024-05-01,HR,7500,IT & Software,3088,2940,-148
2024-06-01,HR,7500,IT & Software,3186,3287,101
2024-07-01,HR,7500,IT & Software,3231,3258,27
2024-08-01,HR,7500,IT & Software,3090,3212,122
2024-09-01,HR,7500,IT & Software,3239,3384,145
2024-10-01,HR,7500,IT & Software,3163,3285,122
2024-11-01,HR,7500,IT & Software,3242,3367,125
2024-12-01,HR,7500,IT & Software,3069,2957,-112
2025-01-01,HR,7500,IT & Software,3112,3079,-33
2025-02-01,HR,7500,IT & Software,3084,3236,152
2025-03-01,HR,7500,IT & Software,3205,3259,54
2025-04-01,HR,7500,IT & Software,3237,3179,-58
2025-05-01,HR,7500,IT & Software,3190,3333,143
2025-06-01,HR,7500,IT & Software,3071,3103,32
2025-07-01,HR,7500,IT & Software,3207,3052,-155
2025-08-01,HR,7500,IT & Software,3224,3197,-27
2025-09-01,HR,7500,IT & Software,3087,3195,108
2025-10-01,HR,7500,IT & Software,3092,3024,-68
2025-11-01,HR,7500,IT & Software,3154,3285,131
2025-12-01,HR,7500,IT & Software,3148,3276,128
2026-01-01,HR,7500,IT & Software,3065,2985,-80
2026-02-01,HR,7500,IT & Software,3113,3097,-16
2026-03-01,HR,7500,IT & Software,3137,2993,-144
2026-04-01,HR,7500,IT & Software,3197,3280,83
2026-05-01,HR,7500,IT & Software,3142,3010,-132
2026-06-01,HR,7500,IT & Software,3160,3043,-117
2026-07-01,HR,7500,IT & Software,3240,3280,40
2023-01-01,HR,7600,Marketing,3194,3040,-154
2023-02-01,HR,7600,Marketing,3127,3253,126
2023-03-01,HR,7600,Marketing,3127,2982,-145
2023-04-01,HR,7600,Marketing,3182,3245,63
2023-05-01,HR,7600,Marketing,3119,3214,95
2023-06-01,HR,7600,Marketing,3217,3308,91
2023-07-01,HR,7600,Marketing,3132,3083,-49
2023-08-01,HR,7600,Marketing,3234,3305,71
2023-09-01,HR,7600,Marketing,3160,3156,-4
2023-10-01,HR,7600,Marketing,3106,3234,128
2023-11-01,HR,7600,Marketing,3229,3095,-134
2023-12-01,HR,7600,Marketing,3181,3123,-58
2024-01-01,HR,7600,Marketing,3152,3030,-122
2024-02-01,HR,7600,Marketing,3209,3307,98
2024-03-01,HR,7600,Marketing,3076,2945,-131
2024-04-01,HR,7600,Marketing,3126,3018,-108
2024-05-01,HR,7600,Marketing,3207,3296,89
2024-06-01,HR,7600,Marketing,3219,3061,-158
2024-07-01,HR,7600,Marketing,3058,3152,94
2024-08-01,HR,7600,Marketing,3220,3258,38
2024-09-01,HR,7600,Marketing,3085,3124,39
2024-10-01,HR,7600,Marketing,3220,3207,-13
2024-11-01,HR,7600,Marketing,3221,3313,92
2024-12-01,HR,7600,Marketing,3076,2960,-116
2025-01-01,HR,7600,Marketing,3189,3093,-96
2025-02-01,HR,7600,Marketing,3197,3063,-134
2025-03-01,HR,7600,Marketing,3073,3212,139
2025-04-01,HR,7600,Marketing,3056,3145,89
2025-05-01,HR,7600,Marketing,3100,2960,-140
2025-06-01,HR,7600,Marketing,3071,3016,-55
2025-07-01,HR,7600,Marketing,3156,3148,-8
2025-08-01,HR,7600,Marketing,3093,3244,151
2025-09-01,HR,7600,Marketing,3170,3070,-100
2025-10-01,HR,7600,Marketing,3110,3165,55
2025-11-01,HR,7600,Marketing,3219,3078,-141
2025-12-01,HR,7600,Marketing,3090,2937,-153
2026-01-01,HR,7600,Marketing,3089,2996,-93
2026-02-01,HR,7600,Marketing,3083,3096,13
2026-03-01,HR,7600,Marketing,3239,3304,65
2026-04-01,HR,7600,Marketing,3188,3053,-135
2026-05-01,HR,7600,Marketing,3091,3036,-55
2026-06-01,HR,7600,Marketing,3243,3134,-109
2026-07-01,HR,7600,Marketing,3176,3205,29
2023-01-01,IT,6000,Cost of Goods Sold,105640,105710,70
2023-02-01,IT,6000,Cost of Goods Sold,103648,102886,-762
2023-03-01,IT,6000,Cost of Goods Sold,107044,109564,2520
2023-04-01,IT,6000,Cost of Goods Sold,105192,106821,1629
2023-05-01,IT,6000,Cost of Goods Sold,107949,105268,-2681
2023-06-01,IT,6000,Cost of Goods Sold,106602,101961,-4641
2023-07-01,IT,6000,Cost of Goods Sold,102246,100653,-1593
2023-08-01,IT,6000,Cost of Goods Sold,106467,107743,1276
2023-09-01,IT,6000,Cost of Goods Sold,107002,102507,-4495
2023-10-01,IT,6000,Cost of Goods Sold,106666,108971,2305
2023-11-01,IT,6000,Cost of Goods Sold,101926,104416,2490
2023-12-01,IT,6000,Cost of Goods Sold,102406,103309,903
2024-01-01,IT,6000,Cost of Goods Sold,107623,106132,-1491
2024-02-01,IT,6000,Cost of Goods Sold,106141,108032,1891
2024-03-01,IT,6000,Cost of Goods Sold,102265,99836,-2429
2024-04-01,IT,6000,Cost of Goods Sold,107140,106613,-527
2024-05-01,IT,6000,Cost of Goods Sold,106526,106318,-208
2024-06-01,IT,6000,Cost of Goods Sold,104998,107764,2766
2024-07-01,IT,6000,Cost of Goods Sold,103825,109007,5182
2024-08-01,IT,6000,Cost of Goods Sold,103049,103948,899
2024-09-01,IT,6000,Cost of Goods Sold,102119,100617,-1502
2024-10-01,IT,6000,Cost of Goods Sold,104779,104377,-402
2024-11-01,IT,6000,Cost of Goods Sold,107668,111398,3730
2024-12-01,IT,6000,Cost of Goods Sold,107975,107582,-393
2025-01-01,IT,6000,Cost of Goods Sold,107514,107000,-514
2025-02-01,IT,6000,Cost of Goods Sold,102745,105319,2574
2025-03-01,IT,6000,Cost of Goods Sold,104493,99524,-4969
2025-04-01,IT,6000,Cost of Goods Sold,102728,100845,-1883
2025-05-01,IT,6000,Cost of Goods Sold,108086,109515,1429
2025-06-01,IT,6000,Cost of Goods Sold,104366,99293,-5073
2025-07-01,IT,6000,Cost of Goods Sold,106836,108564,1728
2025-08-01,IT,6000,Cost of Goods Sold,102939,103896,957
2025-09-01,IT,6000,Cost of Goods Sold,103009,98836,-4173
2025-10-01,IT,6000,Cost of Goods Sold,104315,100663,-3652
2025-11-01,IT,6000,Cost of Goods Sold,103975,99002,-4973
2025-12-01,IT,6000,Cost of Goods Sold,104321,102271,-2050
2026-01-01,IT,6000,Cost of Goods Sold,107868,108400,532
2026-02-01,IT,6000,Cost of Goods Sold,103285,103146,-139
2026-03-01,IT,6000,Cost of Goods Sold,106409,105695,-714
2026-04-01,IT,6000,Cost of Goods Sold,107818,104150,-3668
2026-05-01,IT,6000,Cost of Goods Sold,107955,103202,-4753
2026-06-01,IT,6000,Cost of Goods Sold,107907,103234,-4673
2026-07-01,IT,6000,Cost of Goods Sold,103887,103645,-242
2023-01-01,IT,6100,Direct Materials,43197,42053,-1144
2023-02-01,IT,6100,Direct Materials,44914,46278,1364
2023-03-01,IT,6100,Direct Materials,43530,41410,-2120
2023-04-01,IT,6100,Direct Materials,43246,41770,-1476
2023-05-01,IT,6100,Direct Materials,44092,44904,812
2023-06-01,IT,6100,Direct Materials,43564,41917,-1647
2023-07-01,IT,6100,Direct Materials,42777,41844,-933
2023-08-01,IT,6100,Direct Materials,44340,45702,1362
2023-09-01,IT,6100,Direct Materials,44706,44123,-583
2023-10-01,IT,6100,Direct Materials,44985,43020,-1965
2023-11-01,IT,6100,Direct Materials,43611,43249,-362
2023-12-01,IT,6100,Direct Materials,42987,42240,-747
2024-01-01,IT,6100,Direct Materials,43050,44651,1601
2024-02-01,IT,6100,Direct Materials,43258,45056,1798
2024-03-01,IT,6100,Direct Materials,44990,46280,1290
2024-04-01,IT,6100,Direct Materials,43894,44233,339
2024-05-01,IT,6100,Direct Materials,43307,41983,-1324
2024-06-01,IT,6100,Direct Materials,42771,42009,-762
2024-07-01,IT,6100,Direct Materials,44098,46176,2078
2024-08-01,IT,6100,Direct Materials,43038,43438,400
2024-09-01,IT,6100,Direct Materials,43060,44436,1376
2024-10-01,IT,6100,Direct Materials,43720,43588,-132
2024-11-01,IT,6100,Direct Materials,42488,42535,47
2024-12-01,IT,6100,Direct Materials,42688,43756,1068
2025-01-01,IT,6100,Direct Materials,44074,42229,-1845
2025-02-01,IT,6100,Direct Materials,43726,44175,449
2025-03-01,IT,6100,Direct Materials,44776,46828,2052
2025-04-01,IT,6100,Direct Materials,43136,42918,-218
2025-05-01,IT,6100,Direct Materials,44478,45774,1296
2025-06-01,IT,6100,Direct Materials,43163,41622,-1541
2025-07-01,IT,6100,Direct Materials,44663,42693,-1970
2025-08-01,IT,6100,Direct Materials,43085,43658,573
2025-09-01,IT,6100,Direct Materials,43296,44702,1406
2025-10-01,IT,6100,Direct Materials,43704,42157,-1547
2025-11-01,IT,6100,Direct Materials,43153,42376,-777
2025-12-01,IT,6100,Direct Materials,45024,45496,472
2026-01-01,IT,6100,Direct Materials,43845,45266,1421
2026-02-01,IT,6100,Direct Materials,44133,49354,5221
2026-03-01,IT,6100,Direct Materials,44006,47738,3732
2026-04-01,IT,6100,Direct Materials,44363,49217,4854
2026-05-01,IT,6100,Direct Materials,42949,47757,4808
2026-06-01,IT,6100,Direct Materials,43179,47999,4820
2026-07-01,IT,6100,Direct Materials,43548,48458,4910
2023-01-01,IT,6200,Direct Labor,30576,29845,-731
2023-02-01,IT,6200,Direct Labor,30827,29364,-1463
2023-03-01,IT,6200,Direct Labor,31787,32621,834
2023-04-01,IT,6200,Direct Labor,30704,30596,-108
2023-05-01,IT,6200,Direct Labor,32275,31138,-1137
2023-06-01,IT,6200,Direct Labor,31738,31913,175
2023-07-01,IT,6200,Direct Labor,31677,32496,819
2023-08-01,IT,6200,Direct Labor,30759,30062,-697
2023-09-01,IT,6200,Direct Labor,31077,31718,641
2023-10-01,IT,6200,Direct Labor,31412,30353,-1059
2023-11-01,IT,6200,Direct Labor,30798,32203,1405
2023-12-01,IT,6200,Direct Labor,30789,31921,1132
2024-01-01,IT,6200,Direct Labor,31599,31184,-415
2024-02-01,IT,6200,Direct Labor,31151,31838,687
2024-03-01,IT,6200,Direct Labor,31595,32002,407
2024-04-01,IT,6200,Direct Labor,31777,31445,-332
2024-05-01,IT,6200,Direct Labor,31172,32220,1048
2024-06-01,IT,6200,Direct Labor,30620,29955,-665
2024-07-01,IT,6200,Direct Labor,31624,31841,217
2024-08-01,IT,6200,Direct Labor,32224,30793,-1431
2024-09-01,IT,6200,Direct Labor,31911,30736,-1175
2024-10-01,IT,6200,Direct Labor,30676,29350,-1326
2024-11-01,IT,6200,Direct Labor,30841,30911,70
2024-12-01,IT,6200,Direct Labor,32332,31475,-857
2025-01-01,IT,6200,Direct Labor,31981,33492,1511
2025-02-01,IT,6200,Direct Labor,31194,30921,-273
2025-03-01,IT,6200,Direct Labor,31974,31950,-24
2025-04-01,IT,6200,Direct Labor,31585,31663,78
2025-05-01,IT,6200,Direct Labor,31768,31438,-330
2025-06-01,IT,6200,Direct Labor,30848,31844,996
2025-07-01,IT,6200,Direct Labor,32094,31929,-165
2025-08-01,IT,6200,Direct Labor,30773,32039,1266
2025-09-01,IT,6200,Direct Labor,31048,30238,-810
2025-10-01,IT,6200,Direct Labor,31774,31957,183
2025-11-01,IT,6200,Direct Labor,30654,31705,1051
2025-12-01,IT,6200,Direct Labor,30981,29563,-1418
2026-01-01,IT,6200,Direct Labor,30969,30141,-828
2026-02-01,IT,6200,Direct Labor,30843,31986,1143
2026-03-01,IT,6200,Direct Labor,31501,30943,-558
2026-04-01,IT,6200,Direct Labor,31984,32529,545
2026-05-01,IT,6200,Direct Labor,30591,31403,812
2026-06-01,IT,6200,Direct Labor,31485,32019,534
2026-07-01,IT,6200,Direct Labor,31873,32032,159
2023-01-01,IT,6300,Manufacturing Overhead,17017,17170,153
2023-02-01,IT,6300,Manufacturing Overhead,17194,17336,142
2023-03-01,IT,6300,Manufacturing Overhead,16983,17326,343
2023-04-01,IT,6300,Manufacturing Overhead,17586,17354,-232
2023-05-01,IT,6300,Manufacturing Overhead,17919,17317,-602
2023-06-01,IT,6300,Manufacturing Overhead,17198,17260,62
2023-07-01,IT,6300,Manufacturing Overhead,17936,18374,438
2023-08-01,IT,6300,Manufacturing Overhead,17270,17367,97
2023-09-01,IT,6300,Manufacturing Overhead,17511,16915,-596
2023-10-01,IT,6300,Manufacturing Overhead,17187,17372,185
2023-11-01,IT,6300,Manufacturing Overhead,17326,17026,-300
2023-12-01,IT,6300,Manufacturing Overhead,17248,16591,-657
2024-01-01,IT,6300,Manufacturing Overhead,17275,16461,-814
2024-02-01,IT,6300,Manufacturing Overhead,17609,17876,267
2024-03-01,IT,6300,Manufacturing Overhead,17512,17347,-165
2024-04-01,IT,6300,Manufacturing Overhead,17169,16382,-787
2024-05-01,IT,6300,Manufacturing Overhead,17820,18253,433
2024-06-01,IT,6300,Manufacturing Overhead,17893,17356,-537
2024-07-01,IT,6300,Manufacturing Overhead,17574,18009,435
2024-08-01,IT,6300,Manufacturing Overhead,17850,18161,311
2024-09-01,IT,6300,Manufacturing Overhead,17906,18475,569
2024-10-01,IT,6300,Manufacturing Overhead,17354,16581,-773
2024-11-01,IT,6300,Manufacturing Overhead,17632,17750,118
2024-12-01,IT,6300,Manufacturing Overhead,17904,17461,-443
2025-01-01,IT,6300,Manufacturing Overhead,17512,17179,-333
2025-02-01,IT,6300,Manufacturing Overhead,17202,16653,-549
2025-03-01,IT,6300,Manufacturing Overhead,17326,17325,-1
2025-04-01,IT,6300,Manufacturing Overhead,17731,18121,390
2025-05-01,IT,6300,Manufacturing Overhead,17456,17265,-191
2025-06-01,IT,6300,Manufacturing Overhead,17767,18515,748
2025-07-01,IT,6300,Manufacturing Overhead,17479,17648,169
2025-08-01,IT,6300,Manufacturing Overhead,17810,18107,297
2025-09-01,IT,6300,Manufacturing Overhead,17960,17202,-758
2025-10-01,IT,6300,Manufacturing Overhead,17088,16234,-854
2025-11-01,IT,6300,Manufacturing Overhead,17008,16243,-765
2025-12-01,IT,6300,Manufacturing Overhead,16987,16603,-384
2026-01-01,IT,6300,Manufacturing Overhead,16975,16882,-93
2026-02-01,IT,6300,Manufacturing Overhead,17740,18558,818
2026-03-01,IT,6300,Manufacturing Overhead,17077,16852,-225
2026-04-01,IT,6300,Manufacturing Overhead,17653,18484,831
2026-05-01,IT,6300,Manufacturing Overhead,17754,17528,-226
2026-06-01,IT,6300,Manufacturing Overhead,17269,17534,265
2026-07-01,IT,6300,Manufacturing Overhead,17287,16483,-804
2023-01-01,IT,7000,Salaries & Benefits,34202,32977,-1225
2023-02-01,IT,7000,Salaries & Benefits,34910,36419,1509
2023-03-01,IT,7000,Salaries & Benefits,36015,37508,1493
2023-04-01,IT,7000,Salaries & Benefits,34203,34671,468
2023-05-01,IT,7000,Salaries & Benefits,35950,37002,1052
2023-06-01,IT,7000,Salaries & Benefits,35799,37346,1547
2023-07-01,IT,7000,Salaries & Benefits,34317,32988,-1329
2023-08-01,IT,7000,Salaries & Benefits,35472,35313,-159
2023-09-01,IT,7000,Salaries & Benefits,35812,36510,698
2023-10-01,IT,7000,Salaries & Benefits,34524,32876,-1648
2023-11-01,IT,7000,Salaries & Benefits,35133,33599,-1534
2023-12-01,IT,7000,Salaries & Benefits,35403,34396,-1007
2024-01-01,IT,7000,Salaries & Benefits,34785,34359,-426
2024-02-01,IT,7000,Salaries & Benefits,34028,33798,-230
2024-03-01,IT,7000,Salaries & Benefits,34928,33793,-1135
2024-04-01,IT,7000,Salaries & Benefits,33978,35328,1350
2024-05-01,IT,7000,Salaries & Benefits,35329,36952,1623
2024-06-01,IT,7000,Salaries & Benefits,35790,36541,751
2024-07-01,IT,7000,Salaries & Benefits,35460,34406,-1054
2024-08-01,IT,7000,Salaries & Benefits,34511,35102,591
2024-09-01,IT,7000,Salaries & Benefits,35973,34851,-1122
2024-10-01,IT,7000,Salaries & Benefits,35398,36497,1099
2024-11-01,IT,7000,Salaries & Benefits,36041,34398,-1643
2024-12-01,IT,7000,Salaries & Benefits,35133,36387,1254
2025-01-01,IT,7000,Salaries & Benefits,35124,35837,713
2025-02-01,IT,7000,Salaries & Benefits,35613,36381,768
2025-03-01,IT,7000,Salaries & Benefits,35509,34751,-758
2025-04-01,IT,7000,Salaries & Benefits,34136,33683,-453
2025-05-01,IT,7000,Salaries & Benefits,35673,35832,159
2025-06-01,IT,7000,Salaries & Benefits,34734,36130,1396
2025-07-01,IT,7000,Salaries & Benefits,35475,35620,145
2025-08-01,IT,7000,Salaries & Benefits,34623,35105,482
2025-09-01,IT,7000,Salaries & Benefits,34805,35084,279
2025-10-01,IT,7000,Salaries & Benefits,34731,36410,1679
2025-11-01,IT,7000,Salaries & Benefits,35561,34308,-1253
2025-12-01,IT,7000,Salaries & Benefits,35363,36740,1377
2026-01-01,IT,7000,Salaries & Benefits,35369,35043,-326
2026-02-01,IT,7000,Salaries & Benefits,35969,34481,-1488
2026-03-01,IT,7000,Salaries & Benefits,34482,33233,-1249
2026-04-01,IT,7000,Salaries & Benefits,35892,36414,522
2026-05-01,IT,7000,Salaries & Benefits,34897,35034,137
2026-06-01,IT,7000,Salaries & Benefits,35379,36758,1379
2026-07-01,IT,7000,Salaries & Benefits,34671,36121,1450
2023-01-01,IT,7100,Travel & Entertainment,5402,5210,-192
2023-02-01,IT,7100,Travel & Entertainment,5200,5269,69
2023-03-01,IT,7100,Travel & Entertainment,5327,5514,187
2023-04-01,IT,7100,Travel & Entertainment,5273,5525,252
2023-05-01,IT,7100,Travel & Entertainment,5342,5515,173
2023-06-01,IT,7100,Travel & Entertainment,5217,5386,169
2023-07-01,IT,7100,Travel & Entertainment,5370,5633,263
2023-08-01,IT,7100,Travel & Entertainment,5264,5274,10
2023-09-01,IT,7100,Travel & Entertainment,5274,5145,-129
2023-10-01,IT,7100,Travel & Entertainment,5266,5499,233
2023-11-01,IT,7100,Travel & Entertainment,5326,5424,98
2023-12-01,IT,7100,Travel & Entertainment,5341,5335,-6
2024-01-01,IT,7100,Travel & Entertainment,5195,5370,175
2024-02-01,IT,7100,Travel & Entertainment,5210,5438,228
2024-03-01,IT,7100,Travel & Entertainment,5257,5425,168
2024-04-01,IT,7100,Travel & Entertainment,5162,5085,-77
2024-05-01,IT,7100,Travel & Entertainment,5221,5352,131
2024-06-01,IT,7100,Travel & Entertainment,5126,5198,72
2024-07-01,IT,7100,Travel & Entertainment,5235,5410,175
2024-08-01,IT,7100,Travel & Entertainment,5374,5207,-167
2024-09-01,IT,7100,Travel & Entertainment,5093,5243,150
2024-10-01,IT,7100,Travel & Entertainment,5251,5045,-206
2024-11-01,IT,7100,Travel & Entertainment,5138,4918,-220
2024-12-01,IT,7100,Travel & Entertainment,5392,5253,-139
2025-01-01,IT,7100,Travel & Entertainment,5220,5390,170
2025-02-01,IT,7100,Travel & Entertainment,5263,5051,-212
2025-03-01,IT,7100,Travel & Entertainment,5349,5094,-255
2025-04-01,IT,7100,Travel & Entertainment,5102,4909,-193
2025-05-01,IT,7100,Travel & Entertainment,5151,5293,142
2025-06-01,IT,7100,Travel & Entertainment,5115,4989,-126
2025-07-01,IT,7100,Travel & Entertainment,5392,5350,-42
2025-08-01,IT,7100,Travel & Entertainment,5205,5155,-50
2025-09-01,IT,7100,Travel & Entertainment,5312,5206,-106
2025-10-01,IT,7100,Travel & Entertainment,5215,5063,-152
2025-11-01,IT,7100,Travel & Entertainment,5227,5274,47
2025-12-01,IT,7100,Travel & Entertainment,5243,5303,60
2026-01-01,IT,7100,Travel & Entertainment,5106,5102,-4
2026-02-01,IT,7100,Travel & Entertainment,5102,5010,-92
2026-03-01,IT,7100,Travel & Entertainment,5102,5204,102
2026-04-01,IT,7100,Travel & Entertainment,5364,5302,-62
2026-05-01,IT,7100,Travel & Entertainment,5262,5050,-212
2026-06-01,IT,7100,Travel & Entertainment,5309,5373,64
2026-07-01,IT,7100,Travel & Entertainment,5203,5448,245
2023-01-01,IT,7200,Professional Services,8745,8332,-413
2023-02-01,IT,7200,Professional Services,8508,8497,-11
2023-03-01,IT,7200,Professional Services,8963,8940,-23
2023-04-01,IT,7200,Professional Services,8773,8407,-366
2023-05-01,IT,7200,Professional Services,8868,9059,191
2023-06-01,IT,7200,Professional Services,8972,8931,-41
2023-07-01,IT,7200,Professional Services,8881,8651,-230
2023-08-01,IT,7200,Professional Services,9004,8585,-419
2023-09-01,IT,7200,Professional Services,8650,8890,240
2023-10-01,IT,7200,Professional Services,8936,8683,-253
2023-11-01,IT,7200,Professional Services,8703,8277,-426
2023-12-01,IT,7200,Professional Services,8555,8865,310
2024-01-01,IT,7200,Professional Services,8897,9284,387
2024-02-01,IT,7200,Professional Services,8721,8723,2
2024-03-01,IT,7200,Professional Services,8731,8903,172
2024-04-01,IT,7200,Professional Services,8691,9060,369
2024-05-01,IT,7200,Professional Services,8831,8432,-399
2024-06-01,IT,7200,Professional Services,8795,8969,174
2024-07-01,IT,7200,Professional Services,8745,9097,352
2024-08-01,IT,7200,Professional Services,8642,8351,-291
2024-09-01,IT,7200,Professional Services,8640,8494,-146
2024-10-01,IT,7200,Professional Services,8545,8250,-295
2024-11-01,IT,7200,Professional Services,8927,8658,-269
2024-12-01,IT,7200,Professional Services,8743,8311,-432
2025-01-01,IT,7200,Professional Services,8895,9168,273
2025-02-01,IT,7200,Professional Services,8963,9207,244
2025-03-01,IT,7200,Professional Services,8511,8241,-270
2025-04-01,IT,7200,Professional Services,8666,8825,159
2025-05-01,IT,7200,Professional Services,8931,8689,-242
2025-06-01,IT,7200,Professional Services,8721,8896,175
2025-07-01,IT,7200,Professional Services,8966,8609,-357
2025-08-01,IT,7200,Professional Services,8561,8767,206
2025-09-01,IT,7200,Professional Services,8985,9041,56
2025-10-01,IT,7200,Professional Services,8718,8602,-116
2025-11-01,IT,7200,Professional Services,8854,8429,-425
2025-12-01,IT,7200,Professional Services,8763,8933,170
2026-01-01,IT,7200,Professional Services,8821,8474,-347
2026-02-01,IT,7200,Professional Services,8736,8543,-193
2026-03-01,IT,7200,Professional Services,8780,8712,-68
2026-04-01,IT,7200,Professional Services,8522,8320,-202
2026-05-01,IT,7200,Professional Services,8986,8858,-128
2026-06-01,IT,7200,Professional Services,8698,9063,365
2026-07-01,IT,7200,Professional Services,8963,9300,337
2023-01-01,IT,7300,Facilities,10261,9914,-347
2023-02-01,IT,7300,Facilities,10544,10718,174
2023-03-01,IT,7300,Facilities,10466,10986,520
2023-04-01,IT,7300,Facilities,10420,10173,-247
2023-05-01,IT,7300,Facilities,10227,10524,297
2023-06-01,IT,7300,Facilities,10302,10213,-89
2023-07-01,IT,7300,Facilities,10538,10256,-282
2023-08-01,IT,7300,Facilities,10278,9901,-377
2023-09-01,IT,7300,Facilities,10627,10108,-519
2023-10-01,IT,7300,Facilities,10223,10518,295
2023-11-01,IT,7300,Facilities,10256,10426,170
2023-12-01,IT,7300,Facilities,10554,10036,-518
2024-01-01,IT,7300,Facilities,10740,10350,-390
2024-02-01,IT,7300,Facilities,10765,11153,388
2024-03-01,IT,7300,Facilities,10690,10357,-333
2024-04-01,IT,7300,Facilities,10484,10462,-22
2024-05-01,IT,7300,Facilities,10247,10132,-115
2024-06-01,IT,7300,Facilities,10584,10628,44
2024-07-01,IT,7300,Facilities,10691,10313,-378
2024-08-01,IT,7300,Facilities,10265,10275,10
2024-09-01,IT,7300,Facilities,10728,10265,-463
2024-10-01,IT,7300,Facilities,10508,11020,512
2024-11-01,IT,7300,Facilities,10542,10275,-267
2024-12-01,IT,7300,Facilities,10660,11022,362
2025-01-01,IT,7300,Facilities,10413,10127,-286
2025-02-01,IT,7300,Facilities,10350,9894,-456
2025-03-01,IT,7300,Facilities,10457,10845,388
2025-04-01,IT,7300,Facilities,10677,10173,-504
2025-05-01,IT,7300,Facilities,10608,11065,457
2025-06-01,IT,7300,Facilities,10431,10542,111
2025-07-01,IT,7300,Facilities,10731,10998,267
2025-08-01,IT,7300,Facilities,10265,10383,118
2025-09-01,IT,7300,Facilities,10683,11098,415
2025-10-01,IT,7300,Facilities,10592,10863,271
2025-11-01,IT,7300,Facilities,10284,10386,102
2025-12-01,IT,7300,Facilities,10366,10649,283
2026-01-01,IT,7300,Facilities,10458,9967,-491
2026-02-01,IT,7300,Facilities,10227,9802,-425
2026-03-01,IT,7300,Facilities,10747,10366,-381
2026-04-01,IT,7300,Facilities,10589,10451,-138
2026-05-01,IT,7300,Facilities,10433,10396,-37
2026-06-01,IT,7300,Facilities,10693,11139,446
2026-07-01,IT,7300,Facilities,10376,10413,37
2023-01-01,IT,7400,Depreciation,6927,6794,-133
2023-02-01,IT,7400,Depreciation,7188,7196,8
2023-03-01,IT,7400,Depreciation,6952,7210,258
2023-04-01,IT,7400,Depreciation,7079,7217,138
2023-05-01,IT,7400,Depreciation,7178,7254,76
2023-06-01,IT,7400,Depreciation,7068,7120,52
2023-07-01,IT,7400,Depreciation,6987,6701,-286
2023-08-01,IT,7400,Depreciation,6996,6886,-110
2023-09-01,IT,7400,Depreciation,7007,7099,92
2023-10-01,IT,7400,Depreciation,6896,6736,-160
2023-11-01,IT,7400,Depreciation,6904,6758,-146
2023-12-01,IT,7400,Depreciation,7006,6875,-131
2024-01-01,IT,7400,Depreciation,7170,7462,292
2024-02-01,IT,7400,Depreciation,7028,6922,-106
2024-03-01,IT,7400,Depreciation,6919,7144,225
2024-04-01,IT,7400,Depreciation,7007,6945,-62
2024-05-01,IT,7400,Depreciation,6901,6848,-53
2024-06-01,IT,7400,Depreciation,7067,7257,190
2024-07-01,IT,7400,Depreciation,7164,6906,-258
2024-08-01,IT,7400,Depreciation,7113,6967,-146
2024-09-01,IT,7400,Depreciation,7079,6981,-98
2024-10-01,IT,7400,Depreciation,7018,6892,-126
2024-11-01,IT,7400,Depreciation,7125,7183,58
2024-12-01,IT,7400,Depreciation,6863,7017,154
2025-01-01,IT,7400,Depreciation,7158,7257,99
2025-02-01,IT,7400,Depreciation,6876,7075,199
2025-03-01,IT,7400,Depreciation,7139,6913,-226
2025-04-01,IT,7400,Depreciation,7062,7060,-2
2025-05-01,IT,7400,Depreciation,6893,6882,-11
2025-06-01,IT,7400,Depreciation,6904,6951,47
2025-07-01,IT,7400,Depreciation,7016,6768,-248
2025-08-01,IT,7400,Depreciation,7045,6871,-174
2025-09-01,IT,7400,Depreciation,7196,7421,225
2025-10-01,IT,7400,Depreciation,7203,6845,-358
2025-11-01,IT,7400,Depreciation,6869,7167,298
2025-12-01,IT,7400,Depreciation,7180,7148,-32
2026-01-01,IT,7400,Depreciation,7206,7266,60
2026-02-01,IT,7400,Depreciation,6906,6953,47
2026-03-01,IT,7400,Depreciation,6874,6565,-309
2026-04-01,IT,7400,Depreciation,6970,7306,336
2026-05-01,IT,7400,Depreciation,7040,7023,-17
2026-06-01,IT,7400,Depreciation,6952,6687,-265
2026-07-01,IT,7400,Depreciation,6866,6771,-95
2023-01-01,IT,7500,IT & Software,5345,5107,-238
2023-02-01,IT,7500,IT & Software,5359,5240,-119
2023-03-01,IT,7500,IT & Software,5265,5143,-122
2023-04-01,IT,7500,IT & Software,5339,5566,227
2023-05-01,IT,7500,IT & Software,5309,5152,-157
2023-06-01,IT,7500,IT & Software,5373,5409,36
2023-07-01,IT,7500,IT & Software,5096,5013,-83
2023-08-01,IT,7500,IT & Software,5289,5171,-118
2023-09-01,IT,7500,IT & Software,5228,5087,-141
2023-10-01,IT,7500,IT & Software,5287,5324,37
2023-11-01,IT,7500,IT & Software,5177,5204,27
2023-12-01,IT,7500,IT & Software,5357,5170,-187
2024-01-01,IT,7500,IT & Software,5267,5170,-97
2024-02-01,IT,7500,IT & Software,5162,5320,158
2024-03-01,IT,7500,IT & Software,5352,5193,-159
2024-04-01,IT,7500,IT & Software,5287,5527,240
2024-05-01,IT,7500,IT & Software,5121,5244,123
2024-06-01,IT,7500,IT & Software,5401,5277,-124
2024-07-01,IT,7500,IT & Software,5246,5034,-212
2024-08-01,IT,7500,IT & Software,5359,5209,-150
2024-09-01,IT,7500,IT & Software,5237,5062,-175
2024-10-01,IT,7500,IT & Software,5147,5003,-144
2024-11-01,IT,7500,IT & Software,5126,4992,-134
2024-12-01,IT,7500,IT & Software,5190,5231,41
2025-01-01,IT,7500,IT & Software,5281,5221,-60
2025-02-01,IT,7500,IT & Software,5160,4954,-206
2025-03-01,IT,7500,IT & Software,5118,5227,109
2025-04-01,IT,7500,IT & Software,5232,5357,125
2025-05-01,IT,7500,IT & Software,5214,5274,60
2025-06-01,IT,7500,IT & Software,5212,5234,22
2025-07-01,IT,7500,IT & Software,5178,5376,198
2025-08-01,IT,7500,IT & Software,5247,5399,152
2025-09-01,IT,7500,IT & Software,5258,5164,-94
2025-10-01,IT,7500,IT & Software,5250,5311,61
2025-11-01,IT,7500,IT & Software,5357,5414,57
2025-12-01,IT,7500,IT & Software,5210,5316,106
2026-01-01,IT,7500,IT & Software,5282,5387,105
2026-02-01,IT,7500,IT & Software,5211,5361,150
2026-03-01,IT,7500,IT & Software,5158,5062,-96
2026-04-01,IT,7500,IT & Software,5220,5089,-131
2026-05-01,IT,7500,IT & Software,5184,5044,-140
2026-06-01,IT,7500,IT & Software,5282,5266,-16
2026-07-01,IT,7500,IT & Software,5100,5322,222
2023-01-01,IT,7600,Marketing,5169,5271,102
2023-02-01,IT,7600,Marketing,5235,5392,157
2023-03-01,IT,7600,Marketing,5215,5134,-81
2023-04-01,IT,7600,Marketing,5213,5208,-5
2023-05-01,IT,7600,Marketing,5321,5539,218
2023-06-01,IT,7600,Marketing,5121,4995,-126
2023-07-01,IT,7600,Marketing,5164,5095,-69
2023-08-01,IT,7600,Marketing,5407,5395,-12
2023-09-01,IT,7600,Marketing,5146,5328,182
2023-10-01,IT,7600,Marketing,5296,5348,52
2023-11-01,IT,7600,Marketing,5348,5533,185
2023-12-01,IT,7600,Marketing,5401,5328,-73
2024-01-01,IT,7600,Marketing,5332,5113,-219
2024-02-01,IT,7600,Marketing,5381,5162,-219
2024-03-01,IT,7600,Marketing,5312,5073,-239
2024-04-01,IT,7600,Marketing,5117,5338,221
2024-05-01,IT,7600,Marketing,5235,5127,-108
2024-06-01,IT,7600,Marketing,5363,5244,-119
2024-07-01,IT,7600,Marketing,5381,5235,-146
2024-08-01,IT,7600,Marketing,5191,5202,11
2024-09-01,IT,7600,Marketing,5166,4955,-211
2024-10-01,IT,7600,Marketing,5109,5188,79
2024-11-01,IT,7600,Marketing,5340,5582,242
2024-12-01,IT,7600,Marketing,5389,5214,-175
2025-01-01,IT,7600,Marketing,5265,5498,233
2025-02-01,IT,7600,Marketing,5374,5232,-142
2025-03-01,IT,7600,Marketing,5347,5184,-163
2025-04-01,IT,7600,Marketing,5317,5087,-230
2025-05-01,IT,7600,Marketing,5124,5287,163
2025-06-01,IT,7600,Marketing,5149,4955,-194
2025-07-01,IT,7600,Marketing,5238,5375,137
2025-08-01,IT,7600,Marketing,5320,5135,-185
2025-09-01,IT,7600,Marketing,5386,5249,-137
2025-10-01,IT,7600,Marketing,5095,5276,181
2025-11-01,IT,7600,Marketing,5334,5341,7
2025-12-01,IT,7600,Marketing,5099,5101,2
2026-01-01,IT,7600,Marketing,5110,4923,-187
2026-02-01,IT,7600,Marketing,5108,4932,-176
2026-03-01,IT,7600,Marketing,5134,5320,186
2026-04-01,IT,7600,Marketing,5355,5395,40
2026-05-01,IT,7600,Marketing,5180,5048,-132
2026-06-01,IT,7600,Marketing,5148,4947,-201
2026-07-01,IT,7600,Marketing,5171,5243,72
2023-01-01,Manufacturing,6000,Cost of Goods Sold,1023393,979088,-44305
2023-02-01,Manufacturing,6000,Cost of Goods Sold,1000587,950615,-49972
2023-03-01,Manufacturing,6000,Cost of Goods Sold,1005628,1035680,30052
2023-04-01,Manufacturing,6000,Cost of Goods Sold,1018737,1008042,-10695
2023-05-01,Manufacturing,6000,Cost of Goods Sold,1010508,1000797,-9711
2023-06-01,Manufacturing,6000,Cost of Goods Sold,1009515,1056165,46650
2023-07-01,Manufacturing,6000,Cost of Goods Sold,1034810,1019695,-15115
2023-08-01,Manufacturing,6000,Cost of Goods Sold,1014382,1036532,22150
2023-09-01,Manufacturing,6000,Cost of Goods Sold,1023080,1048824,25744
2023-10-01,Manufacturing,6000,Cost of Goods Sold,1009419,1000100,-9319
2023-11-01,Manufacturing,6000,Cost of Goods Sold,1008191,1008163,-28
2023-12-01,Manufacturing,6000,Cost of Goods Sold,1026437,996351,-30086
2024-01-01,Manufacturing,6000,Cost of Goods Sold,1014036,1000600,-13436
2024-02-01,Manufacturing,6000,Cost of Goods Sold,995810,1006206,10396
2024-03-01,Manufacturing,6000,Cost of Goods Sold,1002703,990264,-12439
2024-04-01,Manufacturing,6000,Cost of Goods Sold,1000357,981805,-18552
2024-05-01,Manufacturing,6000,Cost of Goods Sold,989778,941877,-47901
2024-06-01,Manufacturing,6000,Cost of Goods Sold,1004101,1018003,13902
2024-07-01,Manufacturing,6000,Cost of Goods Sold,986661,1022694,36033
2024-08-01,Manufacturing,6000,Cost of Goods Sold,1025571,1051131,25560
2024-09-01,Manufacturing,6000,Cost of Goods Sold,1017016,996876,-20140
2024-10-01,Manufacturing,6000,Cost of Goods Sold,992547,944545,-48002
2024-11-01,Manufacturing,6000,Cost of Goods Sold,991493,985447,-6046
2024-12-01,Manufacturing,6000,Cost of Goods Sold,1007200,1003811,-3389
2025-01-01,Manufacturing,6000,Cost of Goods Sold,1005896,1044360,38464
2025-02-01,Manufacturing,6000,Cost of Goods Sold,1005780,997311,-8469
2025-03-01,Manufacturing,6000,Cost of Goods Sold,980865,1024781,43916
2025-04-01,Manufacturing,6000,Cost of Goods Sold,1032013,1075641,43628
2025-05-01,Manufacturing,6000,Cost of Goods Sold,995627,951134,-44493
2025-06-01,Manufacturing,6000,Cost of Goods Sold,1005889,994478,-11411
2025-07-01,Manufacturing,6000,Cost of Goods Sold,1017280,1010503,-6777
2025-08-01,Manufacturing,6000,Cost of Goods Sold,1013941,999216,-14725
2025-09-01,Manufacturing,6000,Cost of Goods Sold,1008760,1006451,-2309
2025-10-01,Manufacturing,6000,Cost of Goods Sold,1034247,1072372,38125
2025-11-01,Manufacturing,6000,Cost of Goods Sold,1006758,991907,-14851
2025-12-01,Manufacturing,6000,Cost of Goods Sold,989462,1031216,41754
2026-01-01,Manufacturing,6000,Cost of Goods Sold,987796,1036405,48609
2026-02-01,Manufacturing,6000,Cost of Goods Sold,986586,1007413,20827
2026-03-01,Manufacturing,6000,Cost of Goods Sold,994066,946816,-47250
2026-04-01,Manufacturing,6000,Cost of Goods Sold,990987,993077,2090
2026-05-01,Manufacturing,6000,Cost of Goods Sold,979220,969762,-9458
2026-06-01,Manufacturing,6000,Cost of Goods Sold,1026054,1021980,-4074
2026-07-01,Manufacturing,6000,Cost of Goods Sold,1015365,993527,-21838
2023-01-01,Manufacturing,6100,Direct Materials,408683,409378,695
2023-02-01,Manufacturing,6100,Direct Materials,410507,407978,-2529
2023-03-01,Manufacturing,6100,Direct Materials,419685,430750,11065
2023-04-01,Manufacturing,6100,Direct Materials,408311,419715,11404
2023-05-01,Manufacturing,6100,Direct Materials,425762,428587,2825
2023-06-01,Manufacturing,6100,Direct Materials,409096,428247,19151
2023-07-01,Manufacturing,6100,Direct Materials,430910,425650,-5260
2023-08-01,Manufacturing,6100,Direct Materials,424048,421498,-2550
2023-09-01,Manufacturing,6100,Direct Materials,425608,415696,-9912
2023-10-01,Manufacturing,6100,Direct Materials,410984,428040,17056
2023-11-01,Manufacturing,6100,Direct Materials,409748,404990,-4758
2023-12-01,Manufacturing,6100,Direct Materials,417339,398220,-19119
2024-01-01,Manufacturing,6100,Direct Materials,415033,433857,18824
2024-02-01,Manufacturing,6100,Direct Materials,412301,415158,2857
2024-03-01,Manufacturing,6100,Direct Materials,417923,431544,13621
2024-04-01,Manufacturing,6100,Direct Materials,411221,413156,1935
2024-05-01,Manufacturing,6100,Direct Materials,413830,431048,17218
2024-06-01,Manufacturing,6100,Direct Materials,407414,389742,-17672
2024-07-01,Manufacturing,6100,Direct Materials,429043,418982,-10061
2024-08-01,Manufacturing,6100,Direct Materials,419563,401358,-18205
2024-09-01,Manufacturing,6100,Direct Materials,419201,439373,20172
2024-10-01,Manufacturing,6100,Direct Materials,430706,430425,-281
2024-11-01,Manufacturing,6100,Direct Materials,409415,407761,-1654
2024-12-01,Manufacturing,6100,Direct Materials,430065,435088,5023
2025-01-01,Manufacturing,6100,Direct Materials,432082,447231,15149
2025-02-01,Manufacturing,6100,Direct Materials,431483,421045,-10438
2025-03-01,Manufacturing,6100,Direct Materials,421476,437879,16403
2025-04-01,Manufacturing,6100,Direct Materials,427922,420673,-7249
2025-05-01,Manufacturing,6100,Direct Materials,424157,425290,1133
2025-06-01,Manufacturing,6100,Direct Materials,424227,438454,14227
2025-07-01,Manufacturing,6100,Direct Materials,422262,429973,7711
2025-08-01,Manufacturing,6100,Direct Materials,427716,439619,11903
2025-09-01,Manufacturing,6100,Direct Materials,413581,426606,13025
2025-10-01,Manufacturing,6100,Direct Materials,418334,408804,-9530
2025-11-01,Manufacturing,6100,Direct Materials,431086,422489,-8597
2025-12-01,Manufacturing,6100,Direct Materials,431914,453134,21220
2026-01-01,Manufacturing,6100,Direct Materials,408692,412439,3747
2026-02-01,Manufacturing,6100,Direct Materials,427602,466217,38615
2026-03-01,Manufacturing,6100,Direct Materials,428167,471926,43759
2026-04-01,Manufacturing,6100,Direct Materials,428681,466730,38049
2026-05-01,Manufacturing,6100,Direct Materials,431496,474030,42534
2026-06-01,Manufacturing,6100,Direct Materials,411262,445785,34523
2026-07-01,Manufacturing,6100,Direct Materials,421064,460863,39799
2023-01-01,Manufacturing,6200,Direct Labor,306800,304324,-2476
2023-02-01,Manufacturing,6200,Direct Labor,299338,286800,-12538
2023-03-01,Manufacturing,6200,Direct Labor,296275,295717,-558
2023-04-01,Manufacturing,6200,Direct Labor,310173,296721,-13452
2023-05-01,Manufacturing,6200,Direct Labor,299024,310665,11641
2023-06-01,Manufacturing,6200,Direct Labor,301232,310723,9491
2023-07-01,Manufacturing,6200,Direct Labor,296123,295329,-794
2023-08-01,Manufacturing,6200,Direct Labor,293883,306743,12860
2023-09-01,Manufacturing,6200,Direct Labor,295473,287663,-7810
2023-10-01,Manufacturing,6200,Direct Labor,309278,309026,-252
2023-11-01,Manufacturing,6200,Direct Labor,310715,313462,2747
2023-12-01,Manufacturing,6200,Direct Labor,300682,311189,10507
2024-01-01,Manufacturing,6200,Direct Labor,298526,301827,3301
2024-02-01,Manufacturing,6200,Direct Labor,296320,286221,-10099
2024-03-01,Manufacturing,6200,Direct Labor,299264,295578,-3686
2024-04-01,Manufacturing,6200,Direct Labor,294832,282511,-12321
2024-05-01,Manufacturing,6200,Direct Labor,307774,292647,-15127
2024-06-01,Manufacturing,6200,Direct Labor,303132,302909,-223
2024-07-01,Manufacturing,6200,Direct Labor,295003,308870,13867
2024-08-01,Manufacturing,6200,Direct Labor,307990,312547,4557
2024-09-01,Manufacturing,6200,Direct Labor,311324,295823,-15501
2024-10-01,Manufacturing,6200,Direct Labor,296550,285681,-10869
2024-11-01,Manufacturing,6200,Direct Labor,311176,307030,-4146
2024-12-01,Manufacturing,6200,Direct Labor,305769,315760,9991
2025-01-01,Manufacturing,6200,Direct Labor,299810,301969,2159
2025-02-01,Manufacturing,6200,Direct Labor,294062,305615,11553
2025-03-01,Manufacturing,6200,Direct Labor,299318,285518,-13800
2025-04-01,Manufacturing,6200,Direct Labor,303903,318739,14836
2025-05-01,Manufacturing,6200,Direct Labor,304475,314262,9787
2025-06-01,Manufacturing,6200,Direct Labor,296816,287019,-9797
2025-07-01,Manufacturing,6200,Direct Labor,300420,315245,14825
2025-08-01,Manufacturing,6200,Direct Labor,295279,298036,2757
2025-09-01,Manufacturing,6200,Direct Labor,304494,305288,794
2025-10-01,Manufacturing,6200,Direct Labor,308420,301772,-6648
2025-11-01,Manufacturing,6200,Direct Labor,294506,297633,3127
2025-12-01,Manufacturing,6200,Direct Labor,298045,302321,4276
2026-01-01,Manufacturing,6200,Direct Labor,306028,293668,-12360
2026-02-01,Manufacturing,6200,Direct Labor,304332,310085,5753
2026-03-01,Manufacturing,6200,Direct Labor,293909,304259,10350
2026-04-01,Manufacturing,6200,Direct Labor,305394,311346,5952
2026-05-01,Manufacturing,6200,Direct Labor,308030,303679,-4351
2026-06-01,Manufacturing,6200,Direct Labor,302561,296318,-6243
2026-07-01,Manufacturing,6200,Direct Labor,306131,303103,-3028
2023-01-01,Manufacturing,6300,Manufacturing Overhead,171094,166562,-4532
2023-02-01,Manufacturing,6300,Manufacturing Overhead,172885,169589,-3296
2023-03-01,Manufacturing,6300,Manufacturing Overhead,166252,161941,-4311
2023-04-01,Manufacturing,6300,Manufacturing Overhead,164459,158789,-5670
2023-05-01,Manufacturing,6300,Manufacturing Overhead,163761,165197,1436
2023-06-01,Manufacturing,6300,Manufacturing Overhead,164147,157707,-6440
2023-07-01,Manufacturing,6300,Manufacturing Overhead,167485,161612,-5873
2023-08-01,Manufacturing,6300,Manufacturing Overhead,163700,168126,4426
2023-09-01,Manufacturing,6300,Manufacturing Overhead,169892,171239,1347
2023-10-01,Manufacturing,6300,Manufacturing Overhead,170204,169103,-1101
2023-11-01,Manufacturing,6300,Manufacturing Overhead,164196,166566,2370
2023-12-01,Manufacturing,6300,Manufacturing Overhead,172461,173360,899
2024-01-01,Manufacturing,6300,Manufacturing Overhead,168884,176272,7388
2024-02-01,Manufacturing,6300,Manufacturing Overhead,165075,164633,-442
2024-03-01,Manufacturing,6300,Manufacturing Overhead,163301,157692,-5609
2024-04-01,Manufacturing,6300,Manufacturing Overhead,164890,157735,-7155
2024-05-01,Manufacturing,6300,Manufacturing Overhead,163276,169041,5765
2024-06-01,Manufacturing,6300,Manufacturing Overhead,165502,160315,-5187
2024-07-01,Manufacturing,6300,Manufacturing Overhead,167976,170636,2660
2024-08-01,Manufacturing,6300,Manufacturing Overhead,166967,170459,3492
2024-09-01,Manufacturing,6300,Manufacturing Overhead,166222,160120,-6102
2024-10-01,Manufacturing,6300,Manufacturing Overhead,166255,174014,7759
2024-11-01,Manufacturing,6300,Manufacturing Overhead,167217,164120,-3097
2024-12-01,Manufacturing,6300,Manufacturing Overhead,172188,173334,1146
2025-01-01,Manufacturing,6300,Manufacturing Overhead,170015,161641,-8374
2025-02-01,Manufacturing,6300,Manufacturing Overhead,170855,178617,7762
2025-03-01,Manufacturing,6300,Manufacturing Overhead,167151,166932,-219
2025-04-01,Manufacturing,6300,Manufacturing Overhead,172923,166839,-6084
2025-05-01,Manufacturing,6300,Manufacturing Overhead,171873,167405,-4468
2025-06-01,Manufacturing,6300,Manufacturing Overhead,169048,176775,7727
2025-07-01,Manufacturing,6300,Manufacturing Overhead,172106,175906,3800
2025-08-01,Manufacturing,6300,Manufacturing Overhead,167172,171700,4528
2025-09-01,Manufacturing,6300,Manufacturing Overhead,169326,172905,3579
2025-10-01,Manufacturing,6300,Manufacturing Overhead,171026,168854,-2172
2025-11-01,Manufacturing,6300,Manufacturing Overhead,162988,162708,-280
2025-12-01,Manufacturing,6300,Manufacturing Overhead,171269,171287,18
2026-01-01,Manufacturing,6300,Manufacturing Overhead,165088,162323,-2765
2026-02-01,Manufacturing,6300,Manufacturing Overhead,169599,173611,4012
2026-03-01,Manufacturing,6300,Manufacturing Overhead,168050,168569,519
2026-04-01,Manufacturing,6300,Manufacturing Overhead,171927,180414,8487
2026-05-01,Manufacturing,6300,Manufacturing Overhead,169134,171032,1898
2026-06-01,Manufacturing,6300,Manufacturing Overhead,167344,174871,7527
2026-07-01,Manufacturing,6300,Manufacturing Overhead,171027,170257,-770
2023-01-01,Manufacturing,7000,Salaries & Benefits,340417,342021,1604
2023-02-01,Manufacturing,7000,Salaries & Benefits,336782,345396,8614
2023-03-01,Manufacturing,7000,Salaries & Benefits,326817,321346,-5471
2023-04-01,Manufacturing,7000,Salaries & Benefits,334132,338377,4245
2023-05-01,Manufacturing,7000,Salaries & Benefits,341883,341012,-871
2023-06-01,Manufacturing,7000,Salaries & Benefits,343625,358368,14743
2023-07-01,Manufacturing,7000,Salaries & Benefits,344348,348093,3745
2023-08-01,Manufacturing,7000,Salaries & Benefits,330576,324466,-6110
2023-09-01,Manufacturing,7000,Salaries & Benefits,337832,336118,-1714
2023-10-01,Manufacturing,7000,Salaries & Benefits,331974,337022,5048
2023-11-01,Manufacturing,7000,Salaries & Benefits,326700,317862,-8838
2023-12-01,Manufacturing,7000,Salaries & Benefits,344152,335691,-8461
2024-01-01,Manufacturing,7000,Salaries & Benefits,331270,332288,1018
2024-02-01,Manufacturing,7000,Salaries & Benefits,326737,341506,14769
2024-03-01,Manufacturing,7000,Salaries & Benefits,334977,331526,-3451
2024-04-01,Manufacturing,7000,Salaries & Benefits,334589,349935,15346
2024-05-01,Manufacturing,7000,Salaries & Benefits,342096,334352,-7744
2024-06-01,Manufacturing,7000,Salaries & Benefits,342339,343932,1593
2024-07-01,Manufacturing,7000,Salaries & Benefits,334322,334381,59
2024-08-01,Manufacturing,7000,Salaries & Benefits,345124,355292,10168
2024-09-01,Manufacturing,7000,Salaries & Benefits,338823,332257,-6566
2024-10-01,Manufacturing,7000,Salaries & Benefits,338021,322850,-15171
2024-11-01,Manufacturing,7000,Salaries & Benefits,345856,335944,-9912
2024-12-01,Manufacturing,7000,Salaries & Benefits,339252,332045,-7207
2025-01-01,Manufacturing,7000,Salaries & Benefits,328256,319552,-8704
2025-02-01,Manufacturing,7000,Salaries & Benefits,345864,347965,2101
2025-03-01,Manufacturing,7000,Salaries & Benefits,332544,334043,1499
2025-04-01,Manufacturing,7000,Salaries & Benefits,329957,336064,6107
2025-05-01,Manufacturing,7000,Salaries & Benefits,327526,332335,4809
2025-06-01,Manufacturing,7000,Salaries & Benefits,345003,328467,-16536
2025-07-01,Manufacturing,7000,Salaries & Benefits,328538,336732,8194
2025-08-01,Manufacturing,7000,Salaries & Benefits,331125,336339,5214
2025-09-01,Manufacturing,7000,Salaries & Benefits,339464,336598,-2866
2025-10-01,Manufacturing,7000,Salaries & Benefits,344184,333999,-10185
2025-11-01,Manufacturing,7000,Salaries & Benefits,329224,315976,-13248
2025-12-01,Manufacturing,7000,Salaries & Benefits,344704,338137,-6567
2026-01-01,Manufacturing,7000,Salaries & Benefits,336853,338493,1640
2026-02-01,Manufacturing,7000,Salaries & Benefits,327303,343106,15803
2026-03-01,Manufacturing,7000,Salaries & Benefits,343524,355651,12127
2026-04-01,Manufacturing,7000,Salaries & Benefits,325987,317497,-8490
2026-05-01,Manufacturing,7000,Salaries & Benefits,341618,351676,10058
2026-06-01,Manufacturing,7000,Salaries & Benefits,344958,361004,16046
2026-07-01,Manufacturing,7000,Salaries & Benefits,328206,326607,-1599
2023-01-01,Manufacturing,7100,Travel & Entertainment,49255,50565,1310
2023-02-01,Manufacturing,7100,Travel & Entertainment,51245,51067,-178
2023-03-01,Manufacturing,7100,Travel & Entertainment,49257,50085,828
2023-04-01,Manufacturing,7100,Travel & Entertainment,49730,47658,-2072
2023-05-01,Manufacturing,7100,Travel & Entertainment,51274,50522,-752
2023-06-01,Manufacturing,7100,Travel & Entertainment,50061,48506,-1555
2023-07-01,Manufacturing,7100,Travel & Entertainment,51746,52912,1166
2023-08-01,Manufacturing,7100,Travel & Entertainment,51643,52264,621
2023-09-01,Manufacturing,7100,Travel & Entertainment,51820,53201,1381
2023-10-01,Manufacturing,7100,Travel & Entertainment,51888,50136,-1752
2023-11-01,Manufacturing,7100,Travel & Entertainment,49923,50033,110
2023-12-01,Manufacturing,7100,Travel & Entertainment,50973,49414,-1559
2024-01-01,Manufacturing,7100,Travel & Entertainment,51885,53220,1335
2024-02-01,Manufacturing,7100,Travel & Entertainment,49951,49153,-798
2024-03-01,Manufacturing,7100,Travel & Entertainment,50065,51350,1285
2024-04-01,Manufacturing,7100,Travel & Entertainment,49201,49262,61
2024-05-01,Manufacturing,7100,Travel & Entertainment,51343,49866,-1477
2024-06-01,Manufacturing,7100,Travel & Entertainment,49463,50143,680
2024-07-01,Manufacturing,7100,Travel & Entertainment,51227,52496,1269
2024-08-01,Manufacturing,7100,Travel & Entertainment,49090,51510,2420
2024-09-01,Manufacturing,7100,Travel & Entertainment,49574,50352,778
2024-10-01,Manufacturing,7100,Travel & Entertainment,51649,51620,-29
2024-11-01,Manufacturing,7100,Travel & Entertainment,51219,50642,-577
2024-12-01,Manufacturing,7100,Travel & Entertainment,50831,49302,-1529
2025-01-01,Manufacturing,7100,Travel & Entertainment,49015,48784,-231
2025-02-01,Manufacturing,7100,Travel & Entertainment,48899,48192,-707
2025-03-01,Manufacturing,7100,Travel & Entertainment,51875,54126,2251
2025-04-01,Manufacturing,7100,Travel & Entertainment,50850,50420,-430
2025-05-01,Manufacturing,7100,Travel & Entertainment,51421,53836,2415
2025-06-01,Manufacturing,7100,Travel & Entertainment,51495,49359,-2136
2025-07-01,Manufacturing,7100,Travel & Entertainment,51437,51924,487
2025-08-01,Manufacturing,7100,Travel & Entertainment,50586,48646,-1940
2025-09-01,Manufacturing,7100,Travel & Entertainment,49299,49271,-28
2025-10-01,Manufacturing,7100,Travel & Entertainment,51900,53072,1172
2025-11-01,Manufacturing,7100,Travel & Entertainment,49918,50542,624
2025-12-01,Manufacturing,7100,Travel & Entertainment,48986,50628,1642
2026-01-01,Manufacturing,7100,Travel & Entertainment,49847,48910,-937
2026-02-01,Manufacturing,7100,Travel & Entertainment,51374,50313,-1061
2026-03-01,Manufacturing,7100,Travel & Entertainment,51485,49193,-2292
2026-04-01,Manufacturing,7100,Travel & Entertainment,49796,52107,2311
2026-05-01,Manufacturing,7100,Travel & Entertainment,49302,48110,-1192
2026-06-01,Manufacturing,7100,Travel & Entertainment,50036,48300,-1736
2026-07-01,Manufacturing,7100,Travel & Entertainment,49916,49477,-439
2023-01-01,Manufacturing,7200,Professional Services,81855,82108,253
2023-02-01,Manufacturing,7200,Professional Services,81859,80290,-1569
2023-03-01,Manufacturing,7200,Professional Services,82991,79030,-3961
2023-04-01,Manufacturing,7200,Professional Services,86426,84937,-1489
2023-05-01,Manufacturing,7200,Professional Services,85067,88210,3143
2023-06-01,Manufacturing,7200,Professional Services,86174,87061,887
2023-07-01,Manufacturing,7200,Professional Services,85772,84593,-1179
2023-08-01,Manufacturing,7200,Professional Services,81960,80027,-1933
2023-09-01,Manufacturing,7200,Professional Services,83162,86392,3230
2023-10-01,Manufacturing,7200,Professional Services,82400,80029,-2371
2023-11-01,Manufacturing,7200,Professional Services,85514,83218,-2296
2023-12-01,Manufacturing,7200,Professional Services,82874,85704,2830
2024-01-01,Manufacturing,7200,Professional Services,84253,84601,348
2024-02-01,Manufacturing,7200,Professional Services,85811,88485,2674
2024-03-01,Manufacturing,7200,Professional Services,84247,84899,652
2024-04-01,Manufacturing,7200,Professional Services,84960,83237,-1723
2024-05-01,Manufacturing,7200,Professional Services,84264,82558,-1706
2024-06-01,Manufacturing,7200,Professional Services,85992,88162,2170
2024-07-01,Manufacturing,7200,Professional Services,81685,85106,3421
2024-08-01,Manufacturing,7200,Professional Services,83598,84918,1320
2024-09-01,Manufacturing,7200,Professional Services,82836,79125,-3711
2024-10-01,Manufacturing,7200,Professional Services,81826,85500,3674
2024-11-01,Manufacturing,7200,Professional Services,84445,81125,-3320
2024-12-01,Manufacturing,7200,Professional Services,83884,83626,-258
2025-01-01,Manufacturing,7200,Professional Services,83300,83650,350
2025-02-01,Manufacturing,7200,Professional Services,82812,83564,752
2025-03-01,Manufacturing,7200,Professional Services,84308,86788,2480
2025-04-01,Manufacturing,7200,Professional Services,81893,79177,-2716
2025-05-01,Manufacturing,7200,Professional Services,84748,85333,585
2025-06-01,Manufacturing,7200,Professional Services,85848,86971,1123
2025-07-01,Manufacturing,7200,Professional Services,81565,79268,-2297
2025-08-01,Manufacturing,7200,Professional Services,85049,82237,-2812
2025-09-01,Manufacturing,7200,Professional Services,86305,89445,3140
2025-10-01,Manufacturing,7200,Professional Services,84049,88164,4115
2025-11-01,Manufacturing,7200,Professional Services,81507,81694,187
2025-12-01,Manufacturing,7200,Professional Services,82858,85300,2442
2026-01-01,Manufacturing,7200,Professional Services,85392,82724,-2668
2026-02-01,Manufacturing,7200,Professional Services,84240,80528,-3712
2026-03-01,Manufacturing,7200,Professional Services,82543,83920,1377
2026-04-01,Manufacturing,7200,Professional Services,82450,82679,229
2026-05-01,Manufacturing,7200,Professional Services,83215,82420,-795
2026-06-01,Manufacturing,7200,Professional Services,84457,87926,3469
2026-07-01,Manufacturing,7200,Professional Services,82930,80849,-2081
2023-01-01,Manufacturing,7300,Facilities,102954,99090,-3864
2023-02-01,Manufacturing,7300,Facilities,100318,101806,1488
2023-03-01,Manufacturing,7300,Facilities,100786,105602,4816
2023-04-01,Manufacturing,7300,Facilities,100229,97134,-3095
2023-05-01,Manufacturing,7300,Facilities,99306,95614,-3692
2023-06-01,Manufacturing,7300,Facilities,98891,100284,1393
2023-07-01,Manufacturing,7300,Facilities,98502,100187,1685
2023-08-01,Manufacturing,7300,Facilities,98577,94044,-4533
2023-09-01,Manufacturing,7300,Facilities,103813,106355,2542
2023-10-01,Manufacturing,7300,Facilities,102199,104080,1881
2023-11-01,Manufacturing,7300,Facilities,98580,95801,-2779
2023-12-01,Manufacturing,7300,Facilities,103578,104350,772
2024-01-01,Manufacturing,7300,Facilities,101718,103928,2210
2024-02-01,Manufacturing,7300,Facilities,102796,97798,-4998
2024-03-01,Manufacturing,7300,Facilities,98423,95533,-2890
2024-04-01,Manufacturing,7300,Facilities,98649,100862,2213
2024-05-01,Manufacturing,7300,Facilities,102527,106308,3781
2024-06-01,Manufacturing,7300,Facilities,99742,98856,-886
2024-07-01,Manufacturing,7300,Facilities,101765,103600,1835
2024-08-01,Manufacturing,7300,Facilities,100458,97460,-2998
2024-09-01,Manufacturing,7300,Facilities,101617,98637,-2980
2024-10-01,Manufacturing,7300,Facilities,99912,103608,3696
2024-11-01,Manufacturing,7300,Facilities,102966,104637,1671
2024-12-01,Manufacturing,7300,Facilities,100739,105264,4525
2025-01-01,Manufacturing,7300,Facilities,100422,97933,-2489
2025-02-01,Manufacturing,7300,Facilities,100397,96969,-3428
2025-03-01,Manufacturing,7300,Facilities,102502,105922,3420
2025-04-01,Manufacturing,7300,Facilities,102302,102550,248
2025-05-01,Manufacturing,7300,Facilities,99009,95152,-3857
2025-06-01,Manufacturing,7300,Facilities,99513,97358,-2155
2025-07-01,Manufacturing,7300,Facilities,98847,101507,2660
2025-08-01,Manufacturing,7300,Facilities,100638,103281,2643
2025-09-01,Manufacturing,7300,Facilities,98171,97724,-447
2025-10-01,Manufacturing,7300,Facilities,99610,96864,-2746
2025-11-01,Manufacturing,7300,Facilities,98991,102593,3602
2025-12-01,Manufacturing,7300,Facilities,102853,107620,4767
2026-01-01,Manufacturing,7300,Facilities,99407,99212,-195
2026-02-01,Manufacturing,7300,Facilities,100426,96745,-3681
2026-03-01,Manufacturing,7300,Facilities,102500,103989,1489
2026-04-01,Manufacturing,7300,Facilities,100102,104972,4870
2026-05-01,Manufacturing,7300,Facilities,101113,102548,1435
2026-06-01,Manufacturing,7300,Facilities,98651,96359,-2292
2026-07-01,Manufacturing,7300,Facilities,100019,97567,-2452
2023-01-01,Manufacturing,7400,Depreciation,65583,67957,2374
2023-02-01,Manufacturing,7400,Depreciation,67266,65989,-1277
2023-03-01,Manufacturing,7400,Depreciation,66812,63892,-2920
2023-04-01,Manufacturing,7400,Depreciation,69043,66330,-2713
2023-05-01,Manufacturing,7400,Depreciation,68808,67102,-1706
2023-06-01,Manufacturing,7400,Depreciation,66169,69197,3028
2023-07-01,Manufacturing,7400,Depreciation,68939,71392,2453
2023-08-01,Manufacturing,7400,Depreciation,67500,70365,2865
2023-09-01,Manufacturing,7400,Depreciation,68901,69780,879
2023-10-01,Manufacturing,7400,Depreciation,69125,65692,-3433
2023-11-01,Manufacturing,7400,Depreciation,69049,67857,-1192
2023-12-01,Manufacturing,7400,Depreciation,67965,68331,366
2024-01-01,Manufacturing,7400,Depreciation,67474,64110,-3364
2024-02-01,Manufacturing,7400,Depreciation,65964,63381,-2583
2024-03-01,Manufacturing,7400,Depreciation,66419,68174,1755
2024-04-01,Manufacturing,7400,Depreciation,66197,68213,2016
2024-05-01,Manufacturing,7400,Depreciation,67548,68418,870
2024-06-01,Manufacturing,7400,Depreciation,67885,71012,3127
2024-07-01,Manufacturing,7400,Depreciation,67463,66498,-965
2024-08-01,Manufacturing,7400,Depreciation,66716,67547,831
2024-09-01,Manufacturing,7400,Depreciation,68774,67568,-1206
2024-10-01,Manufacturing,7400,Depreciation,68643,67661,-982
2024-11-01,Manufacturing,7400,Depreciation,68244,68466,222
2024-12-01,Manufacturing,7400,Depreciation,67172,66707,-465
2025-01-01,Manufacturing,7400,Depreciation,67452,68732,1280
2025-02-01,Manufacturing,7400,Depreciation,65600,68197,2597
2025-03-01,Manufacturing,7400,Depreciation,66117,68541,2424
2025-04-01,Manufacturing,7400,Depreciation,66010,65431,-579
2025-05-01,Manufacturing,7400,Depreciation,69200,66242,-2958
2025-06-01,Manufacturing,7400,Depreciation,67930,71163,3233
2025-07-01,Manufacturing,7400,Depreciation,66963,64524,-2439
2025-08-01,Manufacturing,7400,Depreciation,68160,66241,-1919
2025-09-01,Manufacturing,7400,Depreciation,65575,63978,-1597
2025-10-01,Manufacturing,7400,Depreciation,68886,68260,-626
2025-11-01,Manufacturing,7400,Depreciation,69181,70170,989
2025-12-01,Manufacturing,7400,Depreciation,68772,71475,2703
2026-01-01,Manufacturing,7400,Depreciation,65561,68338,2777
2026-02-01,Manufacturing,7400,Depreciation,67651,64901,-2750
2026-03-01,Manufacturing,7400,Depreciation,66193,66844,651
2026-04-01,Manufacturing,7400,Depreciation,68194,71183,2989
2026-05-01,Manufacturing,7400,Depreciation,66157,65998,-159
2026-06-01,Manufacturing,7400,Depreciation,66301,64093,-2208
2026-07-01,Manufacturing,7400,Depreciation,68238,69798,1560
2023-01-01,Manufacturing,7500,IT & Software,51689,51635,-54
2023-02-01,Manufacturing,7500,IT & Software,51889,53423,1534
2023-03-01,Manufacturing,7500,IT & Software,51572,49510,-2062
2023-04-01,Manufacturing,7500,IT & Software,50411,49047,-1364
2023-05-01,Manufacturing,7500,IT & Software,50629,48098,-2531
2023-06-01,Manufacturing,7500,IT & Software,50994,53210,2216
2023-07-01,Manufacturing,7500,IT & Software,51166,51454,288
2023-08-01,Manufacturing,7500,IT & Software,49385,50565,1180
2023-09-01,Manufacturing,7500,IT & Software,51854,52226,372
2023-10-01,Manufacturing,7500,IT & Software,50906,49341,-1565
2023-11-01,Manufacturing,7500,IT & Software,51375,50010,-1365
2023-12-01,Manufacturing,7500,IT & Software,49025,47453,-1572
2024-01-01,Manufacturing,7500,IT & Software,51390,49836,-1554
2024-02-01,Manufacturing,7500,IT & Software,49780,47596,-2184
2024-03-01,Manufacturing,7500,IT & Software,50247,50843,596
2024-04-01,Manufacturing,7500,IT & Software,48983,50089,1106
2024-05-01,Manufacturing,7500,IT & Software,51078,50397,-681
2024-06-01,Manufacturing,7500,IT & Software,51176,52512,1336
2024-07-01,Manufacturing,7500,IT & Software,51412,51061,-351
2024-08-01,Manufacturing,7500,IT & Software,50968,52668,1700
2024-09-01,Manufacturing,7500,IT & Software,49369,48767,-602
2024-10-01,Manufacturing,7500,IT & Software,49406,47109,-2297
2024-11-01,Manufacturing,7500,IT & Software,49417,51112,1695
2024-12-01,Manufacturing,7500,IT & Software,50159,48077,-2082
2025-01-01,Manufacturing,7500,IT & Software,49364,47257,-2107
2025-02-01,Manufacturing,7500,IT & Software,50143,49815,-328
2025-03-01,Manufacturing,7500,IT & Software,51004,49301,-1703
2025-04-01,Manufacturing,7500,IT & Software,51046,52137,1091
2025-05-01,Manufacturing,7500,IT & Software,51561,51720,159
2025-06-01,Manufacturing,7500,IT & Software,51612,52085,473
2025-07-01,Manufacturing,7500,IT & Software,51797,52240,443
2025-08-01,Manufacturing,7500,IT & Software,49886,49652,-234
2025-09-01,Manufacturing,7500,IT & Software,51394,51878,484
2025-10-01,Manufacturing,7500,IT & Software,50885,49438,-1447
2025-11-01,Manufacturing,7500,IT & Software,50246,48599,-1647
2025-12-01,Manufacturing,7500,IT & Software,51418,51136,-282
2026-01-01,Manufacturing,7500,IT & Software,49843,50373,530
2026-02-01,Manufacturing,7500,IT & Software,51689,53231,1542
2026-03-01,Manufacturing,7500,IT & Software,51415,49853,-1562
2026-04-01,Manufacturing,7500,IT & Software,49782,51139,1357
2026-05-01,Manufacturing,7500,IT & Software,50294,48237,-2057
2026-06-01,Manufacturing,7500,IT & Software,50646,52148,1502
2026-07-01,Manufacturing,7500,IT & Software,49271,47072,-2199
2023-01-01,Manufacturing,7600,Marketing,51117,51288,171
2023-02-01,Manufacturing,7600,Marketing,51480,51789,309
2023-03-01,Manufacturing,7600,Marketing,50081,50830,749
2023-04-01,Manufacturing,7600,Marketing,51042,52659,1617
2023-05-01,Manufacturing,7600,Marketing,49048,47477,-1571
2023-06-01,Manufacturing,7600,Marketing,51536,53077,1541
2023-07-01,Manufacturing,7600,Marketing,49615,47386,-2229
2023-08-01,Manufacturing,7600,Marketing,51484,51709,225
2023-09-01,Manufacturing,7600,Marketing,49112,49304,192
2023-10-01,Manufacturing,7600,Marketing,49141,49264,123
2023-11-01,Manufacturing,7600,Marketing,49171,47997,-1174
2023-12-01,Manufacturing,7600,Marketing,50548,52207,1659
2024-01-01,Manufacturing,7600,Marketing,49021,48974,-47
2024-02-01,Manufacturing,7600,Marketing,51422,49569,-1853
2024-03-01,Manufacturing,7600,Marketing,51277,52296,1019
2024-04-01,Manufacturing,7600,Marketing,49158,47427,-1731
2024-05-01,Manufacturing,7600,Marketing,50226,49835,-391
2024-06-01,Manufacturing,7600,Marketing,50805,48672,-2133
2024-07-01,Manufacturing,7600,Marketing,51187,50987,-200
2024-08-01,Manufacturing,7600,Marketing,50948,53458,2510
2024-09-01,Manufacturing,7600,Marketing,49909,47579,-2330
2024-10-01,Manufacturing,7600,Marketing,48923,46611,-2312
2024-11-01,Manufacturing,7600,Marketing,50899,48477,-2422
2024-12-01,Manufacturing,7600,Marketing,51336,48925,-2411
2025-01-01,Manufacturing,7600,Marketing,49863,51147,1284
2025-02-01,Manufacturing,7600,Marketing,51331,51772,441
2025-03-01,Manufacturing,7600,Marketing,49138,47617,-1521
2025-04-01,Manufacturing,7600,Marketing,51770,49690,-2080
2025-05-01,Manufacturing,7600,Marketing,51258,51458,200
2025-06-01,Manufacturing,7600,Marketing,50012,51450,1438
2025-07-01,Manufacturing,7600,Marketing,51151,51687,536
2025-08-01,Manufacturing,7600,Marketing,51063,53557,2494
2025-09-01,Manufacturing,7600,Marketing,49834,50692,858
2025-10-01,Manufacturing,7600,Marketing,51291,51312,21
2025-11-01,Manufacturing,7600,Marketing,49765,48731,-1034
2025-12-01,Manufacturing,7600,Marketing,49370,49596,226
2026-01-01,Manufacturing,7600,Marketing,49335,50165,830
2026-02-01,Manufacturing,7600,Marketing,50521,49446,-1075
2026-03-01,Manufacturing,7600,Marketing,50467,51819,1352
2026-04-01,Manufacturing,7600,Marketing,49343,50943,1600
2026-05-01,Manufacturing,7600,Marketing,49762,50367,605
2026-06-01,Manufacturing,7600,Marketing,49016,48425,-591
2026-07-01,Manufacturing,7600,Marketing,49010,48690,-320
2023-01-01,Manufacturing,8000,Research & Development,48967,49453,486
2023-02-01,Manufacturing,8000,Research & Development,48896,47729,-1167
2023-03-01,Manufacturing,8000,Research & Development,49631,48863,-768
2023-04-01,Manufacturing,8000,Research & Development,49921,49229,-692
2023-05-01,Manufacturing,8000,Research & Development,50448,50600,152
2023-06-01,Manufacturing,8000,Research & Development,50113,50429,316
2023-07-01,Manufacturing,8000,Research & Development,49601,47861,-1740
2023-08-01,Manufacturing,8000,Research & Development,49703,48350,-1353
2023-09-01,Manufacturing,8000,Research & Development,49861,50665,804
2023-10-01,Manufacturing,8000,Research & Development,49995,51603,1608
2023-11-01,Manufacturing,8000,Research & Development,51262,50623,-639
2023-12-01,Manufacturing,8000,Research & Development,49015,50065,1050
2024-01-01,Manufacturing,8000,Research & Development,50778,48508,-2270
2024-02-01,Manufacturing,8000,Research & Development,49517,49072,-445
2024-03-01,Manufacturing,8000,Research & Development,51477,51777,300
2024-04-01,Manufacturing,8000,Research & Development,50757,52211,1454
2024-05-01,Manufacturing,8000,Research & Development,48939,49548,609
2024-06-01,Manufacturing,8000,Research & Development,50812,53041,2229
2024-07-01,Manufacturing,8000,Research & Development,51684,50055,-1629
2024-08-01,Manufacturing,8000,Research & Development,49083,47943,-1140
2024-09-01,Manufacturing,8000,Research & Development,49030,47179,-1851
2024-10-01,Manufacturing,8000,Research & Development,50072,51749,1677
2024-11-01,Manufacturing,8000,Research & Development,49264,49539,275
2024-12-01,Manufacturing,8000,Research & Development,50489,47990,-2499
2025-01-01,Manufacturing,8000,Research & Development,50780,49554,-1226
2025-02-01,Manufacturing,8000,Research & Development,51479,49819,-1660
2025-03-01,Manufacturing,8000,Research & Development,51756,51748,-8
2025-04-01,Manufacturing,8000,Research & Development,51703,51784,81
2025-05-01,Manufacturing,8000,Research & Development,50031,51351,1320
2025-06-01,Manufacturing,8000,Research & Development,50486,48286,-2200
2025-07-01,Manufacturing,8000,Research & Development,49698,47983,-1715
2025-08-01,Manufacturing,8000,Research & Development,49086,50051,965
2025-09-01,Manufacturing,8000,Research & Development,50760,49720,-1040
2025-10-01,Manufacturing,8000,Research & Development,49405,49758,353
2025-11-01,Manufacturing,8000,Research & Development,50913,52087,1174
2025-12-01,Manufacturing,8000,Research & Development,50121,48410,-1711
2026-01-01,Manufacturing,8000,Research & Development,49622,49224,-398
2026-02-01,Manufacturing,8000,Research & Development,51056,50383,-673
2026-03-01,Manufacturing,8000,Research & Development,51081,51226,145
2026-04-01,Manufacturing,8000,Research & Development,49535,48592,-943
2026-05-01,Manufacturing,8000,Research & Development,51242,49101,-2141
2026-06-01,Manufacturing,8000,Research & Development,51529,53188,1659
2026-07-01,Manufacturing,8000,Research & Development,49770,52170,2400
2023-01-01,Procurement,6000,Cost of Goods Sold,62584,61675,-909
2023-02-01,Procurement,6000,Cost of Goods Sold,63946,65594,1648
2023-03-01,Procurement,6000,Cost of Goods Sold,64385,61438,-2947
2023-04-01,Procurement,6000,Cost of Goods Sold,62634,60937,-1697
2023-05-01,Procurement,6000,Cost of Goods Sold,63664,62645,-1019
2023-06-01,Procurement,6000,Cost of Goods Sold,63692,62379,-1313
2023-07-01,Procurement,6000,Cost of Goods Sold,64736,67399,2663
2023-08-01,Procurement,6000,Cost of Goods Sold,61198,58656,-2542
2023-09-01,Procurement,6000,Cost of Goods Sold,62536,61981,-555
2023-10-01,Procurement,6000,Cost of Goods Sold,62168,60866,-1302
2023-11-01,Procurement,6000,Cost of Goods Sold,63286,65278,1992
2023-12-01,Procurement,6000,Cost of Goods Sold,63020,65655,2635
2024-01-01,Procurement,6000,Cost of Goods Sold,64028,65506,1478
2024-02-01,Procurement,6000,Cost of Goods Sold,62502,62853,351
2024-03-01,Procurement,6000,Cost of Goods Sold,63004,60978,-2026
2024-04-01,Procurement,6000,Cost of Goods Sold,64823,63731,-1092
2024-05-01,Procurement,6000,Cost of Goods Sold,64786,64564,-222
2024-06-01,Procurement,6000,Cost of Goods Sold,64254,61437,-2817
2024-07-01,Procurement,6000,Cost of Goods Sold,63712,60766,-2946
2024-08-01,Procurement,6000,Cost of Goods Sold,63706,60887,-2819
2024-09-01,Procurement,6000,Cost of Goods Sold,64334,62654,-1680
2024-10-01,Procurement,6000,Cost of Goods Sold,64574,62694,-1880
2024-11-01,Procurement,6000,Cost of Goods Sold,64002,63074,-928
2024-12-01,Procurement,6000,Cost of Goods Sold,64242,62686,-1556
2025-01-01,Procurement,6000,Cost of Goods Sold,62301,63602,1301
2025-02-01,Procurement,6000,Cost of Goods Sold,62602,60861,-1741
2025-03-01,Procurement,6000,Cost of Goods Sold,61645,59193,-2452
2025-04-01,Procurement,6000,Cost of Goods Sold,61467,62081,614
2025-05-01,Procurement,6000,Cost of Goods Sold,63099,64495,1396
2025-06-01,Procurement,6000,Cost of Goods Sold,64086,64370,284
2025-07-01,Procurement,6000,Cost of Goods Sold,63402,61491,-1911
2025-08-01,Procurement,6000,Cost of Goods Sold,63353,64182,829
2025-09-01,Procurement,6000,Cost of Goods Sold,61858,60106,-1752
2025-10-01,Procurement,6000,Cost of Goods Sold,62641,61532,-1109
2025-11-01,Procurement,6000,Cost of Goods Sold,61963,64332,2369
2025-12-01,Procurement,6000,Cost of Goods Sold,64341,65778,1437
2026-01-01,Procurement,6000,Cost of Goods Sold,64724,67430,2706
2026-02-01,Procurement,6000,Cost of Goods Sold,63423,63454,31
2026-03-01,Procurement,6000,Cost of Goods Sold,63977,62873,-1104
2026-04-01,Procurement,6000,Cost of Goods Sold,62582,62342,-240
2026-05-01,Procurement,6000,Cost of Goods Sold,63003,62418,-585
2026-06-01,Procurement,6000,Cost of Goods Sold,63199,65500,2301
2026-07-01,Procurement,6000,Cost of Goods Sold,64481,61326,-3155
2023-01-01,Procurement,6100,Direct Materials,25754,26579,825
2023-02-01,Procurement,6100,Direct Materials,27033,25761,-1272
2023-03-01,Procurement,6100,Direct Materials,25631,26345,714
2023-04-01,Procurement,6100,Direct Materials,25639,24685,-954
2023-05-01,Procurement,6100,Direct Materials,26403,27523,1120
2023-06-01,Procurement,6100,Direct Materials,25847,25530,-317
2023-07-01,Procurement,6100,Direct Materials,26206,26738,532
2023-08-01,Procurement,6100,Direct Materials,25878,25318,-560
2023-09-01,Procurement,6100,Direct Materials,27004,25977,-1027
2023-10-01,Procurement,6100,Direct Materials,26604,26379,-225
2023-11-01,Procurement,6100,Direct Materials,25467,25775,308
2023-12-01,Procurement,6100,Direct Materials,25799,25458,-341
2024-01-01,Procurement,6100,Direct Materials,26710,25732,-978
2024-02-01,Procurement,6100,Direct Materials,25554,25072,-482
2024-03-01,Procurement,6100,Direct Materials,25574,24610,-964
2024-04-01,Procurement,6100,Direct Materials,26291,27006,715
2024-05-01,Procurement,6100,Direct Materials,25914,26016,102
2024-06-01,Procurement,6100,Direct Materials,25818,25552,-266
2024-07-01,Procurement,6100,Direct Materials,26214,27100,886
2024-08-01,Procurement,6100,Direct Materials,26386,27063,677
2024-09-01,Procurement,6100,Direct Materials,26104,25244,-860
2024-10-01,Procurement,6100,Direct Materials,26601,27776,1175
2024-11-01,Procurement,6100,Direct Materials,26418,26433,15
2024-12-01,Procurement,6100,Direct Materials,25578,25453,-125
2025-01-01,Procurement,6100,Direct Materials,25990,25778,-212
2025-02-01,Procurement,6100,Direct Materials,25608,26719,1111
2025-03-01,Procurement,6100,Direct Materials,26558,27507,949
2025-04-01,Procurement,6100,Direct Materials,25925,25976,51
2025-05-01,Procurement,6100,Direct Materials,26104,26749,645
2025-06-01,Procurement,6100,Direct Materials,26769,27118,349
2025-07-01,Procurement,6100,Direct Materials,26688,26254,-434
2025-08-01,Procurement,6100,Direct Materials,26238,25964,-274
2025-09-01,Procurement,6100,Direct Materials,26148,26908,760
2025-10-01,Procurement,6100,Direct Materials,25536,26031,495
2025-11-01,Procurement,6100,Direct Materials,25646,24694,-952
2025-12-01,Procurement,6100,Direct Materials,26691,25404,-1287
2026-01-01,Procurement,6100,Direct Materials,25529,24745,-784
2026-02-01,Procurement,6100,Direct Materials,27022,29746,2724
2026-03-01,Procurement,6100,Direct Materials,25783,28248,2465
2026-04-01,Procurement,6100,Direct Materials,26856,29099,2243
2026-05-01,Procurement,6100,Direct Materials,26835,29011,2176
2026-06-01,Procurement,6100,Direct Materials,25705,28230,2525
2026-07-01,Procurement,6100,Direct Materials,25967,28818,2851
2023-01-01,Procurement,6200,Direct Labor,18446,17847,-599
2023-02-01,Procurement,6200,Direct Labor,18581,19320,739
2023-03-01,Procurement,6200,Direct Labor,18736,19331,595
2023-04-01,Procurement,6200,Direct Labor,18910,18311,-599
2023-05-01,Procurement,6200,Direct Labor,18982,18954,-28
2023-06-01,Procurement,6200,Direct Labor,19294,19148,-146
2023-07-01,Procurement,6200,Direct Labor,18970,19733,763
2023-08-01,Procurement,6200,Direct Labor,19037,19958,921
2023-09-01,Procurement,6200,Direct Labor,19276,18872,-404
2023-10-01,Procurement,6200,Direct Labor,19425,18679,-746
2023-11-01,Procurement,6200,Direct Labor,18678,18780,102
2023-12-01,Procurement,6200,Direct Labor,19233,20166,933
2024-01-01,Procurement,6200,Direct Labor,19218,18916,-302
2024-02-01,Procurement,6200,Direct Labor,18602,19277,675
2024-03-01,Procurement,6200,Direct Labor,19368,19826,458
2024-04-01,Procurement,6200,Direct Labor,18932,18757,-175
2024-05-01,Procurement,6200,Direct Labor,18573,18843,270
2024-06-01,Procurement,6200,Direct Labor,19030,18315,-715
2024-07-01,Procurement,6200,Direct Labor,18449,18210,-239
2024-08-01,Procurement,6200,Direct Labor,19117,18196,-921
2024-09-01,Procurement,6200,Direct Labor,19265,19279,14
2024-10-01,Procurement,6200,Direct Labor,19459,19616,157
2024-11-01,Procurement,6200,Direct Labor,18407,18019,-388
2024-12-01,Procurement,6200,Direct Labor,18984,19810,826
2025-01-01,Procurement,6200,Direct Labor,19143,19053,-90
2025-02-01,Procurement,6200,Direct Labor,18622,19194,572
2025-03-01,Procurement,6200,Direct Labor,18790,18974,184
2025-04-01,Procurement,6200,Direct Labor,18983,19823,840
2025-05-01,Procurement,6200,Direct Labor,18810,19044,234
2025-06-01,Procurement,6200,Direct Labor,19249,19960,711
2025-07-01,Procurement,6200,Direct Labor,19078,19708,630
2025-08-01,Procurement,6200,Direct Labor,19061,19556,495
2025-09-01,Procurement,6200,Direct Labor,19179,19516,337
2025-10-01,Procurement,6200,Direct Labor,19196,19876,680
2025-11-01,Procurement,6200,Direct Labor,18435,18476,41
2025-12-01,Procurement,6200,Direct Labor,18498,19022,524
2026-01-01,Procurement,6200,Direct Labor,18990,19250,260
2026-02-01,Procurement,6200,Direct Labor,18978,18308,-670
2026-03-01,Procurement,6200,Direct Labor,18974,18584,-390
2026-04-01,Procurement,6200,Direct Labor,19209,19953,744
2026-05-01,Procurement,6200,Direct Labor,18979,19534,555
2026-06-01,Procurement,6200,Direct Labor,19305,20180,875
2026-07-01,Procurement,6200,Direct Labor,19343,18585,-758
2023-01-01,Procurement,6300,Manufacturing Overhead,10714,11043,329
2023-02-01,Procurement,6300,Manufacturing Overhead,10326,10616,290
2023-03-01,Procurement,6300,Manufacturing Overhead,10674,10599,-75
2023-04-01,Procurement,6300,Manufacturing Overhead,10540,11026,486
2023-05-01,Procurement,6300,Manufacturing Overhead,10220,10345,125
2023-06-01,Procurement,6300,Manufacturing Overhead,10199,10258,59
2023-07-01,Procurement,6300,Manufacturing Overhead,10283,10427,144
2023-08-01,Procurement,6300,Manufacturing Overhead,10473,10387,-86
2023-09-01,Procurement,6300,Manufacturing Overhead,10747,10900,153
2023-10-01,Procurement,6300,Manufacturing Overhead,10295,10003,-292
2023-11-01,Procurement,6300,Manufacturing Overhead,10539,11060,521
2023-12-01,Procurement,6300,Manufacturing Overhead,10329,10439,110
2024-01-01,Procurement,6300,Manufacturing Overhead,10390,10559,169
2024-02-01,Procurement,6300,Manufacturing Overhead,10757,10919,162
2024-03-01,Procurement,6300,Manufacturing Overhead,10751,10773,22
2024-04-01,Procurement,6300,Manufacturing Overhead,10599,10664,65
2024-05-01,Procurement,6300,Manufacturing Overhead,10196,10521,325
2024-06-01,Procurement,6300,Manufacturing Overhead,10364,9849,-515
2024-07-01,Procurement,6300,Manufacturing Overhead,10402,10306,-96
2024-08-01,Procurement,6300,Manufacturing Overhead,10603,11114,511
2024-09-01,Procurement,6300,Manufacturing Overhead,10753,10824,71
2024-10-01,Procurement,6300,Manufacturing Overhead,10459,9967,-492
2024-11-01,Procurement,6300,Manufacturing Overhead,10692,10996,304
2024-12-01,Procurement,6300,Manufacturing Overhead,10441,10716,275
2025-01-01,Procurement,6300,Manufacturing Overhead,10528,10156,-372
2025-02-01,Procurement,6300,Manufacturing Overhead,10601,10170,-431
2025-03-01,Procurement,6300,Manufacturing Overhead,10532,10609,77
2025-04-01,Procurement,6300,Manufacturing Overhead,10402,10538,136
2025-05-01,Procurement,6300,Manufacturing Overhead,10767,10462,-305
2025-06-01,Procurement,6300,Manufacturing Overhead,10539,10864,325
2025-07-01,Procurement,6300,Manufacturing Overhead,10247,10586,339
2025-08-01,Procurement,6300,Manufacturing Overhead,10741,11027,286
2025-09-01,Procurement,6300,Manufacturing Overhead,10694,10495,-199
2025-10-01,Procurement,6300,Manufacturing Overhead,10397,10838,441
2025-11-01,Procurement,6300,Manufacturing Overhead,10261,10613,352
2025-12-01,Procurement,6300,Manufacturing Overhead,10675,10567,-108
2026-01-01,Procurement,6300,Manufacturing Overhead,10279,10369,90
2026-02-01,Procurement,6300,Manufacturing Overhead,10672,11045,373
2026-03-01,Procurement,6300,Manufacturing Overhead,10356,10769,413
2026-04-01,Procurement,6300,Manufacturing Overhead,10723,11080,357
2026-05-01,Procurement,6300,Manufacturing Overhead,10288,10548,260
2026-06-01,Procurement,6300,Manufacturing Overhead,10186,10357,171
2026-07-01,Procurement,6300,Manufacturing Overhead,10509,10615,106
2023-01-01,Procurement,7000,Salaries & Benefits,21513,21275,-238
2023-02-01,Procurement,7000,Salaries & Benefits,21628,20799,-829
2023-03-01,Procurement,7000,Salaries & Benefits,21604,21360,-244
2023-04-01,Procurement,7000,Salaries & Benefits,20625,19761,-864
2023-05-01,Procurement,7000,Salaries & Benefits,20614,20845,231
2023-06-01,Procurement,7000,Salaries & Benefits,21408,22100,692
2023-07-01,Procurement,7000,Salaries & Benefits,20402,21311,909
2023-08-01,Procurement,7000,Salaries & Benefits,20843,19918,-925
2023-09-01,Procurement,7000,Salaries & Benefits,21187,20297,-890
2023-10-01,Procurement,7000,Salaries & Benefits,21164,20261,-903
2023-11-01,Procurement,7000,Salaries & Benefits,21300,20351,-949
2023-12-01,Procurement,7000,Salaries & Benefits,20884,20210,-674
2024-01-01,Procurement,7000,Salaries & Benefits,21163,20519,-644
2024-02-01,Procurement,7000,Salaries & Benefits,21104,20984,-120
2024-03-01,Procurement,7000,Salaries & Benefits,20888,20144,-744
2024-04-01,Procurement,7000,Salaries & Benefits,21290,20695,-595
2024-05-01,Procurement,7000,Salaries & Benefits,20723,19722,-1001
2024-06-01,Procurement,7000,Salaries & Benefits,20994,20874,-120
2024-07-01,Procurement,7000,Salaries & Benefits,20725,20025,-700
2024-08-01,Procurement,7000,Salaries & Benefits,21270,21162,-108
2024-09-01,Procurement,7000,Salaries & Benefits,20546,20347,-199
2024-10-01,Procurement,7000,Salaries & Benefits,21457,21825,368
2024-11-01,Procurement,7000,Salaries & Benefits,21121,20793,-328
2024-12-01,Procurement,7000,Salaries & Benefits,21070,20210,-860
2025-01-01,Procurement,7000,Salaries & Benefits,21469,21952,483
2025-02-01,Procurement,7000,Salaries & Benefits,21411,22316,905
2025-03-01,Procurement,7000,Salaries & Benefits,21533,22571,1038
2025-04-01,Procurement,7000,Salaries & Benefits,21082,21994,912
2025-05-01,Procurement,7000,Salaries & Benefits,20454,21022,568
2025-06-01,Procurement,7000,Salaries & Benefits,20399,21290,891
2025-07-01,Procurement,7000,Salaries & Benefits,21220,20717,-503
2025-08-01,Procurement,7000,Salaries & Benefits,21593,20942,-651
2025-09-01,Procurement,7000,Salaries & Benefits,20942,20082,-860
2025-10-01,Procurement,7000,Salaries & Benefits,20537,21423,886
2025-11-01,Procurement,7000,Salaries & Benefits,20821,21718,897
2025-12-01,Procurement,7000,Salaries & Benefits,20625,21483,858
2026-01-01,Procurement,7000,Salaries & Benefits,20876,20808,-68
2026-02-01,Procurement,7000,Salaries & Benefits,21538,21461,-77
2026-03-01,Procurement,7000,Salaries & Benefits,20628,21651,1023
2026-04-01,Procurement,7000,Salaries & Benefits,21514,21897,383
2026-05-01,Procurement,7000,Salaries & Benefits,20469,19780,-689
2026-06-01,Procurement,7000,Salaries & Benefits,20849,20263,-586
2026-07-01,Procurement,7000,Salaries & Benefits,20902,21582,680
2023-01-01,Procurement,7100,Travel & Entertainment,3241,3182,-59
2023-02-01,Procurement,7100,Travel & Entertainment,3144,3158,14
2023-03-01,Procurement,7100,Travel & Entertainment,3240,3200,-40
2023-04-01,Procurement,7100,Travel & Entertainment,3091,3075,-16
2023-05-01,Procurement,7100,Travel & Entertainment,3224,3239,15
2023-06-01,Procurement,7100,Travel & Entertainment,3114,3143,29
2023-07-01,Procurement,7100,Travel & Entertainment,3193,3087,-106
2023-08-01,Procurement,7100,Travel & Entertainment,3165,3022,-143
2023-09-01,Procurement,7100,Travel & Entertainment,3219,3153,-66
2023-10-01,Procurement,7100,Travel & Entertainment,3064,3161,97
2023-11-01,Procurement,7100,Travel & Entertainment,3137,3069,-68
2023-12-01,Procurement,7100,Travel & Entertainment,3065,3050,-15
2024-01-01,Procurement,7100,Travel & Entertainment,3184,3290,106
2024-02-01,Procurement,7100,Travel & Entertainment,3131,3142,11
2024-03-01,Procurement,7100,Travel & Entertainment,3231,3362,131
2024-04-01,Procurement,7100,Travel & Entertainment,3196,3196,0
2024-05-01,Procurement,7100,Travel & Entertainment,3153,3284,131
2024-06-01,Procurement,7100,Travel & Entertainment,3070,3173,103
2024-07-01,Procurement,7100,Travel & Entertainment,3176,3296,120
2024-08-01,Procurement,7100,Travel & Entertainment,3225,3254,29
2024-09-01,Procurement,7100,Travel & Entertainment,3212,3084,-128
2024-10-01,Procurement,7100,Travel & Entertainment,3092,3098,6
2024-11-01,Procurement,7100,Travel & Entertainment,3240,3134,-106
2024-12-01,Procurement,7100,Travel & Entertainment,3159,3233,74
2025-01-01,Procurement,7100,Travel & Entertainment,3148,3221,73
2025-02-01,Procurement,7100,Travel & Entertainment,3170,3086,-84
2025-03-01,Procurement,7100,Travel & Entertainment,3136,3238,102
2025-04-01,Procurement,7100,Travel & Entertainment,3221,3234,13
2025-05-01,Procurement,7100,Travel & Entertainment,3221,3333,112
2025-06-01,Procurement,7100,Travel & Entertainment,3089,3145,56
2025-07-01,Procurement,7100,Travel & Entertainment,3116,2969,-147
2025-08-01,Procurement,7100,Travel & Entertainment,3099,3177,78
2025-09-01,Procurement,7100,Travel & Entertainment,3237,3083,-154
2025-10-01,Procurement,7100,Travel & Entertainment,3204,3232,28
2025-11-01,Procurement,7100,Travel & Entertainment,3191,3168,-23
2025-12-01,Procurement,7100,Travel & Entertainment,3184,3341,157
2026-01-01,Procurement,7100,Travel & Entertainment,3141,3204,63
2026-02-01,Procurement,7100,Travel & Entertainment,3132,3269,137
2026-03-01,Procurement,7100,Travel & Entertainment,3100,3071,-29
2026-04-01,Procurement,7100,Travel & Entertainment,3203,3090,-113
2026-05-01,Procurement,7100,Travel & Entertainment,3205,3162,-43
2026-06-01,Procurement,7100,Travel & Entertainment,3056,3068,12
2026-07-01,Procurement,7100,Travel & Entertainment,3071,3176,105
2023-01-01,Procurement,7200,Professional Services,5149,5216,67
2023-02-01,Procurement,7200,Professional Services,5196,5019,-177
2023-03-01,Procurement,7200,Professional Services,5405,5502,97
2023-04-01,Procurement,7200,Professional Services,5300,5043,-257
2023-05-01,Procurement,7200,Professional Services,5198,5452,254
2023-06-01,Procurement,7200,Professional Services,5388,5489,101
2023-07-01,Procurement,7200,Professional Services,5220,5037,-183
2023-08-01,Procurement,7200,Professional Services,5115,5192,77
2023-09-01,Procurement,7200,Professional Services,5388,5158,-230
2023-10-01,Procurement,7200,Professional Services,5272,5181,-91
2023-11-01,Procurement,7200,Professional Services,5218,5195,-23
2023-12-01,Procurement,7200,Professional Services,5280,5037,-243
2024-01-01,Procurement,7200,Professional Services,5279,5423,144
2024-02-01,Procurement,7200,Professional Services,5177,5141,-36
2024-03-01,Procurement,7200,Professional Services,5284,5172,-112
2024-04-01,Procurement,7200,Professional Services,5265,5010,-255
2024-05-01,Procurement,7200,Professional Services,5142,5344,202
2024-06-01,Procurement,7200,Professional Services,5104,5018,-86
2024-07-01,Procurement,7200,Professional Services,5103,5157,54
2024-08-01,Procurement,7200,Professional Services,5322,5408,86
2024-09-01,Procurement,7200,Professional Services,5263,5513,250
2024-10-01,Procurement,7200,Professional Services,5281,5382,101
2024-11-01,Procurement,7200,Professional Services,5252,5143,-109
2024-12-01,Procurement,7200,Professional Services,5133,5329,196
2025-01-01,Procurement,7200,Professional Services,5199,5321,122
2025-02-01,Procurement,7200,Professional Services,5254,5322,68
2025-03-01,Procurement,7200,Professional Services,5296,5181,-115
2025-04-01,Procurement,7200,Professional Services,5235,5259,24
2025-05-01,Procurement,7200,Professional Services,5237,5399,162
2025-06-01,Procurement,7200,Professional Services,5380,5485,105
2025-07-01,Procurement,7200,Professional Services,5232,5157,-75
2025-08-01,Procurement,7200,Professional Services,5149,5352,203
2025-09-01,Procurement,7200,Professional Services,5219,5162,-57
2025-10-01,Procurement,7200,Professional Services,5154,5293,139
2025-11-01,Procurement,7200,Professional Services,5299,5048,-251
2025-12-01,Procurement,7200,Professional Services,5286,5167,-119
2026-01-01,Procurement,7200,Professional Services,5338,5585,247
2026-02-01,Procurement,7200,Professional Services,5112,5177,65
2026-03-01,Procurement,7200,Professional Services,5399,5396,-3
2026-04-01,Procurement,7200,Professional Services,5260,5199,-61
2026-05-01,Procurement,7200,Professional Services,5140,5204,64
2026-06-01,Procurement,7200,Professional Services,5381,5384,3
2026-07-01,Procurement,7200,Professional Services,5319,5135,-184
2023-01-01,Procurement,7300,Facilities,6426,6310,-116
2023-02-01,Procurement,7300,Facilities,6329,6325,-4
2023-03-01,Procurement,7300,Facilities,6394,6580,186
2023-04-01,Procurement,7300,Facilities,6312,6427,115
2023-05-01,Procurement,7300,Facilities,6111,6199,88
2023-06-01,Procurement,7300,Facilities,6369,6555,186
2023-07-01,Procurement,7300,Facilities,6250,6372,122
2023-08-01,Procurement,7300,Facilities,6445,6550,105
2023-09-01,Procurement,7300,Facilities,6439,6604,165
2023-10-01,Procurement,7300,Facilities,6258,6400,142
2023-11-01,Procurement,7300,Facilities,6236,6209,-27
2023-12-01,Procurement,7300,Facilities,6125,6231,106
2024-01-01,Procurement,7300,Facilities,6174,6421,247
2024-02-01,Procurement,7300,Facilities,6177,6329,152
2024-03-01,Procurement,7300,Facilities,6433,6284,-149
2024-04-01,Procurement,7300,Facilities,6180,6195,15
2024-05-01,Procurement,7300,Facilities,6285,6218,-67
2024-06-01,Procurement,7300,Facilities,6164,6365,201
2024-07-01,Procurement,7300,Facilities,6342,6143,-199
2024-08-01,Procurement,7300,Facilities,6204,6484,280
2024-09-01,Procurement,7300,Facilities,6369,6521,152
2024-10-01,Procurement,7300,Facilities,6431,6617,186
2024-11-01,Procurement,7300,Facilities,6425,6247,-178
2024-12-01,Procurement,7300,Facilities,6467,6497,30
2025-01-01,Procurement,7300,Facilities,6452,6499,47
2025-02-01,Procurement,7300,Facilities,6150,6092,-58
2025-03-01,Procurement,7300,Facilities,6210,6325,115
2025-04-01,Procurement,7300,Facilities,6457,6255,-202
2025-05-01,Procurement,7300,Facilities,6399,6541,142
2025-06-01,Procurement,7300,Facilities,6463,6255,-208
2025-07-01,Procurement,7300,Facilities,6468,6396,-72
2025-08-01,Procurement,7300,Facilities,6477,6264,-213
2025-09-01,Procurement,7300,Facilities,6469,6289,-180
2025-10-01,Procurement,7300,Facilities,6374,6274,-100
2025-11-01,Procurement,7300,Facilities,6341,6459,118
2025-12-01,Procurement,7300,Facilities,6150,6372,222
2026-01-01,Procurement,7300,Facilities,6466,6211,-255
2026-02-01,Procurement,7300,Facilities,6380,6297,-83
2026-03-01,Procurement,7300,Facilities,6121,6210,89
2026-04-01,Procurement,7300,Facilities,6307,6595,288
2026-05-01,Procurement,7300,Facilities,6470,6508,38
2026-06-01,Procurement,7300,Facilities,6117,6007,-110
2026-07-01,Procurement,7300,Facilities,6295,6408,113
2023-01-01,Procurement,7400,Depreciation,4282,4164,-118
2023-02-01,Procurement,7400,Depreciation,4123,4176,53
2023-03-01,Procurement,7400,Depreciation,4104,4176,72
2023-04-01,Procurement,7400,Depreciation,4203,4235,32
2023-05-01,Procurement,7400,Depreciation,4307,4140,-167
2023-06-01,Procurement,7400,Depreciation,4195,4188,-7
2023-07-01,Procurement,7400,Depreciation,4086,4095,9
2023-08-01,Procurement,7400,Depreciation,4252,4287,35
2023-09-01,Procurement,7400,Depreciation,4142,3951,-191
2023-10-01,Procurement,7400,Depreciation,4285,4161,-124
2023-11-01,Procurement,7400,Depreciation,4152,4079,-73
2023-12-01,Procurement,7400,Depreciation,4188,4115,-73
2024-01-01,Procurement,7400,Depreciation,4157,3994,-163
2024-02-01,Procurement,7400,Depreciation,4258,4201,-57
2024-03-01,Procurement,7400,Depreciation,4297,4433,136
2024-04-01,Procurement,7400,Depreciation,4194,4339,145
2024-05-01,Procurement,7400,Depreciation,4206,4096,-110
2024-06-01,Procurement,7400,Depreciation,4181,4328,147
2024-07-01,Procurement,7400,Depreciation,4086,4274,188
2024-08-01,Procurement,7400,Depreciation,4141,4285,144
2024-09-01,Procurement,7400,Depreciation,4250,4311,61
2024-10-01,Procurement,7400,Depreciation,4101,4286,185
2024-11-01,Procurement,7400,Depreciation,4274,4075,-199
2024-12-01,Procurement,7400,Depreciation,4163,4145,-18
2025-01-01,Procurement,7400,Depreciation,4229,4418,189
2025-02-01,Procurement,7400,Depreciation,4105,4143,38
2025-03-01,Procurement,7400,Depreciation,4193,4009,-184
2025-04-01,Procurement,7400,Depreciation,4259,4102,-157
2025-05-01,Procurement,7400,Depreciation,4194,4098,-96
2025-06-01,Procurement,7400,Depreciation,4107,4249,142
2025-07-01,Procurement,7400,Depreciation,4207,4357,150
2025-08-01,Procurement,7400,Depreciation,4162,4022,-140
2025-09-01,Procurement,7400,Depreciation,4108,4039,-69
2025-10-01,Procurement,7400,Depreciation,4278,4410,132
2025-11-01,Procurement,7400,Depreciation,4182,3997,-185
2025-12-01,Procurement,7400,Depreciation,4156,4269,113
2026-01-01,Procurement,7400,Depreciation,4202,4325,123
2026-02-01,Procurement,7400,Depreciation,4187,4163,-24
2026-03-01,Procurement,7400,Depreciation,4149,4011,-138
2026-04-01,Procurement,7400,Depreciation,4198,4130,-68
2026-05-01,Procurement,7400,Depreciation,4159,4259,100
2026-06-01,Procurement,7400,Depreciation,4243,4261,18
2026-07-01,Procurement,7400,Depreciation,4160,4197,37
2023-01-01,Procurement,7500,IT & Software,3238,3334,96
2023-02-01,Procurement,7500,IT & Software,3115,3181,66
2023-03-01,Procurement,7500,IT & Software,3171,3069,-102
2023-04-01,Procurement,7500,IT & Software,3080,3221,141
2023-05-01,Procurement,7500,IT & Software,3228,3379,151
2023-06-01,Procurement,7500,IT & Software,3209,3186,-23
2023-07-01,Procurement,7500,IT & Software,3118,3005,-113
2023-08-01,Procurement,7500,IT & Software,3216,3339,123
2023-09-01,Procurement,7500,IT & Software,3064,3156,92
2023-10-01,Procurement,7500,IT & Software,3126,3041,-85
2023-11-01,Procurement,7500,IT & Software,3178,3093,-85
2023-12-01,Procurement,7500,IT & Software,3237,3118,-119
2024-01-01,Procurement,7500,IT & Software,3221,3344,123
2024-02-01,Procurement,7500,IT & Software,3212,3308,96
2024-03-01,Procurement,7500,IT & Software,3220,3081,-139
2024-04-01,Procurement,7500,IT & Software,3057,3008,-49
2024-05-01,Procurement,7500,IT & Software,3062,2971,-91
2024-06-01,Procurement,7500,IT & Software,3175,3193,18
2024-07-01,Procurement,7500,IT & Software,3090,2967,-123
2024-08-01,Procurement,7500,IT & Software,3113,3222,109
2024-09-01,Procurement,7500,IT & Software,3155,3118,-37
2024-10-01,Procurement,7500,IT & Software,3166,3323,157
2024-11-01,Procurement,7500,IT & Software,3148,3148,0
2024-12-01,Procurement,7500,IT & Software,3216,3374,158
2025-01-01,Procurement,7500,IT & Software,3097,3081,-16
2025-02-01,Procurement,7500,IT & Software,3176,3157,-19
2025-03-01,Procurement,7500,IT & Software,3235,3281,46
2025-04-01,Procurement,7500,IT & Software,3084,2932,-152
2025-05-01,Procurement,7500,IT & Software,3125,3130,5
2025-06-01,Procurement,7500,IT & Software,3195,3089,-106
2025-07-01,Procurement,7500,IT & Software,3125,3034,-91
2025-08-01,Procurement,7500,IT & Software,3237,3245,8
2025-09-01,Procurement,7500,IT & Software,3208,3103,-105
2025-10-01,Procurement,7500,IT & Software,3158,3258,100
2025-11-01,Procurement,7500,IT & Software,3195,3096,-99
2025-12-01,Procurement,7500,IT & Software,3067,2975,-92
2026-01-01,Procurement,7500,IT & Software,3083,3188,105
2026-02-01,Procurement,7500,IT & Software,3057,2997,-60
2026-03-01,Procurement,7500,IT & Software,3073,3035,-38
2026-04-01,Procurement,7500,IT & Software,3057,2932,-125
2026-05-01,Procurement,7500,IT & Software,3102,3028,-74
2026-06-01,Procurement,7500,IT & Software,3086,3153,67
2026-07-01,Procurement,7500,IT & Software,3143,2993,-150
2023-01-01,Procurement,7600,Marketing,3087,3078,-9
2023-02-01,Procurement,7600,Marketing,3154,3024,-130
2023-03-01,Procurement,7600,Marketing,3142,3232,90
2023-04-01,Procurement,7600,Marketing,3226,3220,-6
2023-05-01,Procurement,7600,Marketing,3116,3193,77
2023-06-01,Procurement,7600,Marketing,3124,3164,40
2023-07-01,Procurement,7600,Marketing,3147,3109,-38
2023-08-01,Procurement,7600,Marketing,3219,3361,142
2023-09-01,Procurement,7600,Marketing,3117,3154,37
2023-10-01,Procurement,7600,Marketing,3152,3239,87
2023-11-01,Procurement,7600,Marketing,3182,3167,-15
2023-12-01,Procurement,7600,Marketing,3226,3243,17
2024-01-01,Procurement,7600,Marketing,3193,3159,-34
2024-02-01,Procurement,7600,Marketing,3159,3058,-101
2024-03-01,Procurement,7600,Marketing,3139,3020,-119
2024-04-01,Procurement,7600,Marketing,3144,3007,-137
2024-05-01,Procurement,7600,Marketing,3185,3089,-96
2024-06-01,Procurement,7600,Marketing,3204,3277,73
2024-07-01,Procurement,7600,Marketing,3230,3280,50
2024-08-01,Procurement,7600,Marketing,3238,3386,148
2024-09-01,Procurement,7600,Marketing,3231,3175,-56
2024-10-01,Procurement,7600,Marketing,3088,3112,24
2024-11-01,Procurement,7600,Marketing,3163,3199,36
2024-12-01,Procurement,7600,Marketing,3196,3318,122
2025-01-01,Procurement,7600,Marketing,3236,3311,75
2025-02-01,Procurement,7600,Marketing,3207,3257,50
2025-03-01,Procurement,7600,Marketing,3166,3210,44
2025-04-01,Procurement,7600,Marketing,3100,3116,16
2025-05-01,Procurement,7600,Marketing,3100,2997,-103
2025-06-01,Procurement,7600,Marketing,3179,3243,64
2025-07-01,Procurement,7600,Marketing,3102,3126,24
2025-08-01,Procurement,7600,Marketing,3225,3129,-96
2025-09-01,Procurement,7600,Marketing,3161,3100,-61
2025-10-01,Procurement,7600,Marketing,3134,3131,-3
2025-11-01,Procurement,7600,Marketing,3177,3252,75
2025-12-01,Procurement,7600,Marketing,3222,3131,-91
2026-01-01,Procurement,7600,Marketing,3208,3141,-67
2026-02-01,Procurement,7600,Marketing,3234,3257,23
2026-03-01,Procurement,7600,Marketing,3105,3029,-76
2026-04-01,Procurement,7600,Marketing,3209,3297,88
2026-05-01,Procurement,7600,Marketing,3171,3242,71
2026-06-01,Procurement,7600,Marketing,3090,3074,-16
2026-07-01,Procurement,7600,Marketing,3211,3327,116
2023-01-01,Quality,6000,Cost of Goods Sold,125537,121605,-3932
2023-02-01,Quality,6000,Cost of Goods Sold,123538,118224,-5314
2023-03-01,Quality,6000,Cost of Goods Sold,122639,119530,-3109
2023-04-01,Quality,6000,Cost of Goods Sold,129032,128626,-406
2023-05-01,Quality,6000,Cost of Goods Sold,126204,126175,-29
2023-06-01,Quality,6000,Cost of Goods Sold,123071,122952,-119
2023-07-01,Quality,6000,Cost of Goods Sold,128989,126756,-2233
2023-08-01,Quality,6000,Cost of Goods Sold,126602,127340,738
2023-09-01,Quality,6000,Cost of Goods Sold,129137,125819,-3318
2023-10-01,Quality,6000,Cost of Goods Sold,123348,127200,3852
2023-11-01,Quality,6000,Cost of Goods Sold,127911,122776,-5135
2023-12-01,Quality,6000,Cost of Goods Sold,128217,126898,-1319
2024-01-01,Quality,6000,Cost of Goods Sold,128197,132850,4653
2024-02-01,Quality,6000,Cost of Goods Sold,126363,122234,-4129
2024-03-01,Quality,6000,Cost of Goods Sold,128898,125873,-3025
2024-04-01,Quality,6000,Cost of Goods Sold,126410,127757,1347
2024-05-01,Quality,6000,Cost of Goods Sold,129324,134301,4977
2024-06-01,Quality,6000,Cost of Goods Sold,126141,126216,75
2024-07-01,Quality,6000,Cost of Goods Sold,126521,124614,-1907
2024-08-01,Quality,6000,Cost of Goods Sold,123812,126783,2971
2024-09-01,Quality,6000,Cost of Goods Sold,127549,125919,-1630
2024-10-01,Quality,6000,Cost of Goods Sold,126108,122131,-3977
2024-11-01,Quality,6000,Cost of Goods Sold,127039,125697,-1342
2024-12-01,Quality,6000,Cost of Goods Sold,122680,126825,4145
2025-01-01,Quality,6000,Cost of Goods Sold,127895,134258,6363
2025-02-01,Quality,6000,Cost of Goods Sold,128030,124215,-3815
2025-03-01,Quality,6000,Cost of Goods Sold,124323,121863,-2460
2025-04-01,Quality,6000,Cost of Goods Sold,129194,131073,1879
2025-05-01,Quality,6000,Cost of Goods Sold,128379,132939,4560
2025-06-01,Quality,6000,Cost of Goods Sold,126558,121616,-4942
2025-07-01,Quality,6000,Cost of Goods Sold,122722,126835,4113
2025-08-01,Quality,6000,Cost of Goods Sold,123452,119873,-3579
2025-09-01,Quality,6000,Cost of Goods Sold,127723,132813,5090
2025-10-01,Quality,6000,Cost of Goods Sold,128779,122634,-6145
2025-11-01,Quality,6000,Cost of Goods Sold,123348,124300,952
2025-12-01,Quality,6000,Cost of Goods Sold,128111,131055,2944
2026-01-01,Quality,6000,Cost of Goods Sold,126657,124735,-1922
2026-02-01,Quality,6000,Cost of Goods Sold,122402,119988,-2414
2026-03-01,Quality,6000,Cost of Goods Sold,125833,127768,1935
2026-04-01,Quality,6000,Cost of Goods Sold,127776,123851,-3925
2026-05-01,Quality,6000,Cost of Goods Sold,126847,122995,-3852
2026-06-01,Quality,6000,Cost of Goods Sold,122257,121225,-1032
2026-07-01,Quality,6000,Cost of Goods Sold,125774,122132,-3642
2023-01-01,Quality,6100,Direct Materials,52794,50645,-2149
2023-02-01,Quality,6100,Direct Materials,53972,52057,-1915
2023-03-01,Quality,6100,Direct Materials,51078,49295,-1783
2023-04-01,Quality,6100,Direct Materials,51403,49898,-1505
2023-05-01,Quality,6100,Direct Materials,51297,52255,958
2023-06-01,Quality,6100,Direct Materials,53131,52920,-211
2023-07-01,Quality,6100,Direct Materials,52395,53234,839
2023-08-01,Quality,6100,Direct Materials,51094,51635,541
2023-09-01,Quality,6100,Direct Materials,53275,51087,-2188
2023-10-01,Quality,6100,Direct Materials,51280,50781,-499
2023-11-01,Quality,6100,Direct Materials,51333,49694,-1639
2023-12-01,Quality,6100,Direct Materials,51306,52443,1137
2024-01-01,Quality,6100,Direct Materials,52331,53498,1167
2024-02-01,Quality,6100,Direct Materials,53009,55265,2256
2024-03-01,Quality,6100,Direct Materials,53319,55625,2306
2024-04-01,Quality,6100,Direct Materials,51549,52183,634
2024-05-01,Quality,6100,Direct Materials,53223,50759,-2464
2024-06-01,Quality,6100,Direct Materials,52726,52365,-361
2024-07-01,Quality,6100,Direct Materials,51988,52176,188
2024-08-01,Quality,6100,Direct Materials,53005,52768,-237
2024-09-01,Quality,6100,Direct Materials,53687,55358,1671
2024-10-01,Quality,6100,Direct Materials,53371,51256,-2115
2024-11-01,Quality,6100,Direct Materials,53333,52171,-1162
2024-12-01,Quality,6100,Direct Materials,51241,50137,-1104
2025-01-01,Quality,6100,Direct Materials,53413,54391,978
2025-02-01,Quality,6100,Direct Materials,52895,50994,-1901
2025-03-01,Quality,6100,Direct Materials,51987,49433,-2554
2025-04-01,Quality,6100,Direct Materials,53020,55575,2555
2025-05-01,Quality,6100,Direct Materials,51398,50302,-1096
2025-06-01,Quality,6100,Direct Materials,51331,53076,1745
2025-07-01,Quality,6100,Direct Materials,52788,53847,1059
2025-08-01,Quality,6100,Direct Materials,52080,54516,2436
2025-09-01,Quality,6100,Direct Materials,53198,55005,1807
2025-10-01,Quality,6100,Direct Materials,51133,52371,1238
2025-11-01,Quality,6100,Direct Materials,52989,54607,1618
2025-12-01,Quality,6100,Direct Materials,51601,52462,861
2026-01-01,Quality,6100,Direct Materials,52803,50840,-1963
2026-02-01,Quality,6100,Direct Materials,53113,58417,5304
2026-03-01,Quality,6100,Direct Materials,50979,55255,4276
2026-04-01,Quality,6100,Direct Materials,53977,58551,4574
2026-05-01,Quality,6100,Direct Materials,51793,56815,5022
2026-06-01,Quality,6100,Direct Materials,52056,56901,4845
2026-07-01,Quality,6100,Direct Materials,52080,56886,4806
2023-01-01,Quality,6200,Direct Labor,38762,37646,-1116
2023-02-01,Quality,6200,Direct Labor,36727,38349,1622
2023-03-01,Quality,6200,Direct Labor,38680,39757,1077
2023-04-01,Quality,6200,Direct Labor,36724,38524,1800
2023-05-01,Quality,6200,Direct Labor,38776,38475,-301
2023-06-01,Quality,6200,Direct Labor,37487,36220,-1267
2023-07-01,Quality,6200,Direct Labor,37189,37170,-19
2023-08-01,Quality,6200,Direct Labor,36803,37168,365
2023-09-01,Quality,6200,Direct Labor,36806,37611,805
2023-10-01,Quality,6200,Direct Labor,38852,38585,-267
2023-11-01,Quality,6200,Direct Labor,38621,36776,-1845
2023-12-01,Quality,6200,Direct Labor,37184,35795,-1389
2024-01-01,Quality,6200,Direct Labor,37304,37864,560
2024-02-01,Quality,6200,Direct Labor,38710,38100,-610
2024-03-01,Quality,6200,Direct Labor,37258,38614,1356
2024-04-01,Quality,6200,Direct Labor,38543,39254,711
2024-05-01,Quality,6200,Direct Labor,38122,37062,-1060
2024-06-01,Quality,6200,Direct Labor,38277,37456,-821
2024-07-01,Quality,6200,Direct Labor,37232,35835,-1397
2024-08-01,Quality,6200,Direct Labor,38063,39616,1553
2024-09-01,Quality,6200,Direct Labor,37586,37572,-14
2024-10-01,Quality,6200,Direct Labor,38739,39281,542
2024-11-01,Quality,6200,Direct Labor,37502,38976,1474
2024-12-01,Quality,6200,Direct Labor,37365,35739,-1626
2025-01-01,Quality,6200,Direct Labor,37670,38337,667
2025-02-01,Quality,6200,Direct Labor,38930,38432,-498
2025-03-01,Quality,6200,Direct Labor,37630,36398,-1232
2025-04-01,Quality,6200,Direct Labor,37224,37148,-76
2025-05-01,Quality,6200,Direct Labor,36907,38150,1243
2025-06-01,Quality,6200,Direct Labor,37235,36990,-245
2025-07-01,Quality,6200,Direct Labor,36917,37120,203
2025-08-01,Quality,6200,Direct Labor,38410,39552,1142
2025-09-01,Quality,6200,Direct Labor,37832,36087,-1745
2025-10-01,Quality,6200,Direct Labor,36726,38237,1511
2025-11-01,Quality,6200,Direct Labor,38463,38670,207
2025-12-01,Quality,6200,Direct Labor,36894,36520,-374
2026-01-01,Quality,6200,Direct Labor,38397,36823,-1574
2026-02-01,Quality,6200,Direct Labor,37033,37093,60
2026-03-01,Quality,6200,Direct Labor,37901,37965,64
2026-04-01,Quality,6200,Direct Labor,38508,39163,655
2026-05-01,Quality,6200,Direct Labor,37682,36356,-1326
2026-06-01,Quality,6200,Direct Labor,36735,37542,807
2026-07-01,Quality,6200,Direct Labor,38875,39669,794
2023-01-01,Quality,6300,Manufacturing Overhead,20954,20316,-638
2023-02-01,Quality,6300,Manufacturing Overhead,20423,20327,-96
2023-03-01,Quality,6300,Manufacturing Overhead,20681,20602,-79
2023-04-01,Quality,6300,Manufacturing Overhead,20659,19791,-868
2023-05-01,Quality,6300,Manufacturing Overhead,20430,21186,756
2023-06-01,Quality,6300,Manufacturing Overhead,20825,20889,64
2023-07-01,Quality,6300,Manufacturing Overhead,20717,20303,-414
2023-08-01,Quality,6300,Manufacturing Overhead,21379,20684,-695
2023-09-01,Quality,6300,Manufacturing Overhead,21257,20247,-1010
2023-10-01,Quality,6300,Manufacturing Overhead,21082,20411,-671
2023-11-01,Quality,6300,Manufacturing Overhead,21040,21099,59
2023-12-01,Quality,6300,Manufacturing Overhead,20818,20664,-154
2024-01-01,Quality,6300,Manufacturing Overhead,20911,20396,-515
2024-02-01,Quality,6300,Manufacturing Overhead,20407,19633,-774
2024-03-01,Quality,6300,Manufacturing Overhead,20377,19764,-613
2024-04-01,Quality,6300,Manufacturing Overhead,21216,22006,790
2024-05-01,Quality,6300,Manufacturing Overhead,20622,20421,-201
2024-06-01,Quality,6300,Manufacturing Overhead,21406,22304,898
2024-07-01,Quality,6300,Manufacturing Overhead,20924,20410,-514
2024-08-01,Quality,6300,Manufacturing Overhead,20921,20698,-223
2024-09-01,Quality,6300,Manufacturing Overhead,21407,20506,-901
2024-10-01,Quality,6300,Manufacturing Overhead,21107,21159,52
2024-11-01,Quality,6300,Manufacturing Overhead,21417,21844,427
2024-12-01,Quality,6300,Manufacturing Overhead,20969,19988,-981
2025-01-01,Quality,6300,Manufacturing Overhead,21605,21395,-210
2025-02-01,Quality,6300,Manufacturing Overhead,20906,20510,-396
2025-03-01,Quality,6300,Manufacturing Overhead,20786,20972,186
2025-04-01,Quality,6300,Manufacturing Overhead,21321,21950,629
2025-05-01,Quality,6300,Manufacturing Overhead,20434,20615,181
2025-06-01,Quality,6300,Manufacturing Overhead,21210,20413,-797
2025-07-01,Quality,6300,Manufacturing Overhead,20688,19694,-994
2025-08-01,Quality,6300,Manufacturing Overhead,21195,21376,181
2025-09-01,Quality,6300,Manufacturing Overhead,21055,21985,930
2025-10-01,Quality,6300,Manufacturing Overhead,20456,20896,440
2025-11-01,Quality,6300,Manufacturing Overhead,21324,22087,763
2025-12-01,Quality,6300,Manufacturing Overhead,21165,20677,-488
2026-01-01,Quality,6300,Manufacturing Overhead,20374,19863,-511
2026-02-01,Quality,6300,Manufacturing Overhead,21627,20688,-939
2026-03-01,Quality,6300,Manufacturing Overhead,21358,20380,-978
2026-04-01,Quality,6300,Manufacturing Overhead,21139,21143,4
2026-05-01,Quality,6300,Manufacturing Overhead,21388,20955,-433
2026-06-01,Quality,6300,Manufacturing Overhead,21416,22105,689
2026-07-01,Quality,6300,Manufacturing Overhead,21541,21315,-226
2023-01-01,Quality,7000,Salaries & Benefits,42267,44337,2070
2023-02-01,Quality,7000,Salaries & Benefits,42350,42977,627
2023-03-01,Quality,7000,Salaries & Benefits,41241,41613,372
2023-04-01,Quality,7000,Salaries & Benefits,42467,43799,1332
2023-05-01,Quality,7000,Salaries & Benefits,41703,41939,236
2023-06-01,Quality,7000,Salaries & Benefits,41477,41107,-370
2023-07-01,Quality,7000,Salaries & Benefits,41703,40033,-1670
2023-08-01,Quality,7000,Salaries & Benefits,41285,40404,-881
2023-09-01,Quality,7000,Salaries & Benefits,40864,40782,-82
2023-10-01,Quality,7000,Salaries & Benefits,41411,40307,-1104
2023-11-01,Quality,7000,Salaries & Benefits,41179,40447,-732
2023-12-01,Quality,7000,Salaries & Benefits,41201,42177,976
2024-01-01,Quality,7000,Salaries & Benefits,43177,43910,733
2024-02-01,Quality,7000,Salaries & Benefits,42240,42590,350
2024-03-01,Quality,7000,Salaries & Benefits,43038,45171,2133
2024-04-01,Quality,7000,Salaries & Benefits,41864,39832,-2032
2024-05-01,Quality,7000,Salaries & Benefits,42533,44281,1748
2024-06-01,Quality,7000,Salaries & Benefits,41156,40871,-285
2024-07-01,Quality,7000,Salaries & Benefits,43230,43923,693
2024-08-01,Quality,7000,Salaries & Benefits,40806,40672,-134
2024-09-01,Quality,7000,Salaries & Benefits,42039,43383,1344
2024-10-01,Quality,7000,Salaries & Benefits,42102,40719,-1383
2024-11-01,Quality,7000,Salaries & Benefits,40964,39141,-1823
2024-12-01,Quality,7000,Salaries & Benefits,41139,41819,680
2025-01-01,Quality,7000,Salaries & Benefits,40809,42047,1238
2025-02-01,Quality,7000,Salaries & Benefits,42322,40608,-1714
2025-03-01,Quality,7000,Salaries & Benefits,43086,44967,1881
2025-04-01,Quality,7000,Salaries & Benefits,43118,44408,1290
2025-05-01,Quality,7000,Salaries & Benefits,41333,42095,762
2025-06-01,Quality,7000,Salaries & Benefits,42632,42937,305
2025-07-01,Quality,7000,Salaries & Benefits,42241,43867,1626
2025-08-01,Quality,7000,Salaries & Benefits,42706,42486,-220
2025-09-01,Quality,7000,Salaries & Benefits,41109,39514,-1595
2025-10-01,Quality,7000,Salaries & Benefits,43200,45198,1998
2025-11-01,Quality,7000,Salaries & Benefits,42582,42742,160
2025-12-01,Quality,7000,Salaries & Benefits,42317,44283,1966
2026-01-01,Quality,7000,Salaries & Benefits,43078,43113,35
2026-02-01,Quality,7000,Salaries & Benefits,42795,44299,1504
2026-03-01,Quality,7000,Salaries & Benefits,43186,45035,1849
2026-04-01,Quality,7000,Salaries & Benefits,42993,42151,-842
2026-05-01,Quality,7000,Salaries & Benefits,41088,42147,1059
2026-06-01,Quality,7000,Salaries & Benefits,41877,43469,1592
2026-07-01,Quality,7000,Salaries & Benefits,41637,41692,55
2023-01-01,Quality,7100,Travel & Entertainment,6461,6507,46
2023-02-01,Quality,7100,Travel & Entertainment,6277,6281,4
2023-03-01,Quality,7100,Travel & Entertainment,6276,5969,-307
2023-04-01,Quality,7100,Travel & Entertainment,6176,6369,193
2023-05-01,Quality,7100,Travel & Entertainment,6209,5928,-281
2023-06-01,Quality,7100,Travel & Entertainment,6290,6273,-17
2023-07-01,Quality,7100,Travel & Entertainment,6146,6357,211
2023-08-01,Quality,7100,Travel & Entertainment,6429,6352,-77
2023-09-01,Quality,7100,Travel & Entertainment,6143,6202,59
2023-10-01,Quality,7100,Travel & Entertainment,6146,6237,91
2023-11-01,Quality,7100,Travel & Entertainment,6143,5933,-210
2023-12-01,Quality,7100,Travel & Entertainment,6448,6560,112
2024-01-01,Quality,7100,Travel & Entertainment,6334,6519,185
2024-02-01,Quality,7100,Travel & Entertainment,6338,6289,-49
2024-03-01,Quality,7100,Travel & Entertainment,6453,6227,-226
2024-04-01,Quality,7100,Travel & Entertainment,6386,6317,-69
2024-05-01,Quality,7100,Travel & Entertainment,6468,6578,110
2024-06-01,Quality,7100,Travel & Entertainment,6432,6538,106
2024-07-01,Quality,7100,Travel & Entertainment,6130,5850,-280
2024-08-01,Quality,7100,Travel & Entertainment,6245,6378,133
2024-09-01,Quality,7100,Travel & Entertainment,6209,6389,180
2024-10-01,Quality,7100,Travel & Entertainment,6410,6361,-49
2024-11-01,Quality,7100,Travel & Entertainment,6245,5960,-285
2024-12-01,Quality,7100,Travel & Entertainment,6451,6543,92
2025-01-01,Quality,7100,Travel & Entertainment,6178,6045,-133
2025-02-01,Quality,7100,Travel & Entertainment,6449,6572,123
2025-03-01,Quality,7100,Travel & Entertainment,6322,6217,-105
2025-04-01,Quality,7100,Travel & Entertainment,6254,6008,-246
2025-05-01,Quality,7100,Travel & Entertainment,6463,6515,52
2025-06-01,Quality,7100,Travel & Entertainment,6436,6538,102
2025-07-01,Quality,7100,Travel & Entertainment,6353,6151,-202
2025-08-01,Quality,7100,Travel & Entertainment,6353,6597,244
2025-09-01,Quality,7100,Travel & Entertainment,6461,6592,131
2025-10-01,Quality,7100,Travel & Entertainment,6218,6286,68
2025-11-01,Quality,7100,Travel & Entertainment,6256,6099,-157
2025-12-01,Quality,7100,Travel & Entertainment,6211,6280,69
2026-01-01,Quality,7100,Travel & Entertainment,6121,6092,-29
2026-02-01,Quality,7100,Travel & Entertainment,6229,5958,-271
2026-03-01,Quality,7100,Travel & Entertainment,6115,6152,37
2026-04-01,Quality,7100,Travel & Entertainment,6150,5930,-220
2026-05-01,Quality,7100,Travel & Entertainment,6482,6388,-94
2026-06-01,Quality,7100,Travel & Entertainment,6398,6606,208
2026-07-01,Quality,7100,Travel & Entertainment,6265,6292,27
2023-01-01,Quality,7200,Professional Services,10264,10267,3
2023-02-01,Quality,7200,Professional Services,10547,10852,305
2023-03-01,Quality,7200,Professional Services,10325,10361,36
2023-04-01,Quality,7200,Professional Services,10521,10523,2
2023-05-01,Quality,7200,Professional Services,10572,10974,402
2023-06-01,Quality,7200,Professional Services,10272,10024,-248
2023-07-01,Quality,7200,Professional Services,10487,11001,514
2023-08-01,Quality,7200,Professional Services,10659,10601,-58
2023-09-01,Quality,7200,Professional Services,10548,10469,-79
2023-10-01,Quality,7200,Professional Services,10578,10116,-462
2023-11-01,Quality,7200,Professional Services,10374,10078,-296
2023-12-01,Quality,7200,Professional Services,10708,10801,93
2024-01-01,Quality,7200,Professional Services,10662,10902,240
2024-02-01,Quality,7200,Professional Services,10410,10676,266
2024-03-01,Quality,7200,Professional Services,10563,10896,333
2024-04-01,Quality,7200,Professional Services,10814,11218,404
2024-05-01,Quality,7200,Professional Services,10635,10218,-417
2024-06-01,Quality,7200,Professional Services,10319,10546,227
2024-07-01,Quality,7200,Professional Services,10748,10578,-170
2024-08-01,Quality,7200,Professional Services,10803,10310,-493
2024-09-01,Quality,7200,Professional Services,10345,10403,58
2024-10-01,Quality,7200,Professional Services,10244,10072,-172
2024-11-01,Quality,7200,Professional Services,10708,10196,-512
2024-12-01,Quality,7200,Professional Services,10289,10707,418
2025-01-01,Quality,7200,Professional Services,10360,10155,-205
2025-02-01,Quality,7200,Professional Services,10276,9890,-386
2025-03-01,Quality,7200,Professional Services,10246,10059,-187
2025-04-01,Quality,7200,Professional Services,10205,9892,-313
2025-05-01,Quality,7200,Professional Services,10367,9878,-489
2025-06-01,Quality,7200,Professional Services,10542,10439,-103
2025-07-01,Quality,7200,Professional Services,10225,10486,261
2025-08-01,Quality,7200,Professional Services,10490,10922,432
2025-09-01,Quality,7200,Professional Services,10656,10946,290
2025-10-01,Quality,7200,Professional Services,10265,10017,-248
2025-11-01,Quality,7200,Professional Services,10524,10790,266
2025-12-01,Quality,7200,Professional Services,10582,10631,49
2026-01-01,Quality,7200,Professional Services,10788,11036,248
2026-02-01,Quality,7200,Professional Services,10731,10690,-41
2026-03-01,Quality,7200,Professional Services,10532,10107,-425
2026-04-01,Quality,7200,Professional Services,10235,10000,-235
2026-05-01,Quality,7200,Professional Services,10511,11032,521
2026-06-01,Quality,7200,Professional Services,10681,11044,363
2026-07-01,Quality,7200,Professional Services,10577,11020,443
2023-01-01,Quality,7300,Facilities,12696,13264,568
2023-02-01,Quality,7300,Facilities,12635,12782,147
2023-03-01,Quality,7300,Facilities,12629,13014,385
2023-04-01,Quality,7300,Facilities,12410,13000,590
2023-05-01,Quality,7300,Facilities,12521,12669,148
2023-06-01,Quality,7300,Facilities,12555,13095,540
2023-07-01,Quality,7300,Facilities,12510,12275,-235
2023-08-01,Quality,7300,Facilities,12897,12369,-528
2023-09-01,Quality,7300,Facilities,12479,12181,-298
2023-10-01,Quality,7300,Facilities,12459,12658,199
2023-11-01,Quality,7300,Facilities,12306,12446,140
2023-12-01,Quality,7300,Facilities,12768,12997,229
2024-01-01,Quality,7300,Facilities,12266,12496,230
2024-02-01,Quality,7300,Facilities,12583,12408,-175
2024-03-01,Quality,7300,Facilities,12749,12598,-151
2024-04-01,Quality,7300,Facilities,12747,12557,-190
2024-05-01,Quality,7300,Facilities,12275,11758,-517
2024-06-01,Quality,7300,Facilities,12738,12180,-558
2024-07-01,Quality,7300,Facilities,12851,12900,49
2024-08-01,Quality,7300,Facilities,12805,13199,394
2024-09-01,Quality,7300,Facilities,12379,12149,-230
2024-10-01,Quality,7300,Facilities,12533,12795,262
2024-11-01,Quality,7300,Facilities,12317,12335,18
2024-12-01,Quality,7300,Facilities,12418,12260,-158
2025-01-01,Quality,7300,Facilities,12264,12246,-18
2025-02-01,Quality,7300,Facilities,12259,12374,115
2025-03-01,Quality,7300,Facilities,12714,12461,-253
2025-04-01,Quality,7300,Facilities,12325,12362,37
2025-05-01,Quality,7300,Facilities,12661,12254,-407
2025-06-01,Quality,7300,Facilities,12444,12290,-154
2025-07-01,Quality,7300,Facilities,12506,12963,457
2025-08-01,Quality,7300,Facilities,12816,13124,308
2025-09-01,Quality,7300,Facilities,12643,12561,-82
2025-10-01,Quality,7300,Facilities,12598,12031,-567
2025-11-01,Quality,7300,Facilities,12819,12514,-305
2025-12-01,Quality,7300,Facilities,12233,12588,355
2026-01-01,Quality,7300,Facilities,12457,12362,-95
2026-02-01,Quality,7300,Facilities,12497,12817,320
2026-03-01,Quality,7300,Facilities,12479,12969,490
2026-04-01,Quality,7300,Facilities,12654,13011,357
2026-05-01,Quality,7300,Facilities,12455,12229,-226
2026-06-01,Quality,7300,Facilities,12389,12737,348
2026-07-01,Quality,7300,Facilities,12831,12227,-604
2023-01-01,Quality,7400,Depreciation,8214,8507,293
2023-02-01,Quality,7400,Depreciation,8334,8583,249
2023-03-01,Quality,7400,Depreciation,8589,8832,243
2023-04-01,Quality,7400,Depreciation,8579,8308,-271
2023-05-01,Quality,7400,Depreciation,8359,8527,168
2023-06-01,Quality,7400,Depreciation,8175,8090,-85
2023-07-01,Quality,7400,Depreciation,8316,8406,90
2023-08-01,Quality,7400,Depreciation,8263,7894,-369
2023-09-01,Quality,7400,Depreciation,8498,8647,149
2023-10-01,Quality,7400,Depreciation,8229,7971,-258
2023-11-01,Quality,7400,Depreciation,8236,8066,-170
2023-12-01,Quality,7400,Depreciation,8633,8890,257
2024-01-01,Quality,7400,Depreciation,8364,8683,319
2024-02-01,Quality,7400,Depreciation,8498,8476,-22
2024-03-01,Quality,7400,Depreciation,8350,8570,220
2024-04-01,Quality,7400,Depreciation,8457,8364,-93
2024-05-01,Quality,7400,Depreciation,8200,7935,-265
2024-06-01,Quality,7400,Depreciation,8505,8165,-340
2024-07-01,Quality,7400,Depreciation,8336,8730,394
2024-08-01,Quality,7400,Depreciation,8402,8786,384
2024-09-01,Quality,7400,Depreciation,8417,8431,14
2024-10-01,Quality,7400,Depreciation,8344,7977,-367
2024-11-01,Quality,7400,Depreciation,8531,8940,409
2024-12-01,Quality,7400,Depreciation,8156,8135,-21
2025-01-01,Quality,7400,Depreciation,8408,8321,-87
2025-02-01,Quality,7400,Depreciation,8506,8924,418
2025-03-01,Quality,7400,Depreciation,8212,8520,308
2025-04-01,Quality,7400,Depreciation,8235,8314,79
2025-05-01,Quality,7400,Depreciation,8623,8575,-48
2025-06-01,Quality,7400,Depreciation,8544,8128,-416
2025-07-01,Quality,7400,Depreciation,8552,8506,-46
2025-08-01,Quality,7400,Depreciation,8649,8570,-79
2025-09-01,Quality,7400,Depreciation,8281,8003,-278
2025-10-01,Quality,7400,Depreciation,8557,8194,-363
2025-11-01,Quality,7400,Depreciation,8516,8873,357
2025-12-01,Quality,7400,Depreciation,8175,8199,24
2026-01-01,Quality,7400,Depreciation,8263,8478,215
2026-02-01,Quality,7400,Depreciation,8389,8161,-228
2026-03-01,Quality,7400,Depreciation,8322,8396,74
2026-04-01,Quality,7400,Depreciation,8342,8553,211
2026-05-01,Quality,7400,Depreciation,8172,8216,44
2026-06-01,Quality,7400,Depreciation,8639,8756,117
2026-07-01,Quality,7400,Depreciation,8334,8138,-196
2023-01-01,Quality,7500,IT & Software,6305,6185,-120
2023-02-01,Quality,7500,IT & Software,6158,6193,35
2023-03-01,Quality,7500,IT & Software,6395,6397,2
2023-04-01,Quality,7500,IT & Software,6443,6354,-89
2023-05-01,Quality,7500,IT & Software,6395,6683,288
2023-06-01,Quality,7500,IT & Software,6129,6237,108
2023-07-01,Quality,7500,IT & Software,6273,6151,-122
2023-08-01,Quality,7500,IT & Software,6250,6345,95
2023-09-01,Quality,7500,IT & Software,6239,6018,-221
2023-10-01,Quality,7500,IT & Software,6185,6420,235
2023-11-01,Quality,7500,IT & Software,6153,6426,273
2023-12-01,Quality,7500,IT & Software,6169,6300,131
2024-01-01,Quality,7500,IT & Software,6280,6449,169
2024-02-01,Quality,7500,IT & Software,6343,6493,150
2024-03-01,Quality,7500,IT & Software,6480,6598,118
2024-04-01,Quality,7500,IT & Software,6346,6546,200
2024-05-01,Quality,7500,IT & Software,6143,6105,-38
2024-06-01,Quality,7500,IT & Software,6403,6572,169
2024-07-01,Quality,7500,IT & Software,6203,6075,-128
2024-08-01,Quality,7500,IT & Software,6353,6507,154
2024-09-01,Quality,7500,IT & Software,6296,6001,-295
2024-10-01,Quality,7500,IT & Software,6439,6474,35
2024-11-01,Quality,7500,IT & Software,6254,6047,-207
2024-12-01,Quality,7500,IT & Software,6139,6123,-16
2025-01-01,Quality,7500,IT & Software,6381,6480,99
2025-02-01,Quality,7500,IT & Software,6134,6347,213
2025-03-01,Quality,7500,IT & Software,6340,6268,-72
2025-04-01,Quality,7500,IT & Software,6204,5920,-284
2025-05-01,Quality,7500,IT & Software,6235,6319,84
2025-06-01,Quality,7500,IT & Software,6124,6191,67
2025-07-01,Quality,7500,IT & Software,6411,6238,-173
2025-08-01,Quality,7500,IT & Software,6383,6385,2
2025-09-01,Quality,7500,IT & Software,6166,6243,77
2025-10-01,Quality,7500,IT & Software,6198,6414,216
2025-11-01,Quality,7500,IT & Software,6444,6129,-315
2025-12-01,Quality,7500,IT & Software,6435,6669,234
2026-01-01,Quality,7500,IT & Software,6409,6563,154
2026-02-01,Quality,7500,IT & Software,6306,6442,136
2026-03-01,Quality,7500,IT & Software,6261,6245,-16
2026-04-01,Quality,7500,IT & Software,6219,6471,252
2026-05-01,Quality,7500,IT & Software,6429,6330,-99
2026-06-01,Quality,7500,IT & Software,6176,6024,-152
2026-07-01,Quality,7500,IT & Software,6458,6752,294
2023-01-01,Quality,7600,Marketing,6210,6165,-45
2023-02-01,Quality,7600,Marketing,6423,6237,-186
2023-03-01,Quality,7600,Marketing,6313,6226,-87
2023-04-01,Quality,7600,Marketing,6136,6199,63
2023-05-01,Quality,7600,Marketing,6193,6320,127
2023-06-01,Quality,7600,Marketing,6320,6014,-306
2023-07-01,Quality,7600,Marketing,6370,6533,163
2023-08-01,Quality,7600,Marketing,6414,6523,109
2023-09-01,Quality,7600,Marketing,6202,6261,59
2023-10-01,Quality,7600,Marketing,6167,6140,-27
2023-11-01,Quality,7600,Marketing,6301,6402,101
2023-12-01,Quality,7600,Marketing,6441,6593,152
2024-01-01,Quality,7600,Marketing,6415,6459,44
2024-02-01,Quality,7600,Marketing,6272,6326,54
2024-03-01,Quality,7600,Marketing,6305,6087,-218
2024-04-01,Quality,7600,Marketing,6446,6569,123
2024-05-01,Quality,7600,Marketing,6134,6437,303
2024-06-01,Quality,7600,Marketing,6230,6279,49
2024-07-01,Quality,7600,Marketing,6161,6148,-13
2024-08-01,Quality,7600,Marketing,6215,6184,-31
2024-09-01,Quality,7600,Marketing,6163,6087,-76
2024-10-01,Quality,7600,Marketing,6125,5874,-251
2024-11-01,Quality,7600,Marketing,6387,6450,63
2024-12-01,Quality,7600,Marketing,6394,6318,-76
2025-01-01,Quality,7600,Marketing,6206,6062,-144
2025-02-01,Quality,7600,Marketing,6453,6667,214
2025-03-01,Quality,7600,Marketing,6356,6415,59
2025-04-01,Quality,7600,Marketing,6173,6010,-163
2025-05-01,Quality,7600,Marketing,6326,6075,-251
2025-06-01,Quality,7600,Marketing,6480,6794,314
2025-07-01,Quality,7600,Marketing,6360,6360,0
2025-08-01,Quality,7600,Marketing,6259,6457,198
2025-09-01,Quality,7600,Marketing,6468,6511,43
2025-10-01,Quality,7600,Marketing,6483,6494,11
2025-11-01,Quality,7600,Marketing,6306,6022,-284
2025-12-01,Quality,7600,Marketing,6330,6598,268
2026-01-01,Quality,7600,Marketing,6174,5940,-234
2026-02-01,Quality,7600,Marketing,6420,6109,-311
2026-03-01,Quality,7600,Marketing,6198,6439,241
2026-04-01,Quality,7600,Marketing,6117,6234,117
2026-05-01,Quality,7600,Marketing,6257,6216,-41
2026-06-01,Quality,7600,Marketing,6154,6406,252
2026-07-01,Quality,7600,Marketing,6303,6386,83
2023-01-01,Sales,5000,Revenue,353601,355656,2055
2023-02-01,Sales,5000,Revenue,356343,355660,-683
2023-03-01,Sales,5000,Revenue,347611,330620,-16991
2023-04-01,Sales,5000,Revenue,341256,334276,-6980
2023-05-01,Sales,5000,Revenue,347326,357637,10311
2023-06-01,Sales,5000,Revenue,345564,359983,14419
2023-07-01,Sales,5000,Revenue,344440,346267,1827
2023-08-01,Sales,5000,Revenue,359000,364381,5381
2023-09-01,Sales,5000,Revenue,352964,338318,-14646
2023-10-01,Sales,5000,Revenue,350217,334365,-15852
2023-11-01,Sales,5000,Revenue,349634,346877,-2757
2023-12-01,Sales,5000,Revenue,355273,367928,12655
2024-01-01,Sales,5000,Revenue,352972,342206,-10766
2024-02-01,Sales,5000,Revenue,345996,358672,12676
2024-03-01,Sales,5000,Revenue,351863,363547,11684
2024-04-01,Sales,5000,Revenue,356092,339529,-16563
2024-05-01,Sales,5000,Revenue,343670,353055,9385
2024-06-01,Sales,5000,Revenue,339855,351250,11395
2024-07-01,Sales,5000,Revenue,347990,336937,-11053
2024-08-01,Sales,5000,Revenue,347271,358230,10959
2024-09-01,Sales,5000,Revenue,359313,375572,16259
2024-10-01,Sales,5000,Revenue,351855,349657,-2198
2024-11-01,Sales,5000,Revenue,341065,324678,-16387
2024-12-01,Sales,5000,Revenue,353970,351701,-2269
2025-01-01,Sales,5000,Revenue,359921,365984,6063
2025-02-01,Sales,5000,Revenue,348364,334152,-14212
2025-03-01,Sales,5000,Revenue,339774,344779,5005
2025-04-01,Sales,5000,Revenue,358739,351532,-7207
2025-05-01,Sales,5000,Revenue,341317,327333,-13984
2025-06-01,Sales,5000,Revenue,357155,374767,17612
2025-07-01,Sales,5000,Revenue,344221,336724,-7497
2025-08-01,Sales,5000,Revenue,356463,357948,1485
2025-09-01,Sales,5000,Revenue,341612,345510,3898
2025-10-01,Sales,5000,Revenue,358870,362153,3283
2025-11-01,Sales,5000,Revenue,355721,354634,-1087
2025-12-01,Sales,5000,Revenue,350479,333482,-16997
2026-01-01,Sales,5000,Revenue,355733,364989,9256
2026-02-01,Sales,5000,Revenue,348528,350209,1681
2026-03-01,Sales,5000,Revenue,345678,333262,-12416
2026-04-01,Sales,5000,Revenue,350720,353086,2366
2026-05-01,Sales,5000,Revenue,352558,340547,-12011
2026-06-01,Sales,5000,Revenue,352246,362282,10036
2026-07-01,Sales,5000,Revenue,350587,351987,1400
2023-01-01,Sales,6000,Cost of Goods Sold,210731,211153,422
2023-02-01,Sales,6000,Cost of Goods Sold,211705,203625,-8080
2023-03-01,Sales,6000,Cost of Goods Sold,210367,214198,3831
2023-04-01,Sales,6000,Cost of Goods Sold,211775,217738,5963
2023-05-01,Sales,6000,Cost of Goods Sold,204615,195011,-9604
2023-06-01,Sales,6000,Cost of Goods Sold,213816,212293,-1523
2023-07-01,Sales,6000,Cost of Goods Sold,208274,215436,7162
2023-08-01,Sales,6000,Cost of Goods Sold,210874,219241,8367
2023-09-01,Sales,6000,Cost of Goods Sold,203995,205927,1932
2023-10-01,Sales,6000,Cost of Goods Sold,205294,214394,9100
2023-11-01,Sales,6000,Cost of Goods Sold,205372,213200,7828
2023-12-01,Sales,6000,Cost of Goods Sold,213326,210308,-3018
2024-01-01,Sales,6000,Cost of Goods Sold,214401,217211,2810
2024-02-01,Sales,6000,Cost of Goods Sold,210974,217958,6984
2024-03-01,Sales,6000,Cost of Goods Sold,206053,196053,-10000
2024-04-01,Sales,6000,Cost of Goods Sold,216020,217171,1151
2024-05-01,Sales,6000,Cost of Goods Sold,203774,212814,9040
2024-06-01,Sales,6000,Cost of Goods Sold,215006,212180,-2826
2024-07-01,Sales,6000,Cost of Goods Sold,205454,196678,-8776
2024-08-01,Sales,6000,Cost of Goods Sold,209508,206064,-3444
2024-09-01,Sales,6000,Cost of Goods Sold,207661,217158,9497
2024-10-01,Sales,6000,Cost of Goods Sold,209503,208600,-903
2024-11-01,Sales,6000,Cost of Goods Sold,212596,216231,3635
2024-12-01,Sales,6000,Cost of Goods Sold,205438,201263,-4175
2025-01-01,Sales,6000,Cost of Goods Sold,211287,217289,6002
2025-02-01,Sales,6000,Cost of Goods Sold,204917,208462,3545
2025-03-01,Sales,6000,Cost of Goods Sold,214218,215320,1102
2025-04-01,Sales,6000,Cost of Goods Sold,207232,209482,2250
2025-05-01,Sales,6000,Cost of Goods Sold,211162,220452,9290
2025-06-01,Sales,6000,Cost of Goods Sold,209190,202434,-6756
2025-07-01,Sales,6000,Cost of Goods Sold,205476,214579,9103
2025-08-01,Sales,6000,Cost of Goods Sold,207912,209734,1822
2025-09-01,Sales,6000,Cost of Goods Sold,209361,215876,6515
2025-10-01,Sales,6000,Cost of Goods Sold,214809,223689,8880
2025-11-01,Sales,6000,Cost of Goods Sold,207031,211822,4791
2025-12-01,Sales,6000,Cost of Goods Sold,207057,199435,-7622
2026-01-01,Sales,6000,Cost of Goods Sold,214074,210790,-3284
2026-02-01,Sales,6000,Cost of Goods Sold,207400,207112,-288
2026-03-01,Sales,6000,Cost of Goods Sold,214221,210343,-3878
2026-04-01,Sales,6000,Cost of Goods Sold,213522,205545,-7977
2026-05-01,Sales,6000,Cost of Goods Sold,214346,206662,-7684
2026-06-01,Sales,6000,Cost of Goods Sold,214342,211495,-2847
2026-07-01,Sales,6000,Cost of Goods Sold,214164,218668,4504
2023-01-01,Sales,6100,Direct Materials,84970,86961,1991
2023-02-01,Sales,6100,Direct Materials,85208,84350,-858
2023-03-01,Sales,6100,Direct Materials,89733,93309,3576
2023-04-01,Sales,6100,Direct Materials,87028,90950,3922
2023-05-01,Sales,6100,Direct Materials,87287,84767,-2520
2023-06-01,Sales,6100,Direct Materials,85589,88564,2975
2023-07-01,Sales,6100,Direct Materials,87343,84527,-2816
2023-08-01,Sales,6100,Direct Materials,85731,86245,514
2023-09-01,Sales,6100,Direct Materials,86598,88513,1915
2023-10-01,Sales,6100,Direct Materials,89010,84605,-4405
2023-11-01,Sales,6100,Direct Materials,85342,85514,172
2023-12-01,Sales,6100,Direct Materials,89838,92684,2846
2024-01-01,Sales,6100,Direct Materials,85835,87456,1621
2024-02-01,Sales,6100,Direct Materials,88640,86339,-2301
2024-03-01,Sales,6100,Direct Materials,85590,84903,-687
2024-04-01,Sales,6100,Direct Materials,86920,90692,3772
2024-05-01,Sales,6100,Direct Materials,89727,92373,2646
2024-06-01,Sales,6100,Direct Materials,86834,86673,-161
2024-07-01,Sales,6100,Direct Materials,85184,83918,-1266
2024-08-01,Sales,6100,Direct Materials,87828,89567,1739
2024-09-01,Sales,6100,Direct Materials,89856,86185,-3671
2024-10-01,Sales,6100,Direct Materials,87890,92062,4172
2024-11-01,Sales,6100,Direct Materials,88080,91109,3029
2024-12-01,Sales,6100,Direct Materials,89526,86027,-3499
2025-01-01,Sales,6100,Direct Materials,89160,85470,-3690
2025-02-01,Sales,6100,Direct Materials,85851,82253,-3598
2025-03-01,Sales,6100,Direct Materials,89496,91679,2183
2025-04-01,Sales,6100,Direct Materials,86069,88797,2728
2025-05-01,Sales,6100,Direct Materials,89043,85065,-3978
2025-06-01,Sales,6100,Direct Materials,87865,85226,-2639
2025-07-01,Sales,6100,Direct Materials,85047,81397,-3650
2025-08-01,Sales,6100,Direct Materials,87133,85512,-1621
2025-09-01,Sales,6100,Direct Materials,84952,88834,3882
2025-10-01,Sales,6100,Direct Materials,86221,87951,1730
2025-11-01,Sales,6100,Direct Materials,90062,86339,-3723
2025-12-01,Sales,6100,Direct Materials,87522,90018,2496
2026-01-01,Sales,6100,Direct Materials,87824,86307,-1517
2026-02-01,Sales,6100,Direct Materials,86413,96128,9715
2026-03-01,Sales,6100,Direct Materials,85614,94407,8793
2026-04-01,Sales,6100,Direct Materials,87334,96393,9059
2026-05-01,Sales,6100,Direct Materials,87884,97956,10072
2026-06-01,Sales,6100,Direct Materials,87039,94460,7421
2026-07-01,Sales,6100,Direct Materials,86225,96422,10197
2023-01-01,Sales,6200,Direct Labor,64005,63451,-554
2023-02-01,Sales,6200,Direct Labor,63880,66814,2934
2023-03-01,Sales,6200,Direct Labor,64108,64202,94
2023-04-01,Sales,6200,Direct Labor,61644,61485,-159
2023-05-01,Sales,6200,Direct Labor,64152,66147,1995
2023-06-01,Sales,6200,Direct Labor,61422,63889,2467
2023-07-01,Sales,6200,Direct Labor,63852,61111,-2741
2023-08-01,Sales,6200,Direct Labor,62085,59263,-2822
2023-09-01,Sales,6200,Direct Labor,62440,62824,384
2023-10-01,Sales,6200,Direct Labor,63419,61655,-1764
2023-11-01,Sales,6200,Direct Labor,61802,61606,-196
2023-12-01,Sales,6200,Direct Labor,62232,65162,2930
2024-01-01,Sales,6200,Direct Labor,64072,65535,1463
2024-02-01,Sales,6200,Direct Labor,62765,62916,151
2024-03-01,Sales,6200,Direct Labor,64441,62778,-1663
2024-04-01,Sales,6200,Direct Labor,64404,62159,-2245
2024-05-01,Sales,6200,Direct Labor,63113,62517,-596
2024-06-01,Sales,6200,Direct Labor,62142,62426,284
2024-07-01,Sales,6200,Direct Labor,61257,60824,-433
2024-08-01,Sales,6200,Direct Labor,61842,62139,297
2024-09-01,Sales,6200,Direct Labor,64851,68071,3220
2024-10-01,Sales,6200,Direct Labor,64478,67257,2779
2024-11-01,Sales,6200,Direct Labor,63013,63310,297
2024-12-01,Sales,6200,Direct Labor,64768,63589,-1179
2025-01-01,Sales,6200,Direct Labor,61971,64581,2610
2025-02-01,Sales,6200,Direct Labor,64126,64964,838
2025-03-01,Sales,6200,Direct Labor,64322,63717,-605
2025-04-01,Sales,6200,Direct Labor,61631,58842,-2789
2025-05-01,Sales,6200,Direct Labor,62372,62032,-340
2025-06-01,Sales,6200,Direct Labor,62790,61388,-1402
2025-07-01,Sales,6200,Direct Labor,61299,60441,-858
2025-08-01,Sales,6200,Direct Labor,63453,62517,-936
2025-09-01,Sales,6200,Direct Labor,62487,61844,-643
2025-10-01,Sales,6200,Direct Labor,61889,59926,-1963
2025-11-01,Sales,6200,Direct Labor,64227,64831,604
2025-12-01,Sales,6200,Direct Labor,63154,62101,-1053
2026-01-01,Sales,6200,Direct Labor,64004,61490,-2514
2026-02-01,Sales,6200,Direct Labor,62975,64233,1258
2026-03-01,Sales,6200,Direct Labor,63872,64933,1061
2026-04-01,Sales,6200,Direct Labor,63378,65846,2468
2026-05-01,Sales,6200,Direct Labor,61487,58925,-2562
2026-06-01,Sales,6200,Direct Labor,61488,63203,1715
2026-07-01,Sales,6200,Direct Labor,64669,62048,-2621
2023-01-01,Sales,6300,Manufacturing Overhead,36021,34289,-1732
2023-02-01,Sales,6300,Manufacturing Overhead,34640,33930,-710
2023-03-01,Sales,6300,Manufacturing Overhead,35929,36583,654
2023-04-01,Sales,6300,Manufacturing Overhead,34063,34753,690
2023-05-01,Sales,6300,Manufacturing Overhead,34303,32669,-1634
2023-06-01,Sales,6300,Manufacturing Overhead,35456,34998,-458
2023-07-01,Sales,6300,Manufacturing Overhead,34441,35535,1094
2023-08-01,Sales,6300,Manufacturing Overhead,35908,36621,713
2023-09-01,Sales,6300,Manufacturing Overhead,34125,33023,-1102
2023-10-01,Sales,6300,Manufacturing Overhead,33951,32534,-1417
2023-11-01,Sales,6300,Manufacturing Overhead,34234,34021,-213
2023-12-01,Sales,6300,Manufacturing Overhead,34609,35626,1017
2024-01-01,Sales,6300,Manufacturing Overhead,35138,36445,1307
2024-02-01,Sales,6300,Manufacturing Overhead,34075,32909,-1166
2024-03-01,Sales,6300,Manufacturing Overhead,34827,35915,1088
2024-04-01,Sales,6300,Manufacturing Overhead,35880,34369,-1511
2024-05-01,Sales,6300,Manufacturing Overhead,34183,33207,-976
2024-06-01,Sales,6300,Manufacturing Overhead,35461,34337,-1124
2024-07-01,Sales,6300,Manufacturing Overhead,35795,37465,1670
2024-08-01,Sales,6300,Manufacturing Overhead,35325,35983,658
2024-09-01,Sales,6300,Manufacturing Overhead,34495,34956,461
2024-10-01,Sales,6300,Manufacturing Overhead,35247,33597,-1650
2024-11-01,Sales,6300,Manufacturing Overhead,34543,36118,1575
2024-12-01,Sales,6300,Manufacturing Overhead,34984,35911,927
2025-01-01,Sales,6300,Manufacturing Overhead,35429,36650,1221
2025-02-01,Sales,6300,Manufacturing Overhead,34924,35101,177
2025-03-01,Sales,6300,Manufacturing Overhead,35905,36653,748
2025-04-01,Sales,6300,Manufacturing Overhead,35189,34718,-471
2025-05-01,Sales,6300,Manufacturing Overhead,34009,33093,-916
2025-06-01,Sales,6300,Manufacturing Overhead,35527,33984,-1543
2025-07-01,Sales,6300,Manufacturing Overhead,33970,33605,-365
2025-08-01,Sales,6300,Manufacturing Overhead,35961,36400,439
2025-09-01,Sales,6300,Manufacturing Overhead,35987,36969,982
2025-10-01,Sales,6300,Manufacturing Overhead,33976,34622,646
2025-11-01,Sales,6300,Manufacturing Overhead,35166,33418,-1748
2025-12-01,Sales,6300,Manufacturing Overhead,34681,36199,1518
2026-01-01,Sales,6300,Manufacturing Overhead,35794,35538,-256
2026-02-01,Sales,6300,Manufacturing Overhead,35014,35710,696
2026-03-01,Sales,6300,Manufacturing Overhead,35547,33999,-1548
2026-04-01,Sales,6300,Manufacturing Overhead,35090,35535,445
2026-05-01,Sales,6300,Manufacturing Overhead,35861,37494,1633
2026-06-01,Sales,6300,Manufacturing Overhead,36030,35442,-588
2026-07-01,Sales,6300,Manufacturing Overhead,35242,36623,1381
2023-01-01,Sales,7000,Salaries & Benefits,71931,70918,-1013
2023-02-01,Sales,7000,Salaries & Benefits,71092,69269,-1823
2023-03-01,Sales,7000,Salaries & Benefits,69470,69936,466
2023-04-01,Sales,7000,Salaries & Benefits,68515,67565,-950
2023-05-01,Sales,7000,Salaries & Benefits,68197,65192,-3005
2023-06-01,Sales,7000,Salaries & Benefits,71948,72447,499
2023-07-01,Sales,7000,Salaries & Benefits,70326,71340,1014
2023-08-01,Sales,7000,Salaries & Benefits,69571,69073,-498
2023-09-01,Sales,7000,Salaries & Benefits,71739,74065,2326
2023-10-01,Sales,7000,Salaries & Benefits,68147,68465,318
2023-11-01,Sales,7000,Salaries & Benefits,70912,70752,-160
2023-12-01,Sales,7000,Salaries & Benefits,68085,69416,1331
2024-01-01,Sales,7000,Salaries & Benefits,68915,68770,-145
2024-02-01,Sales,7000,Salaries & Benefits,69022,70266,1244
2024-03-01,Sales,7000,Salaries & Benefits,70910,74146,3236
2024-04-01,Sales,7000,Salaries & Benefits,70681,71178,497
2024-05-01,Sales,7000,Salaries & Benefits,69114,69674,560
2024-06-01,Sales,7000,Salaries & Benefits,71945,71045,-900
2024-07-01,Sales,7000,Salaries & Benefits,68845,65422,-3423
2024-08-01,Sales,7000,Salaries & Benefits,69961,69100,-861
2024-09-01,Sales,7000,Salaries & Benefits,71462,69012,-2450
2024-10-01,Sales,7000,Salaries & Benefits,69278,67324,-1954
2024-11-01,Sales,7000,Salaries & Benefits,70558,72875,2317
2024-12-01,Sales,7000,Salaries & Benefits,68206,66245,-1961
2025-01-01,Sales,7000,Salaries & Benefits,69494,67792,-1702
2025-02-01,Sales,7000,Salaries & Benefits,71675,69408,-2267
2025-03-01,Sales,7000,Salaries & Benefits,68344,68599,255
2025-04-01,Sales,7000,Salaries & Benefits,68672,65658,-3014
2025-05-01,Sales,7000,Salaries & Benefits,68684,71754,3070
2025-06-01,Sales,7000,Salaries & Benefits,70850,68366,-2484
2025-07-01,Sales,7000,Salaries & Benefits,71215,69846,-1369
2025-08-01,Sales,7000,Salaries & Benefits,71495,68419,-3076
2025-09-01,Sales,7000,Salaries & Benefits,70996,67673,-3323
2025-10-01,Sales,7000,Salaries & Benefits,68067,70756,2689
2025-11-01,Sales,7000,Salaries & Benefits,69671,70903,1232
2025-12-01,Sales,7000,Salaries & Benefits,69396,65965,-3431
2026-01-01,Sales,7000,Salaries & Benefits,71110,71402,292
2026-02-01,Sales,7000,Salaries & Benefits,71737,71812,75
2026-03-01,Sales,7000,Salaries & Benefits,68920,66518,-2402
2026-04-01,Sales,7000,Salaries & Benefits,71692,68741,-2951
2026-05-01,Sales,7000,Salaries & Benefits,69549,67601,-1948
2026-06-01,Sales,7000,Salaries & Benefits,68472,71399,2927
2026-07-01,Sales,7000,Salaries & Benefits,69083,70315,1232
2023-01-01,Sales,7100,Travel & Entertainment,10788,11245,457
2023-02-01,Sales,7100,Travel & Entertainment,10473,10739,266
2023-03-01,Sales,7100,Travel & Entertainment,10812,10873,61
2023-04-01,Sales,7100,Travel & Entertainment,10804,10751,-53
2023-05-01,Sales,7100,Travel & Entertainment,10725,11112,387
2023-06-01,Sales,7100,Travel & Entertainment,10240,10336,96
2023-07-01,Sales,7100,Travel & Entertainment,10559,10478,-81
2023-08-01,Sales,7100,Travel & Entertainment,10291,9824,-467
2023-09-01,Sales,7100,Travel & Entertainment,10786,10506,-280
2023-10-01,Sales,7100,Travel & Entertainment,10608,11014,406
2023-11-01,Sales,7100,Travel & Entertainment,10687,11098,411
2023-12-01,Sales,7100,Travel & Entertainment,10274,10140,-134
2024-01-01,Sales,7100,Travel & Entertainment,10513,10069,-444
2024-02-01,Sales,7100,Travel & Entertainment,10476,10438,-38
2024-03-01,Sales,7100,Travel & Entertainment,10201,10299,98
2024-04-01,Sales,7100,Travel & Entertainment,10186,10130,-56
2024-05-01,Sales,7100,Travel & Entertainment,10242,10082,-160
2024-06-01,Sales,7100,Travel & Entertainment,10287,10507,220
2024-07-01,Sales,7100,Travel & Entertainment,10532,10196,-336
2024-08-01,Sales,7100,Travel & Entertainment,10457,10935,478
2024-09-01,Sales,7100,Travel & Entertainment,10247,10550,303
2024-10-01,Sales,7100,Travel & Entertainment,10642,10292,-350
2024-11-01,Sales,7100,Travel & Entertainment,10407,10834,427
2024-12-01,Sales,7100,Travel & Entertainment,10680,10704,24
2025-01-01,Sales,7100,Travel & Entertainment,10758,10998,240
2025-02-01,Sales,7100,Travel & Entertainment,10617,10687,70
2025-03-01,Sales,7100,Travel & Entertainment,10458,10743,285
2025-04-01,Sales,7100,Travel & Entertainment,10502,10199,-303
2025-05-01,Sales,7100,Travel & Entertainment,10419,10471,52
2025-06-01,Sales,7100,Travel & Entertainment,10236,10327,91
2025-07-01,Sales,7100,Travel & Entertainment,10382,10641,259
2025-08-01,Sales,7100,Travel & Entertainment,10620,10589,-31
2025-09-01,Sales,7100,Travel & Entertainment,10629,10198,-431
2025-10-01,Sales,7100,Travel & Entertainment,10535,10055,-480
2025-11-01,Sales,7100,Travel & Entertainment,10217,10720,503
2025-12-01,Sales,7100,Travel & Entertainment,10399,10125,-274
2026-01-01,Sales,7100,Travel & Entertainment,10522,10846,324
2026-02-01,Sales,7100,Travel & Entertainment,10565,10265,-300
2026-03-01,Sales,7100,Travel & Entertainment,10530,10399,-131
2026-04-01,Sales,7100,Travel & Entertainment,10779,10788,9
2026-05-01,Sales,7100,Travel & Entertainment,10552,10973,421
2026-06-01,Sales,7100,Travel & Entertainment,10691,10452,-239
2026-07-01,Sales,7100,Travel & Entertainment,10791,10587,-204
2023-01-01,Sales,7200,Professional Services,17031,16343,-688
2023-02-01,Sales,7200,Professional Services,17515,16934,-581
2023-03-01,Sales,7200,Professional Services,17767,17167,-600
2023-04-01,Sales,7200,Professional Services,17032,17119,87
2023-05-01,Sales,7200,Professional Services,17621,17686,65
2023-06-01,Sales,7200,Professional Services,17632,18229,597
2023-07-01,Sales,7200,Professional Services,17215,17495,280
2023-08-01,Sales,7200,Professional Services,17138,16713,-425
2023-09-01,Sales,7200,Professional Services,17266,17244,-22
2023-10-01,Sales,7200,Professional Services,17268,16770,-498
2023-11-01,Sales,7200,Professional Services,17113,17540,427
2023-12-01,Sales,7200,Professional Services,17526,16842,-684
2024-01-01,Sales,7200,Professional Services,17418,18208,790
2024-02-01,Sales,7200,Professional Services,17353,17531,178
2024-03-01,Sales,7200,Professional Services,17181,16339,-842
2024-04-01,Sales,7200,Professional Services,17108,17326,218
2024-05-01,Sales,7200,Professional Services,16989,16201,-788
2024-06-01,Sales,7200,Professional Services,17193,16421,-772
2024-07-01,Sales,7200,Professional Services,17959,18311,352
2024-08-01,Sales,7200,Professional Services,17205,16570,-635
2024-09-01,Sales,7200,Professional Services,17728,17725,-3
2024-10-01,Sales,7200,Professional Services,17868,17202,-666
2024-11-01,Sales,7200,Professional Services,17895,17436,-459
2024-12-01,Sales,7200,Professional Services,17729,16916,-813
2025-01-01,Sales,7200,Professional Services,17791,17134,-657
2025-02-01,Sales,7200,Professional Services,17073,16792,-281
2025-03-01,Sales,7200,Professional Services,17024,16604,-420
2025-04-01,Sales,7200,Professional Services,17182,17495,313
2025-05-01,Sales,7200,Professional Services,17841,17563,-278
2025-06-01,Sales,7200,Professional Services,17808,17329,-479
2025-07-01,Sales,7200,Professional Services,17845,17768,-77
2025-08-01,Sales,7200,Professional Services,17349,18048,699
2025-09-01,Sales,7200,Professional Services,17076,17140,64
2025-10-01,Sales,7200,Professional Services,17114,16380,-734
2025-11-01,Sales,7200,Professional Services,16999,16424,-575
2025-12-01,Sales,7200,Professional Services,17603,17455,-148
2026-01-01,Sales,7200,Professional Services,17903,18236,333
2026-02-01,Sales,7200,Professional Services,17754,17700,-54
2026-03-01,Sales,7200,Professional Services,17372,17560,188
2026-04-01,Sales,7200,Professional Services,17879,17270,-609
2026-05-01,Sales,7200,Professional Services,17762,17817,55
2026-06-01,Sales,7200,Professional Services,17100,17588,488
2026-07-01,Sales,7200,Professional Services,17252,17842,590
2023-01-01,Sales,7300,Facilities,21305,21989,684
2023-02-01,Sales,7300,Facilities,20454,20223,-231
2023-03-01,Sales,7300,Facilities,20574,20713,139
2023-04-01,Sales,7300,Facilities,21380,20745,-635
2023-05-01,Sales,7300,Facilities,20519,20492,-27
2023-06-01,Sales,7300,Facilities,21001,20721,-280
2023-07-01,Sales,7300,Facilities,21072,20795,-277
2023-08-01,Sales,7300,Facilities,21430,22162,732
2023-09-01,Sales,7300,Facilities,21513,21428,-85
2023-10-01,Sales,7300,Facilities,21319,22152,833
2023-11-01,Sales,7300,Facilities,20853,21271,418
2023-12-01,Sales,7300,Facilities,21542,20646,-896
2024-01-01,Sales,7300,Facilities,21015,20792,-223
2024-02-01,Sales,7300,Facilities,20826,20416,-410
2024-03-01,Sales,7300,Facilities,20732,21277,545
2024-04-01,Sales,7300,Facilities,20691,21014,323
2024-05-01,Sales,7300,Facilities,20926,20783,-143
2024-06-01,Sales,7300,Facilities,21604,22003,399
2024-07-01,Sales,7300,Facilities,21132,20474,-658
2024-08-01,Sales,7300,Facilities,20653,20481,-172
2024-09-01,Sales,7300,Facilities,20381,20681,300
2024-10-01,Sales,7300,Facilities,20845,20748,-97
2024-11-01,Sales,7300,Facilities,20533,19853,-680
2024-12-01,Sales,7300,Facilities,20540,21325,785
2025-01-01,Sales,7300,Facilities,20518,20098,-420
2025-02-01,Sales,7300,Facilities,20555,19972,-583
2025-03-01,Sales,7300,Facilities,20888,20131,-757
2025-04-01,Sales,7300,Facilities,21414,21079,-335
2025-05-01,Sales,7300,Facilities,21195,21609,414
2025-06-01,Sales,7300,Facilities,20706,19984,-722
2025-07-01,Sales,7300,Facilities,21226,21969,743
2025-08-01,Sales,7300,Facilities,21172,22135,963
2025-09-01,Sales,7300,Facilities,21043,21028,-15
2025-10-01,Sales,7300,Facilities,21613,22586,973
2025-11-01,Sales,7300,Facilities,21148,21655,507
2025-12-01,Sales,7300,Facilities,21542,20783,-759
2026-01-01,Sales,7300,Facilities,20673,20283,-390
2026-02-01,Sales,7300,Facilities,21404,20515,-889
2026-03-01,Sales,7300,Facilities,21127,21513,386
2026-04-01,Sales,7300,Facilities,20702,20083,-619
2026-05-01,Sales,7300,Facilities,20797,20255,-542
2026-06-01,Sales,7300,Facilities,20539,21495,956
2026-07-01,Sales,7300,Facilities,21617,22584,967
2023-01-01,Sales,7400,Depreciation,14398,13947,-451
2023-02-01,Sales,7400,Depreciation,13887,13273,-614
2023-03-01,Sales,7400,Depreciation,14027,13641,-386
2023-04-01,Sales,7400,Depreciation,13799,13388,-411
2023-05-01,Sales,7400,Depreciation,14265,14706,441
2023-06-01,Sales,7400,Depreciation,13782,13201,-581
2023-07-01,Sales,7400,Depreciation,14281,14778,497
2023-08-01,Sales,7400,Depreciation,14024,13892,-132
2023-09-01,Sales,7400,Depreciation,13894,14198,304
2023-10-01,Sales,7400,Depreciation,13891,13845,-46
2023-11-01,Sales,7400,Depreciation,14191,14782,591
2023-12-01,Sales,7400,Depreciation,14054,13729,-325
2024-01-01,Sales,7400,Depreciation,13858,13794,-64
2024-02-01,Sales,7400,Depreciation,14073,14629,556
2024-03-01,Sales,7400,Depreciation,14250,13920,-330
2024-04-01,Sales,7400,Depreciation,14229,14800,571
2024-05-01,Sales,7400,Depreciation,14114,14745,631
2024-06-01,Sales,7400,Depreciation,13883,13522,-361
2024-07-01,Sales,7400,Depreciation,13891,13852,-39
2024-08-01,Sales,7400,Depreciation,14300,14147,-153
2024-09-01,Sales,7400,Depreciation,14362,14498,136
2024-10-01,Sales,7400,Depreciation,14002,14649,647
2024-11-01,Sales,7400,Depreciation,13633,13236,-397
2024-12-01,Sales,7400,Depreciation,13816,13234,-582
2025-01-01,Sales,7400,Depreciation,13868,13688,-180
2025-02-01,Sales,7400,Depreciation,14030,14603,573
2025-03-01,Sales,7400,Depreciation,14061,14659,598
2025-04-01,Sales,7400,Depreciation,14367,14966,599
2025-05-01,Sales,7400,Depreciation,13837,13266,-571
2025-06-01,Sales,7400,Depreciation,13867,14228,361
2025-07-01,Sales,7400,Depreciation,14081,13832,-249
2025-08-01,Sales,7400,Depreciation,14370,14479,109
2025-09-01,Sales,7400,Depreciation,13914,14393,479
2025-10-01,Sales,7400,Depreciation,13733,14218,485
2025-11-01,Sales,7400,Depreciation,13781,13717,-64
2025-12-01,Sales,7400,Depreciation,14404,13881,-523
2026-01-01,Sales,7400,Depreciation,13889,14191,302
2026-02-01,Sales,7400,Depreciation,14409,14071,-338
2026-03-01,Sales,7400,Depreciation,13903,14505,602
2026-04-01,Sales,7400,Depreciation,13820,14508,688
2026-05-01,Sales,7400,Depreciation,14381,14598,217
2026-06-01,Sales,7400,Depreciation,14070,13715,-355
2026-07-01,Sales,7400,Depreciation,14334,14966,632
2023-01-01,Sales,7500,IT & Software,10699,10486,-213
2023-02-01,Sales,7500,IT & Software,10385,10187,-198
2023-03-01,Sales,7500,IT & Software,10638,10165,-473
2023-04-01,Sales,7500,IT & Software,10542,10247,-295
2023-05-01,Sales,7500,IT & Software,10670,10378,-292
2023-06-01,Sales,7500,IT & Software,10790,10985,195
2023-07-01,Sales,7500,IT & Software,10196,10231,35
2023-08-01,Sales,7500,IT & Software,10617,10216,-401
2023-09-01,Sales,7500,IT & Software,10777,11124,347
2023-10-01,Sales,7500,IT & Software,10764,10379,-385
2023-11-01,Sales,7500,IT & Software,10261,10126,-135
2023-12-01,Sales,7500,IT & Software,10531,10102,-429
2024-01-01,Sales,7500,IT & Software,10772,10536,-236
2024-02-01,Sales,7500,IT & Software,10284,10143,-141
2024-03-01,Sales,7500,IT & Software,10796,10558,-238
2024-04-01,Sales,7500,IT & Software,10750,10678,-72
2024-05-01,Sales,7500,IT & Software,10756,11076,320
2024-06-01,Sales,7500,IT & Software,10349,10705,356
2024-07-01,Sales,7500,IT & Software,10595,10784,189
2024-08-01,Sales,7500,IT & Software,10216,10213,-3
2024-09-01,Sales,7500,IT & Software,10590,10234,-356
2024-10-01,Sales,7500,IT & Software,10593,10928,335
2024-11-01,Sales,7500,IT & Software,10201,10231,30
2024-12-01,Sales,7500,IT & Software,10687,11088,401
2025-01-01,Sales,7500,IT & Software,10702,10405,-297
2025-02-01,Sales,7500,IT & Software,10465,10416,-49
2025-03-01,Sales,7500,IT & Software,10549,10444,-105
2025-04-01,Sales,7500,IT & Software,10389,10065,-324
2025-05-01,Sales,7500,IT & Software,10480,10073,-407
2025-06-01,Sales,7500,IT & Software,10759,10916,157
2025-07-01,Sales,7500,IT & Software,10214,10483,269
2025-08-01,Sales,7500,IT & Software,10626,10961,335
2025-09-01,Sales,7500,IT & Software,10698,11161,463
2025-10-01,Sales,7500,IT & Software,10225,10662,437
2025-11-01,Sales,7500,IT & Software,10417,10572,155
2025-12-01,Sales,7500,IT & Software,10600,10118,-482
2026-01-01,Sales,7500,IT & Software,10201,9846,-355
2026-02-01,Sales,7500,IT & Software,10724,10379,-345
2026-03-01,Sales,7500,IT & Software,10266,10070,-196
2026-04-01,Sales,7500,IT & Software,10386,10555,169
2026-05-01,Sales,7500,IT & Software,10781,10371,-410
2026-06-01,Sales,7500,IT & Software,10202,9999,-203
2026-07-01,Sales,7500,IT & Software,10795,11003,208
2023-01-01,Sales,7600,Marketing,10263,10692,429
2023-02-01,Sales,7600,Marketing,10666,10697,31
2023-03-01,Sales,7600,Marketing,10580,10143,-437
2023-04-01,Sales,7600,Marketing,10811,11253,442
2023-05-01,Sales,7600,Marketing,10310,9999,-311
2023-06-01,Sales,7600,Marketing,10577,10419,-158
2023-07-01,Sales,7600,Marketing,10282,10565,283
2023-08-01,Sales,7600,Marketing,10296,10523,227
2023-09-01,Sales,7600,Marketing,10564,10233,-331
2023-10-01,Sales,7600,Marketing,10643,11022,379
2023-11-01,Sales,7600,Marketing,10679,10512,-167
2023-12-01,Sales,7600,Marketing,10638,11134,496
2024-01-01,Sales,7600,Marketing,10407,10816,409
2024-02-01,Sales,7600,Marketing,10600,10296,-304
2024-03-01,Sales,7600,Marketing,10333,9991,-342
2024-04-01,Sales,7600,Marketing,10588,10875,287
2024-05-01,Sales,7600,Marketing,10464,10673,209
2024-06-01,Sales,7600,Marketing,10305,10328,23
2024-07-01,Sales,7600,Marketing,10568,10041,-527
2024-08-01,Sales,7600,Marketing,10414,10387,-27
2024-09-01,Sales,7600,Marketing,10622,11041,419
2024-10-01,Sales,7600,Marketing,10709,11011,302
2024-11-01,Sales,7600,Marketing,10327,10045,-282
2024-12-01,Sales,7600,Marketing,10454,10462,8
2025-01-01,Sales,7600,Marketing,10797,10764,-33
2025-02-01,Sales,7600,Marketing,10243,9781,-462
2025-03-01,Sales,7600,Marketing,10800,10309,-491
2025-04-01,Sales,7600,Marketing,10303,10413,110
2025-05-01,Sales,7600,Marketing,10681,10276,-405
2025-06-01,Sales,7600,Marketing,10504,10145,-359
2025-07-01,Sales,7600,Marketing,10723,10596,-127
2025-08-01,Sales,7600,Marketing,10247,10238,-9
2025-09-01,Sales,7600,Marketing,10283,9871,-412
2025-10-01,Sales,7600,Marketing,10591,11070,479
2025-11-01,Sales,7600,Marketing,10803,10503,-300
2025-12-01,Sales,7600,Marketing,10792,10984,192
2026-01-01,Sales,7600,Marketing,10583,10247,-336
2026-02-01,Sales,7600,Marketing,10241,10609,368
2026-03-01,Sales,7600,Marketing,10605,10967,362
2026-04-01,Sales,7600,Marketing,10459,10676,217
2026-05-01,Sales,7600,Marketing,10350,10722,372
2026-06-01,Sales,7600,Marketing,10676,10653,-23
2026-07-01,Sales,7600,Marketing,10389,10653,264
2023-01-01,EHS,6000,Cost of Goods Sold,41070,39878,-1192
2023-02-01,EHS,6000,Cost of Goods Sold,43184,41961,-1223
2023-03-01,EHS,6000,Cost of Goods Sold,42481,41006,-1475
2023-04-01,EHS,6000,Cost of Goods Sold,43140,44950,1810
2023-05-01,EHS,6000,Cost of Goods Sold,42021,42587,566
2023-06-01,EHS,6000,Cost of Goods Sold,42641,41754,-887
2023-07-01,EHS,6000,Cost of Goods Sold,43253,42587,-666
2023-08-01,EHS,6000,Cost of Goods Sold,43236,44784,1548
2023-09-01,EHS,6000,Cost of Goods Sold,42167,43084,917
2023-10-01,EHS,6000,Cost of Goods Sold,42416,43202,786
2023-11-01,EHS,6000,Cost of Goods Sold,42908,41529,-1379
2023-12-01,EHS,6000,Cost of Goods Sold,43155,42745,-410
2024-01-01,EHS,6000,Cost of Goods Sold,41690,43028,1338
2024-02-01,EHS,6000,Cost of Goods Sold,42297,44382,2085
2024-03-01,EHS,6000,Cost of Goods Sold,41272,41916,644
2024-04-01,EHS,6000,Cost of Goods Sold,43009,41900,-1109
2024-05-01,EHS,6000,Cost of Goods Sold,43001,44250,1249
2024-06-01,EHS,6000,Cost of Goods Sold,41947,43200,1253
2024-07-01,EHS,6000,Cost of Goods Sold,40908,41512,604
2024-08-01,EHS,6000,Cost of Goods Sold,42080,41119,-961
2024-09-01,EHS,6000,Cost of Goods Sold,42463,42428,-35
2024-10-01,EHS,6000,Cost of Goods Sold,41003,39922,-1081
2024-11-01,EHS,6000,Cost of Goods Sold,41964,41189,-775
2024-12-01,EHS,6000,Cost of Goods Sold,42899,44829,1930
2025-01-01,EHS,6000,Cost of Goods Sold,42686,43340,654
2025-02-01,EHS,6000,Cost of Goods Sold,41556,39535,-2021
2025-03-01,EHS,6000,Cost of Goods Sold,42403,41215,-1188
2025-04-01,EHS,6000,Cost of Goods Sold,41711,41299,-412
2025-05-01,EHS,6000,Cost of Goods Sold,40884,42047,1163
2025-06-01,EHS,6000,Cost of Goods Sold,42413,41265,-1148
2025-07-01,EHS,6000,Cost of Goods Sold,42827,42714,-113
2025-08-01,EHS,6000,Cost of Goods Sold,41661,39841,-1820
2025-09-01,EHS,6000,Cost of Goods Sold,42581,43819,1238
2025-10-01,EHS,6000,Cost of Goods Sold,40853,40111,-742
2025-11-01,EHS,6000,Cost of Goods Sold,42173,43435,1262
2025-12-01,EHS,6000,Cost of Goods Sold,43101,43789,688
2026-01-01,EHS,6000,Cost of Goods Sold,41668,41368,-300
2026-02-01,EHS,6000,Cost of Goods Sold,42555,40734,-1821
2026-03-01,EHS,6000,Cost of Goods Sold,42167,43931,1764
2026-04-01,EHS,6000,Cost of Goods Sold,41602,41304,-298
2026-05-01,EHS,6000,Cost of Goods Sold,40783,42550,1767
2026-06-01,EHS,6000,Cost of Goods Sold,40970,41875,905
2026-07-01,EHS,6000,Cost of Goods Sold,42233,41015,-1218
2023-01-01,EHS,6100,Direct Materials,17312,17394,82
2023-02-01,EHS,6100,Direct Materials,17351,16804,-547
2023-03-01,EHS,6100,Direct Materials,17476,16603,-873
2023-04-01,EHS,6100,Direct Materials,17119,16697,-422
2023-05-01,EHS,6100,Direct Materials,17431,16835,-596
2023-06-01,EHS,6100,Direct Materials,16991,17200,209
2023-07-01,EHS,6100,Direct Materials,17660,16947,-713
2023-08-01,EHS,6100,Direct Materials,17740,17012,-728
2023-09-01,EHS,6100,Direct Materials,17298,18060,762
2023-10-01,EHS,6100,Direct Materials,17575,18018,443
2023-11-01,EHS,6100,Direct Materials,17426,18204,778
2023-12-01,EHS,6100,Direct Materials,17399,17455,56
2024-01-01,EHS,6100,Direct Materials,17655,17489,-166
2024-02-01,EHS,6100,Direct Materials,17570,17611,41
2024-03-01,EHS,6100,Direct Materials,17201,16625,-576
2024-04-01,EHS,6100,Direct Materials,17490,17462,-28
2024-05-01,EHS,6100,Direct Materials,17059,17233,174
2024-06-01,EHS,6100,Direct Materials,17784,17129,-655
2024-07-01,EHS,6100,Direct Materials,17660,17969,309
2024-08-01,EHS,6100,Direct Materials,17005,17786,781
2024-09-01,EHS,6100,Direct Materials,17705,18526,821
2024-10-01,EHS,6100,Direct Materials,17537,17493,-44
2024-11-01,EHS,6100,Direct Materials,17547,17288,-259
2024-12-01,EHS,6100,Direct Materials,17858,18637,779
2025-01-01,EHS,6100,Direct Materials,17963,18295,332
2025-02-01,EHS,6100,Direct Materials,17920,18275,355
2025-03-01,EHS,6100,Direct Materials,17299,16633,-666
2025-04-01,EHS,6100,Direct Materials,17071,17532,461
2025-05-01,EHS,6100,Direct Materials,17320,16780,-540
2025-06-01,EHS,6100,Direct Materials,17977,18286,309
2025-07-01,EHS,6100,Direct Materials,17800,18044,244
2025-08-01,EHS,6100,Direct Materials,17166,16522,-644
2025-09-01,EHS,6100,Direct Materials,17023,16378,-645
2025-10-01,EHS,6100,Direct Materials,17048,17631,583
2025-11-01,EHS,6100,Direct Materials,17788,17764,-24
2025-12-01,EHS,6100,Direct Materials,17372,18229,857
2026-01-01,EHS,6100,Direct Materials,17566,17489,-77
2026-02-01,EHS,6100,Direct Materials,17943,19723,1780
2026-03-01,EHS,6100,Direct Materials,17722,19141,1419
2026-04-01,EHS,6100,Direct Materials,17417,19201,1784
2026-05-01,EHS,6100,Direct Materials,17390,18996,1606
2026-06-01,EHS,6100,Direct Materials,17674,19396,1722
2026-07-01,EHS,6100,Direct Materials,17396,19186,1790
2023-01-01,EHS,6200,Direct Labor,12670,13206,536
2023-02-01,EHS,6200,Direct Labor,12891,12361,-530
2023-03-01,EHS,6200,Direct Labor,12839,12692,-147
2023-04-01,EHS,6200,Direct Labor,12485,12723,238
2023-05-01,EHS,6200,Direct Labor,12248,12686,438
2023-06-01,EHS,6200,Direct Labor,12247,12133,-114
2023-07-01,EHS,6200,Direct Labor,12489,12738,249
2023-08-01,EHS,6200,Direct Labor,12578,11996,-582
2023-09-01,EHS,6200,Direct Labor,12781,13388,607
2023-10-01,EHS,6200,Direct Labor,12649,12796,147
2023-11-01,EHS,6200,Direct Labor,12950,12874,-76
2023-12-01,EHS,6200,Direct Labor,12305,12471,166
2024-01-01,EHS,6200,Direct Labor,12713,12252,-461
2024-02-01,EHS,6200,Direct Labor,12748,12395,-353
2024-03-01,EHS,6200,Direct Labor,12378,12619,241
2024-04-01,EHS,6200,Direct Labor,12671,12949,278
2024-05-01,EHS,6200,Direct Labor,12358,12172,-186
2024-06-01,EHS,6200,Direct Labor,12344,11926,-418
2024-07-01,EHS,6200,Direct Labor,12535,12167,-368
2024-08-01,EHS,6200,Direct Labor,12449,13056,607
2024-09-01,EHS,6200,Direct Labor,12867,13014,147
2024-10-01,EHS,6200,Direct Labor,12915,13071,156
2024-11-01,EHS,6200,Direct Labor,12645,12733,88
2024-12-01,EHS,6200,Direct Labor,12476,12343,-133
2025-01-01,EHS,6200,Direct Labor,12919,12808,-111
2025-02-01,EHS,6200,Direct Labor,12551,12298,-253
2025-03-01,EHS,6200,Direct Labor,12472,12175,-297
2025-04-01,EHS,6200,Direct Labor,12903,13449,546
2025-05-01,EHS,6200,Direct Labor,12785,12539,-246
2025-06-01,EHS,6200,Direct Labor,12417,11887,-530
2025-07-01,EHS,6200,Direct Labor,12900,13044,144
2025-08-01,EHS,6200,Direct Labor,12521,13057,536
2025-09-01,EHS,6200,Direct Labor,12667,12987,320
2025-10-01,EHS,6200,Direct Labor,12405,12660,255
2025-11-01,EHS,6200,Direct Labor,12870,12581,-289
2025-12-01,EHS,6200,Direct Labor,12563,12219,-344
2026-01-01,EHS,6200,Direct Labor,12888,13374,486
2026-02-01,EHS,6200,Direct Labor,12421,12453,32
2026-03-01,EHS,6200,Direct Labor,12733,12933,200
2026-04-01,EHS,6200,Direct Labor,12646,12198,-448
2026-05-01,EHS,6200,Direct Labor,12258,12047,-211
2026-06-01,EHS,6200,Direct Labor,12540,12672,132
2026-07-01,EHS,6200,Direct Labor,12583,13131,548
2023-01-01,EHS,6300,Manufacturing Overhead,7205,7327,122
2023-02-01,EHS,6300,Manufacturing Overhead,7014,7204,190
2023-03-01,EHS,6300,Manufacturing Overhead,7009,7260,251
2023-04-01,EHS,6300,Manufacturing Overhead,6903,6730,-173
2023-05-01,EHS,6300,Manufacturing Overhead,6834,6498,-336
2023-06-01,EHS,6300,Manufacturing Overhead,7166,7217,51
2023-07-01,EHS,6300,Manufacturing Overhead,6844,6975,131
2023-08-01,EHS,6300,Manufacturing Overhead,6838,6823,-15
2023-09-01,EHS,6300,Manufacturing Overhead,6808,6690,-118
2023-10-01,EHS,6300,Manufacturing Overhead,7168,7181,13
2023-11-01,EHS,6300,Manufacturing Overhead,6871,6961,90
2023-12-01,EHS,6300,Manufacturing Overhead,7119,7027,-92
2024-01-01,EHS,6300,Manufacturing Overhead,6988,7048,60
2024-02-01,EHS,6300,Manufacturing Overhead,7151,6883,-268
2024-03-01,EHS,6300,Manufacturing Overhead,6893,6578,-315
2024-04-01,EHS,6300,Manufacturing Overhead,6907,6861,-46
2024-05-01,EHS,6300,Manufacturing Overhead,6918,7215,297
2024-06-01,EHS,6300,Manufacturing Overhead,6852,6928,76
2024-07-01,EHS,6300,Manufacturing Overhead,7028,7255,227
2024-08-01,EHS,6300,Manufacturing Overhead,6849,7012,163
2024-09-01,EHS,6300,Manufacturing Overhead,6939,6687,-252
2024-10-01,EHS,6300,Manufacturing Overhead,6838,6998,160
2024-11-01,EHS,6300,Manufacturing Overhead,6984,7234,250
2024-12-01,EHS,6300,Manufacturing Overhead,7153,7174,21
2025-01-01,EHS,6300,Manufacturing Overhead,7040,6822,-218
2025-02-01,EHS,6300,Manufacturing Overhead,7035,7125,90
2025-03-01,EHS,6300,Manufacturing Overhead,7143,7474,331
2025-04-01,EHS,6300,Manufacturing Overhead,7023,6974,-49
2025-05-01,EHS,6300,Manufacturing Overhead,7129,7430,301
2025-06-01,EHS,6300,Manufacturing Overhead,7046,7359,313
2025-07-01,EHS,6300,Manufacturing Overhead,6900,6804,-96
2025-08-01,EHS,6300,Manufacturing Overhead,6915,6749,-166
2025-09-01,EHS,6300,Manufacturing Overhead,6927,6849,-78
2025-10-01,EHS,6300,Manufacturing Overhead,6826,6637,-189
2025-11-01,EHS,6300,Manufacturing Overhead,7018,6927,-91
2025-12-01,EHS,6300,Manufacturing Overhead,7162,7016,-146
2026-01-01,EHS,6300,Manufacturing Overhead,6867,7093,226
2026-02-01,EHS,6300,Manufacturing Overhead,6856,6973,117
2026-03-01,EHS,6300,Manufacturing Overhead,6847,7092,245
2026-04-01,EHS,6300,Manufacturing Overhead,6872,6843,-29
2026-05-01,EHS,6300,Manufacturing Overhead,6867,6803,-64
2026-06-01,EHS,6300,Manufacturing Overhead,7066,6726,-340
2026-07-01,EHS,6300,Manufacturing Overhead,6887,6853,-34
2023-01-01,EHS,7000,Salaries & Benefits,14067,14073,6
2023-02-01,EHS,7000,Salaries & Benefits,14162,14588,426
2023-03-01,EHS,7000,Salaries & Benefits,13913,14360,447
2023-04-01,EHS,7000,Salaries & Benefits,14278,13611,-667
2023-05-01,EHS,7000,Salaries & Benefits,14245,14941,696
2023-06-01,EHS,7000,Salaries & Benefits,14127,14425,298
2023-07-01,EHS,7000,Salaries & Benefits,14334,14433,99
2023-08-01,EHS,7000,Salaries & Benefits,13816,14166,350
2023-09-01,EHS,7000,Salaries & Benefits,14386,13887,-499
2023-10-01,EHS,7000,Salaries & Benefits,14256,13671,-585
2023-11-01,EHS,7000,Salaries & Benefits,14137,14119,-18
2023-12-01,EHS,7000,Salaries & Benefits,14327,13703,-624
2024-01-01,EHS,7000,Salaries & Benefits,13801,14482,681
2024-02-01,EHS,7000,Salaries & Benefits,13834,14306,472
2024-03-01,EHS,7000,Salaries & Benefits,13629,13259,-370
2024-04-01,EHS,7000,Salaries & Benefits,14247,14724,477
2024-05-01,EHS,7000,Salaries & Benefits,14376,13892,-484
2024-06-01,EHS,7000,Salaries & Benefits,14265,14421,156
2024-07-01,EHS,7000,Salaries & Benefits,13815,13664,-151
2024-08-01,EHS,7000,Salaries & Benefits,13732,14078,346
2024-09-01,EHS,7000,Salaries & Benefits,14193,14553,360
2024-10-01,EHS,7000,Salaries & Benefits,14217,13789,-428
2024-11-01,EHS,7000,Salaries & Benefits,13692,14368,676
2024-12-01,EHS,7000,Salaries & Benefits,14104,13729,-375
2025-01-01,EHS,7000,Salaries & Benefits,13694,13193,-501
2025-02-01,EHS,7000,Salaries & Benefits,13917,14601,684
2025-03-01,EHS,7000,Salaries & Benefits,13761,14281,520
2025-04-01,EHS,7000,Salaries & Benefits,13773,13387,-386
2025-05-01,EHS,7000,Salaries & Benefits,13793,13749,-44
2025-06-01,EHS,7000,Salaries & Benefits,13637,13899,262
2025-07-01,EHS,7000,Salaries & Benefits,14143,14041,-102
2025-08-01,EHS,7000,Salaries & Benefits,13963,14567,604
2025-09-01,EHS,7000,Salaries & Benefits,13589,14073,484
2025-10-01,EHS,7000,Salaries & Benefits,13699,13669,-30
2025-11-01,EHS,7000,Salaries & Benefits,14092,14446,354
2025-12-01,EHS,7000,Salaries & Benefits,13845,14397,552
2026-01-01,EHS,7000,Salaries & Benefits,13628,13325,-303
2026-02-01,EHS,7000,Salaries & Benefits,13891,13274,-617
2026-03-01,EHS,7000,Salaries & Benefits,14371,13901,-470
2026-04-01,EHS,7000,Salaries & Benefits,13774,13887,113
2026-05-01,EHS,7000,Salaries & Benefits,14226,14676,450
2026-06-01,EHS,7000,Salaries & Benefits,13723,13077,-646
2026-07-01,EHS,7000,Salaries & Benefits,13808,14385,577
2023-01-01,EHS,7100,Travel & Entertainment,2137,2040,-97
2023-02-01,EHS,7100,Travel & Entertainment,2105,2096,-9
2023-03-01,EHS,7100,Travel & Entertainment,2156,2221,65
2023-04-01,EHS,7100,Travel & Entertainment,2139,2203,64
2023-05-01,EHS,7100,Travel & Entertainment,2153,2049,-104
2023-06-01,EHS,7100,Travel & Entertainment,2094,2023,-71
2023-07-01,EHS,7100,Travel & Entertainment,2058,2119,61
2023-08-01,EHS,7100,Travel & Entertainment,2074,2153,79
2023-09-01,EHS,7100,Travel & Entertainment,2044,2108,64
2023-10-01,EHS,7100,Travel & Entertainment,2128,2217,89
2023-11-01,EHS,7100,Travel & Entertainment,2070,2149,79
2023-12-01,EHS,7100,Travel & Entertainment,2095,2153,58
2024-01-01,EHS,7100,Travel & Entertainment,2050,2136,86
2024-02-01,EHS,7100,Travel & Entertainment,2118,2158,40
2024-03-01,EHS,7100,Travel & Entertainment,2077,2027,-50
2024-04-01,EHS,7100,Travel & Entertainment,2050,2109,59
2024-05-01,EHS,7100,Travel & Entertainment,2113,2190,77
2024-06-01,EHS,7100,Travel & Entertainment,2154,2057,-97
2024-07-01,EHS,7100,Travel & Entertainment,2082,2091,9
2024-08-01,EHS,7100,Travel & Entertainment,2105,2194,89
2024-09-01,EHS,7100,Travel & Entertainment,2056,2093,37
2024-10-01,EHS,7100,Travel & Entertainment,2116,2082,-34
2024-11-01,EHS,7100,Travel & Entertainment,2147,2053,-94
2024-12-01,EHS,7100,Travel & Entertainment,2057,2077,20
2025-01-01,EHS,7100,Travel & Entertainment,2138,2156,18
2025-02-01,EHS,7100,Travel & Entertainment,2124,2100,-24
2025-03-01,EHS,7100,Travel & Entertainment,2133,2086,-47
2025-04-01,EHS,7100,Travel & Entertainment,2069,2070,1
2025-05-01,EHS,7100,Travel & Entertainment,2130,2225,95
2025-06-01,EHS,7100,Travel & Entertainment,2098,2125,27
2025-07-01,EHS,7100,Travel & Entertainment,2094,2150,56
2025-08-01,EHS,7100,Travel & Entertainment,2047,1983,-64
2025-09-01,EHS,7100,Travel & Entertainment,2053,1968,-85
2025-10-01,EHS,7100,Travel & Entertainment,2043,2049,6
2025-11-01,EHS,7100,Travel & Entertainment,2159,2060,-99
2025-12-01,EHS,7100,Travel & Entertainment,2125,2228,103
2026-01-01,EHS,7100,Travel & Entertainment,2107,2172,65
2026-02-01,EHS,7100,Travel & Entertainment,2131,2035,-96
2026-03-01,EHS,7100,Travel & Entertainment,2152,2254,102
2026-04-01,EHS,7100,Travel & Entertainment,2046,2119,73
2026-05-01,EHS,7100,Travel & Entertainment,2146,2143,-3
2026-06-01,EHS,7100,Travel & Entertainment,2124,2187,63
2026-07-01,EHS,7100,Travel & Entertainment,2154,2175,21
2023-01-01,EHS,7200,Professional Services,3469,3499,30
2023-02-01,EHS,7200,Professional Services,3525,3438,-87
2023-03-01,EHS,7200,Professional Services,3470,3504,34
2023-04-01,EHS,7200,Professional Services,3549,3690,141
2023-05-01,EHS,7200,Professional Services,3418,3282,-136
2023-06-01,EHS,7200,Professional Services,3432,3571,139
2023-07-01,EHS,7200,Professional Services,3594,3683,89
2023-08-01,EHS,7200,Professional Services,3447,3467,20
2023-09-01,EHS,7200,Professional Services,3433,3269,-164
2023-10-01,EHS,7200,Professional Services,3575,3450,-125
2023-11-01,EHS,7200,Professional Services,3419,3308,-111
2023-12-01,EHS,7200,Professional Services,3538,3603,65
2024-01-01,EHS,7200,Professional Services,3450,3581,131
2024-02-01,EHS,7200,Professional Services,3475,3634,159
2024-03-01,EHS,7200,Professional Services,3586,3672,86
2024-04-01,EHS,7200,Professional Services,3395,3408,13
2024-05-01,EHS,7200,Professional Services,3436,3600,164
2024-06-01,EHS,7200,Professional Services,3457,3437,-20
2024-07-01,EHS,7200,Professional Services,3585,3412,-173
2024-08-01,EHS,7200,Professional Services,3500,3506,6
2024-09-01,EHS,7200,Professional Services,3502,3530,28
2024-10-01,EHS,7200,Professional Services,3464,3385,-79
2024-11-01,EHS,7200,Professional Services,3399,3286,-113
2024-12-01,EHS,7200,Professional Services,3576,3617,41
2025-01-01,EHS,7200,Professional Services,3474,3477,3
2025-02-01,EHS,7200,Professional Services,3468,3507,39
2025-03-01,EHS,7200,Professional Services,3579,3468,-111
2025-04-01,EHS,7200,Professional Services,3538,3537,-1
2025-05-01,EHS,7200,Professional Services,3526,3668,142
2025-06-01,EHS,7200,Professional Services,3478,3525,47
2025-07-01,EHS,7200,Professional Services,3439,3593,154
2025-08-01,EHS,7200,Professional Services,3521,3456,-65
2025-09-01,EHS,7200,Professional Services,3444,3336,-108
2025-10-01,EHS,7200,Professional Services,3588,3579,-9
2025-11-01,EHS,7200,Professional Services,3562,3441,-121
2025-12-01,EHS,7200,Professional Services,3470,3350,-120
2026-01-01,EHS,7200,Professional Services,3483,3617,134
2026-02-01,EHS,7200,Professional Services,3468,3324,-144
2026-03-01,EHS,7200,Professional Services,3565,3434,-131
2026-04-01,EHS,7200,Professional Services,3532,3558,26
2026-05-01,EHS,7200,Professional Services,3590,3465,-125
2026-06-01,EHS,7200,Professional Services,3455,3307,-148
2026-07-01,EHS,7200,Professional Services,3589,3752,163
2023-01-01,EHS,7300,Facilities,4268,4148,-120
2023-02-01,EHS,7300,Facilities,4112,4037,-75
2023-03-01,EHS,7300,Facilities,4265,4351,86
2023-04-01,EHS,7300,Facilities,4175,4148,-27
2023-05-01,EHS,7300,Facilities,4191,4283,92
2023-06-01,EHS,7300,Facilities,4113,4075,-38
2023-07-01,EHS,7300,Facilities,4282,4377,95
2023-08-01,EHS,7300,Facilities,4241,4434,193
2023-09-01,EHS,7300,Facilities,4085,4035,-50
2023-10-01,EHS,7300,Facilities,4158,4058,-100
2023-11-01,EHS,7300,Facilities,4204,4266,62
2023-12-01,EHS,7300,Facilities,4213,4043,-170
2024-01-01,EHS,7300,Facilities,4126,3964,-162
2024-02-01,EHS,7300,Facilities,4239,4349,110
2024-03-01,EHS,7300,Facilities,4084,3991,-93
2024-04-01,EHS,7300,Facilities,4209,4357,148
2024-05-01,EHS,7300,Facilities,4252,4106,-146
2024-06-01,EHS,7300,Facilities,4280,4102,-178
2024-07-01,EHS,7300,Facilities,4288,4114,-174
2024-08-01,EHS,7300,Facilities,4283,4404,121
2024-09-01,EHS,7300,Facilities,4168,4083,-85
2024-10-01,EHS,7300,Facilities,4241,4404,163
2024-11-01,EHS,7300,Facilities,4253,4269,16
2024-12-01,EHS,7300,Facilities,4293,4312,19
2025-01-01,EHS,7300,Facilities,4209,4416,207
2025-02-01,EHS,7300,Facilities,4149,3945,-204
2025-03-01,EHS,7300,Facilities,4266,4100,-166
2025-04-01,EHS,7300,Facilities,4156,4179,23
2025-05-01,EHS,7300,Facilities,4089,4011,-78
2025-06-01,EHS,7300,Facilities,4151,3999,-152
2025-07-01,EHS,7300,Facilities,4285,4071,-214
2025-08-01,EHS,7300,Facilities,4274,4136,-138
2025-09-01,EHS,7300,Facilities,4308,4487,179
2025-10-01,EHS,7300,Facilities,4199,4257,58
2025-11-01,EHS,7300,Facilities,4195,4334,139
2025-12-01,EHS,7300,Facilities,4205,4321,116
2026-01-01,EHS,7300,Facilities,4316,4375,59
2026-02-01,EHS,7300,Facilities,4145,4298,153
2026-03-01,EHS,7300,Facilities,4263,4380,117
2026-04-01,EHS,7300,Facilities,4104,4077,-27
2026-05-01,EHS,7300,Facilities,4107,4023,-84
2026-06-01,EHS,7300,Facilities,4119,4165,46
2026-07-01,EHS,7300,Facilities,4254,4227,-27
2023-01-01,EHS,7400,Depreciation,2740,2624,-116
2023-02-01,EHS,7400,Depreciation,2747,2694,-53
2023-03-01,EHS,7400,Depreciation,2727,2668,-59
2023-04-01,EHS,7400,Depreciation,2819,2828,9
2023-05-01,EHS,7400,Depreciation,2850,2740,-110
2023-06-01,EHS,7400,Depreciation,2839,2963,124
2023-07-01,EHS,7400,Depreciation,2870,2890,20
2023-08-01,EHS,7400,Depreciation,2861,2966,105
2023-09-01,EHS,7400,Depreciation,2731,2830,99
2023-10-01,EHS,7400,Depreciation,2791,2882,91
2023-11-01,EHS,7400,Depreciation,2784,2814,30
2023-12-01,EHS,7400,Depreciation,2880,2816,-64
2024-01-01,EHS,7400,Depreciation,2832,2718,-114
2024-02-01,EHS,7400,Depreciation,2743,2797,54
2024-03-01,EHS,7400,Depreciation,2735,2749,14
2024-04-01,EHS,7400,Depreciation,2726,2828,102
2024-05-01,EHS,7400,Depreciation,2787,2653,-134
2024-06-01,EHS,7400,Depreciation,2832,2738,-94
2024-07-01,EHS,7400,Depreciation,2716,2582,-134
2024-08-01,EHS,7400,Depreciation,2873,2944,71
2024-09-01,EHS,7400,Depreciation,2807,2721,-86
2024-10-01,EHS,7400,Depreciation,2783,2887,104
2024-11-01,EHS,7400,Depreciation,2717,2753,36
2024-12-01,EHS,7400,Depreciation,2771,2682,-89
2025-01-01,EHS,7400,Depreciation,2757,2765,8
2025-02-01,EHS,7400,Depreciation,2755,2813,58
2025-03-01,EHS,7400,Depreciation,2873,2888,15
2025-04-01,EHS,7400,Depreciation,2743,2720,-23
2025-05-01,EHS,7400,Depreciation,2852,2758,-94
2025-06-01,EHS,7400,Depreciation,2847,2923,76
2025-07-01,EHS,7400,Depreciation,2726,2713,-13
2025-08-01,EHS,7400,Depreciation,2806,2787,-19
2025-09-01,EHS,7400,Depreciation,2854,2927,73
2025-10-01,EHS,7400,Depreciation,2873,2976,103
2025-11-01,EHS,7400,Depreciation,2746,2761,15
2025-12-01,EHS,7400,Depreciation,2865,2974,109
2026-01-01,EHS,7400,Depreciation,2800,2910,110
2026-02-01,EHS,7400,Depreciation,2829,2937,108
2026-03-01,EHS,7400,Depreciation,2750,2837,87
2026-04-01,EHS,7400,Depreciation,2784,2853,69
2026-05-01,EHS,7400,Depreciation,2801,2839,38
2026-06-01,EHS,7400,Depreciation,2864,2997,133
2026-07-01,EHS,7400,Depreciation,2869,2941,72
2023-01-01,EHS,7500,IT & Software,2134,2065,-69
2023-02-01,EHS,7500,IT & Software,2094,2041,-53
2023-03-01,EHS,7500,IT & Software,2107,2205,98
2023-04-01,EHS,7500,IT & Software,2051,2148,97
2023-05-01,EHS,7500,IT & Software,2061,2095,34
2023-06-01,EHS,7500,IT & Software,2137,2073,-64
2023-07-01,EHS,7500,IT & Software,2065,2087,22
2023-08-01,EHS,7500,IT & Software,2049,2057,8
2023-09-01,EHS,7500,IT & Software,2101,2200,99
2023-10-01,EHS,7500,IT & Software,2081,2016,-65
2023-11-01,EHS,7500,IT & Software,2130,2179,49
2023-12-01,EHS,7500,IT & Software,2045,2040,-5
2024-01-01,EHS,7500,IT & Software,2126,2182,56
2024-02-01,EHS,7500,IT & Software,2156,2052,-104
2024-03-01,EHS,7500,IT & Software,2157,2153,-4
2024-04-01,EHS,7500,IT & Software,2086,2117,31
2024-05-01,EHS,7500,IT & Software,2090,2117,27
2024-06-01,EHS,7500,IT & Software,2084,2101,17
2024-07-01,EHS,7500,IT & Software,2038,2119,81
2024-08-01,EHS,7500,IT & Software,2105,2021,-84
2024-09-01,EHS,7500,IT & Software,2119,2070,-49
2024-10-01,EHS,7500,IT & Software,2134,2160,26
2024-11-01,EHS,7500,IT & Software,2096,2084,-12
2024-12-01,EHS,7500,IT & Software,2089,2081,-8
2025-01-01,EHS,7500,IT & Software,2100,2018,-82
2025-02-01,EHS,7500,IT & Software,2159,2142,-17
2025-03-01,EHS,7500,IT & Software,2145,2176,31
2025-04-01,EHS,7500,IT & Software,2105,2063,-42
2025-05-01,EHS,7500,IT & Software,2120,2052,-68
2025-06-01,EHS,7500,IT & Software,2122,2226,104
2025-07-01,EHS,7500,IT & Software,2141,2066,-75
2025-08-01,EHS,7500,IT & Software,2086,2059,-27
2025-09-01,EHS,7500,IT & Software,2157,2135,-22
2025-10-01,EHS,7500,IT & Software,2085,2016,-69
2025-11-01,EHS,7500,IT & Software,2147,2163,16
2025-12-01,EHS,7500,IT & Software,2049,2013,-36
2026-01-01,EHS,7500,IT & Software,2063,2087,24
2026-02-01,EHS,7500,IT & Software,2112,2195,83
2026-03-01,EHS,7500,IT & Software,2057,2021,-36
2026-04-01,EHS,7500,IT & Software,2113,2149,36
2026-05-01,EHS,7500,IT & Software,2116,2012,-104
2026-06-01,EHS,7500,IT & Software,2093,2051,-42
2026-07-01,EHS,7500,IT & Software,2054,2128,74
2023-01-01,EHS,7600,Marketing,2040,1993,-47
2023-02-01,EHS,7600,Marketing,2097,2153,56
2023-03-01,EHS,7600,Marketing,2089,2108,19
2023-04-01,EHS,7600,Marketing,2163,2068,-95
2023-05-01,EHS,7600,Marketing,2092,2117,25
2023-06-01,EHS,7600,Marketing,2098,2111,13
2023-07-01,EHS,7600,Marketing,2107,2127,20
2023-08-01,EHS,7600,Marketing,2076,2113,37
2023-09-01,EHS,7600,Marketing,2069,2038,-31
2023-10-01,EHS,7600,Marketing,2115,2130,15
2023-11-01,EHS,7600,Marketing,2088,1999,-89
2023-12-01,EHS,7600,Marketing,2101,2165,64
2024-01-01,EHS,7600,Marketing,2138,2212,74
2024-02-01,EHS,7600,Marketing,2051,2043,-8
2024-03-01,EHS,7600,Marketing,2073,2064,-9
2024-04-01,EHS,7600,Marketing,2156,2122,-34
2024-05-01,EHS,7600,Marketing,2087,2104,17
2024-06-01,EHS,7600,Marketing,2139,2055,-84
2024-07-01,EHS,7600,Marketing,2085,2143,58
2024-08-01,EHS,7600,Marketing,2104,2055,-49
2024-09-01,EHS,7600,Marketing,2077,2138,61
2024-10-01,EHS,7600,Marketing,2058,2087,29
2024-11-01,EHS,7600,Marketing,2139,2219,80
2024-12-01,EHS,7600,Marketing,2078,2010,-68
2025-01-01,EHS,7600,Marketing,2142,2246,104
2025-02-01,EHS,7600,Marketing,2058,1984,-74
2025-03-01,EHS,7600,Marketing,2095,2073,-22
2025-04-01,EHS,7600,Marketing,2074,2095,21
2025-05-01,EHS,7600,Marketing,2045,2115,70
2025-06-01,EHS,7600,Marketing,2060,2067,7
2025-07-01,EHS,7600,Marketing,2069,2073,4
2025-08-01,EHS,7600,Marketing,2134,2027,-107
2025-09-01,EHS,7600,Marketing,2148,2164,16
2025-10-01,EHS,7600,Marketing,2061,2095,34
2025-11-01,EHS,7600,Marketing,2042,2038,-4
2025-12-01,EHS,7600,Marketing,2121,2130,9
2026-01-01,EHS,7600,Marketing,2067,2087,20
2026-02-01,EHS,7600,Marketing,2097,2167,70
2026-03-01,EHS,7600,Marketing,2131,2047,-84
2026-04-01,EHS,7600,Marketing,2081,2182,101
2026-05-01,EHS,7600,Marketing,2067,1995,-72
2026-06-01,EHS,7600,Marketing,2158,2220,62
2026-07-01,EHS,7600,Marketing,2152,2055,-97
2023-01-01,Executive,6000,Cost of Goods Sold,144467,147062,2595
2023-02-01,Executive,6000,Cost of Goods Sold,148942,152811,3869
2023-03-01,Executive,6000,Cost of Goods Sold,146147,147494,1347
2023-04-01,Executive,6000,Cost of Goods Sold,150258,151707,1449
2023-05-01,Executive,6000,Cost of Goods Sold,148279,141121,-7158
2023-06-01,Executive,6000,Cost of Goods Sold,151130,148975,-2155
2023-07-01,Executive,6000,Cost of Goods Sold,145172,146013,841
2023-08-01,Executive,6000,Cost of Goods Sold,149357,144751,-4606
2023-09-01,Executive,6000,Cost of Goods Sold,146456,147062,606
2023-10-01,Executive,6000,Cost of Goods Sold,150040,157400,7360
2023-11-01,Executive,6000,Cost of Goods Sold,146400,147417,1017
2023-12-01,Executive,6000,Cost of Goods Sold,147023,146727,-296
2024-01-01,Executive,6000,Cost of Goods Sold,148949,141792,-7157
2024-02-01,Executive,6000,Cost of Goods Sold,143634,143233,-401
2024-03-01,Executive,6000,Cost of Goods Sold,146245,148332,2087
2024-04-01,Executive,6000,Cost of Goods Sold,142898,137368,-5530
2024-05-01,Executive,6000,Cost of Goods Sold,149206,148128,-1078
2024-06-01,Executive,6000,Cost of Goods Sold,150427,144754,-5673
2024-07-01,Executive,6000,Cost of Goods Sold,144627,150686,6059
2024-08-01,Executive,6000,Cost of Goods Sold,145263,152075,6812
2024-09-01,Executive,6000,Cost of Goods Sold,143750,145120,1370
2024-10-01,Executive,6000,Cost of Goods Sold,142972,142743,-229
2024-11-01,Executive,6000,Cost of Goods Sold,148458,155208,6750
2024-12-01,Executive,6000,Cost of Goods Sold,147517,153847,6330
2025-01-01,Executive,6000,Cost of Goods Sold,149809,147925,-1884
2025-02-01,Executive,6000,Cost of Goods Sold,145244,138543,-6701
2025-03-01,Executive,6000,Cost of Goods Sold,143840,147840,4000
2025-04-01,Executive,6000,Cost of Goods Sold,143620,149511,5891
2025-05-01,Executive,6000,Cost of Goods Sold,147982,147038,-944
2025-06-01,Executive,6000,Cost of Goods Sold,146803,144093,-2710
2025-07-01,Executive,6000,Cost of Goods Sold,146343,141635,-4708
2025-08-01,Executive,6000,Cost of Goods Sold,150871,146055,-4816
2025-09-01,Executive,6000,Cost of Goods Sold,147961,145472,-2489
2025-10-01,Executive,6000,Cost of Goods Sold,144490,146444,1954
2025-11-01,Executive,6000,Cost of Goods Sold,148410,147513,-897
2025-12-01,Executive,6000,Cost of Goods Sold,142849,142833,-16
2026-01-01,Executive,6000,Cost of Goods Sold,146827,145194,-1633
2026-02-01,Executive,6000,Cost of Goods Sold,147363,150085,2722
2026-03-01,Executive,6000,Cost of Goods Sold,145463,146878,1415
2026-04-01,Executive,6000,Cost of Goods Sold,147889,145320,-2569
2026-05-01,Executive,6000,Cost of Goods Sold,143440,148089,4649
2026-06-01,Executive,6000,Cost of Goods Sold,144634,140660,-3974
2026-07-01,Executive,6000,Cost of Goods Sold,142644,147357,4713
2023-01-01,Executive,6100,Direct Materials,62975,61637,-1338
2023-02-01,Executive,6100,Direct Materials,62090,60340,-1750
2023-03-01,Executive,6100,Direct Materials,60023,61997,1974
2023-04-01,Executive,6100,Direct Materials,62718,59936,-2782
2023-05-01,Executive,6100,Direct Materials,62136,61480,-656
2023-06-01,Executive,6100,Direct Materials,61832,64593,2761
2023-07-01,Executive,6100,Direct Materials,62832,60118,-2714
2023-08-01,Executive,6100,Direct Materials,62048,61876,-172
2023-09-01,Executive,6100,Direct Materials,62805,63685,880
2023-10-01,Executive,6100,Direct Materials,61740,61514,-226
2023-11-01,Executive,6100,Direct Materials,59990,61624,1634
2023-12-01,Executive,6100,Direct Materials,61383,61663,280
2024-01-01,Executive,6100,Direct Materials,60318,59392,-926
2024-02-01,Executive,6100,Direct Materials,60592,61653,1061
2024-03-01,Executive,6100,Direct Materials,61449,59427,-2022
2024-04-01,Executive,6100,Direct Materials,61560,60361,-1199
2024-05-01,Executive,6100,Direct Materials,61916,60964,-952
2024-06-01,Executive,6100,Direct Materials,62032,60870,-1162
2024-07-01,Executive,6100,Direct Materials,60905,63813,2908
2024-08-01,Executive,6100,Direct Materials,60617,59818,-799
2024-09-01,Executive,6100,Direct Materials,59721,57132,-2589
2024-10-01,Executive,6100,Direct Materials,60647,57931,-2716
2024-11-01,Executive,6100,Direct Materials,62542,59710,-2832
2024-12-01,Executive,6100,Direct Materials,60546,58080,-2466
2025-01-01,Executive,6100,Direct Materials,61060,59883,-1177
2025-02-01,Executive,6100,Direct Materials,61146,62764,1618
2025-03-01,Executive,6100,Direct Materials,61759,60874,-885
2025-04-01,Executive,6100,Direct Materials,59931,59562,-369
2025-05-01,Executive,6100,Direct Materials,61356,62849,1493
2025-06-01,Executive,6100,Direct Materials,62104,59695,-2409
2025-07-01,Executive,6100,Direct Materials,62314,62072,-242
2025-08-01,Executive,6100,Direct Materials,60722,59509,-1213
2025-09-01,Executive,6100,Direct Materials,62374,62817,443
2025-10-01,Executive,6100,Direct Materials,60145,58878,-1267
2025-11-01,Executive,6100,Direct Materials,62725,60863,-1862
2025-12-01,Executive,6100,Direct Materials,60638,60567,-71
2026-01-01,Executive,6100,Direct Materials,61376,59671,-1705
2026-02-01,Executive,6100,Direct Materials,59871,65182,5311
2026-03-01,Executive,6100,Direct Materials,59718,66377,6659
2026-04-01,Executive,6100,Direct Materials,61942,67491,5549
2026-05-01,Executive,6100,Direct Materials,61780,68992,7212
2026-06-01,Executive,6100,Direct Materials,63015,69133,6118
2026-07-01,Executive,6100,Direct Materials,59550,65444,5894
2023-01-01,Executive,6200,Direct Labor,44192,42756,-1436
2023-02-01,Executive,6200,Direct Labor,45194,43243,-1951
2023-03-01,Executive,6200,Direct Labor,44879,44789,-90
2023-04-01,Executive,6200,Direct Labor,44034,41875,-2159
2023-05-01,Executive,6200,Direct Labor,44966,44673,-293
2023-06-01,Executive,6200,Direct Labor,43613,41705,-1908
2023-07-01,Executive,6200,Direct Labor,43257,43020,-237
2023-08-01,Executive,6200,Direct Labor,43586,42831,-755
2023-09-01,Executive,6200,Direct Labor,44526,46425,1899
2023-10-01,Executive,6200,Direct Labor,44706,44628,-78
2023-11-01,Executive,6200,Direct Labor,44909,44962,53
2023-12-01,Executive,6200,Direct Labor,43046,43324,278
2024-01-01,Executive,6200,Direct Labor,43061,42737,-324
2024-02-01,Executive,6200,Direct Labor,44043,43129,-914
2024-03-01,Executive,6200,Direct Labor,45077,45062,-15
2024-04-01,Executive,6200,Direct Labor,44722,44466,-256
2024-05-01,Executive,6200,Direct Labor,43780,42303,-1477
2024-06-01,Executive,6200,Direct Labor,44918,45317,399
2024-07-01,Executive,6200,Direct Labor,42950,42136,-814
2024-08-01,Executive,6200,Direct Labor,43332,42882,-450
2024-09-01,Executive,6200,Direct Labor,44332,44667,335
2024-10-01,Executive,6200,Direct Labor,45128,45711,583
2024-11-01,Executive,6200,Direct Labor,43915,45986,2071
2024-12-01,Executive,6200,Direct Labor,43680,44159,479
2025-01-01,Executive,6200,Direct Labor,44299,45585,1286
2025-02-01,Executive,6200,Direct Labor,44601,42871,-1730
2025-03-01,Executive,6200,Direct Labor,44185,44424,239
2025-04-01,Executive,6200,Direct Labor,44046,44387,341
2025-05-01,Executive,6200,Direct Labor,44183,43008,-1175
2025-06-01,Executive,6200,Direct Labor,45241,46186,945
2025-07-01,Executive,6200,Direct Labor,43210,44093,883
2025-08-01,Executive,6200,Direct Labor,44207,43807,-400
2025-09-01,Executive,6200,Direct Labor,44158,45945,1787
2025-10-01,Executive,6200,Direct Labor,43227,42340,-887
2025-11-01,Executive,6200,Direct Labor,43510,45415,1905
2025-12-01,Executive,6200,Direct Labor,44832,43924,-908
2026-01-01,Executive,6200,Direct Labor,44764,46559,1795
2026-02-01,Executive,6200,Direct Labor,44550,45549,999
2026-03-01,Executive,6200,Direct Labor,44319,44044,-275
2026-04-01,Executive,6200,Direct Labor,44262,45930,1668
2026-05-01,Executive,6200,Direct Labor,44957,46710,1753
2026-06-01,Executive,6200,Direct Labor,43646,44562,916
2026-07-01,Executive,6200,Direct Labor,43699,43786,87
2023-01-01,Executive,6300,Manufacturing Overhead,25155,25763,608
2023-02-01,Executive,6300,Manufacturing Overhead,25004,23882,-1122
2023-03-01,Executive,6300,Manufacturing Overhead,23976,23835,-141
2023-04-01,Executive,6300,Manufacturing Overhead,24623,25192,569
2023-05-01,Executive,6300,Manufacturing Overhead,24661,25641,980
2023-06-01,Executive,6300,Manufacturing Overhead,25008,25855,847
2023-07-01,Executive,6300,Manufacturing Overhead,24970,24469,-501
2023-08-01,Executive,6300,Manufacturing Overhead,24559,24901,342
2023-09-01,Executive,6300,Manufacturing Overhead,25099,24978,-121
2023-10-01,Executive,6300,Manufacturing Overhead,23885,22725,-1160
2023-11-01,Executive,6300,Manufacturing Overhead,24247,24442,195
2023-12-01,Executive,6300,Manufacturing Overhead,24205,25332,1127
2024-01-01,Executive,6300,Manufacturing Overhead,25125,25906,781
2024-02-01,Executive,6300,Manufacturing Overhead,24926,25661,735
2024-03-01,Executive,6300,Manufacturing Overhead,24068,24059,-9
2024-04-01,Executive,6300,Manufacturing Overhead,25050,25108,58
2024-05-01,Executive,6300,Manufacturing Overhead,24340,24397,57
2024-06-01,Executive,6300,Manufacturing Overhead,23887,24427,540
2024-07-01,Executive,6300,Manufacturing Overhead,24703,23986,-717
2024-08-01,Executive,6300,Manufacturing Overhead,24504,25121,617
2024-09-01,Executive,6300,Manufacturing Overhead,25013,24048,-965
2024-10-01,Executive,6300,Manufacturing Overhead,23885,23278,-607
2024-11-01,Executive,6300,Manufacturing Overhead,25215,25194,-21
2024-12-01,Executive,6300,Manufacturing Overhead,24557,24005,-552
2025-01-01,Executive,6300,Manufacturing Overhead,25112,25304,192
2025-02-01,Executive,6300,Manufacturing Overhead,25070,23873,-1197
2025-03-01,Executive,6300,Manufacturing Overhead,24934,25325,391
2025-04-01,Executive,6300,Manufacturing Overhead,25039,25900,861
2025-05-01,Executive,6300,Manufacturing Overhead,24607,25458,851
2025-06-01,Executive,6300,Manufacturing Overhead,24990,24853,-137
2025-07-01,Executive,6300,Manufacturing Overhead,24613,24294,-319
2025-08-01,Executive,6300,Manufacturing Overhead,23982,24849,867
2025-09-01,Executive,6300,Manufacturing Overhead,25124,25338,214
2025-10-01,Executive,6300,Manufacturing Overhead,24090,24787,697
2025-11-01,Executive,6300,Manufacturing Overhead,23896,24682,786
2025-12-01,Executive,6300,Manufacturing Overhead,24225,24236,11
2026-01-01,Executive,6300,Manufacturing Overhead,24869,25502,633
2026-02-01,Executive,6300,Manufacturing Overhead,24448,25057,609
2026-03-01,Executive,6300,Manufacturing Overhead,24895,25316,421
2026-04-01,Executive,6300,Manufacturing Overhead,24052,24469,417
2026-05-01,Executive,6300,Manufacturing Overhead,23794,24376,582
2026-06-01,Executive,6300,Manufacturing Overhead,23944,23324,-620
2026-07-01,Executive,6300,Manufacturing Overhead,24624,23418,-1206
2023-01-01,Executive,7000,Salaries & Benefits,50348,50512,164
2023-02-01,Executive,7000,Salaries & Benefits,50037,52463,2426
2023-03-01,Executive,7000,Salaries & Benefits,48434,49143,709
2023-04-01,Executive,7000,Salaries & Benefits,48457,46622,-1835
2023-05-01,Executive,7000,Salaries & Benefits,49657,47384,-2273
2023-06-01,Executive,7000,Salaries & Benefits,47704,47852,148
2023-07-01,Executive,7000,Salaries & Benefits,49959,51446,1487
2023-08-01,Executive,7000,Salaries & Benefits,50045,51132,1087
2023-09-01,Executive,7000,Salaries & Benefits,47656,46835,-821
2023-10-01,Executive,7000,Salaries & Benefits,50115,49109,-1006
2023-11-01,Executive,7000,Salaries & Benefits,49631,48175,-1456
2023-12-01,Executive,7000,Salaries & Benefits,47735,46987,-748
2024-01-01,Executive,7000,Salaries & Benefits,49580,51003,1423
2024-02-01,Executive,7000,Salaries & Benefits,48989,48397,-592
2024-03-01,Executive,7000,Salaries & Benefits,48712,50734,2022
2024-04-01,Executive,7000,Salaries & Benefits,47762,48670,908
2024-05-01,Executive,7000,Salaries & Benefits,49028,49516,488
2024-06-01,Executive,7000,Salaries & Benefits,49201,47769,-1432
2024-07-01,Executive,7000,Salaries & Benefits,48241,48814,573
2024-08-01,Executive,7000,Salaries & Benefits,49601,50229,628
2024-09-01,Executive,7000,Salaries & Benefits,49131,51467,2336
2024-10-01,Executive,7000,Salaries & Benefits,50401,52122,1721
2024-11-01,Executive,7000,Salaries & Benefits,48795,48145,-650
2024-12-01,Executive,7000,Salaries & Benefits,50340,50090,-250
2025-01-01,Executive,7000,Salaries & Benefits,48254,48981,727
2025-02-01,Executive,7000,Salaries & Benefits,50061,51665,1604
2025-03-01,Executive,7000,Salaries & Benefits,48234,48173,-61
2025-04-01,Executive,7000,Salaries & Benefits,48077,47340,-737
2025-05-01,Executive,7000,Salaries & Benefits,50109,48111,-1998
2025-06-01,Executive,7000,Salaries & Benefits,48383,47865,-518
2025-07-01,Executive,7000,Salaries & Benefits,49526,47261,-2265
2025-08-01,Executive,7000,Salaries & Benefits,47924,47963,39
2025-09-01,Executive,7000,Salaries & Benefits,48236,48169,-67
2025-10-01,Executive,7000,Salaries & Benefits,48873,50609,1736
2025-11-01,Executive,7000,Salaries & Benefits,49131,48747,-384
2025-12-01,Executive,7000,Salaries & Benefits,49781,49175,-606
2026-01-01,Executive,7000,Salaries & Benefits,47544,49513,1969
2026-02-01,Executive,7000,Salaries & Benefits,48397,48500,103
2026-03-01,Executive,7000,Salaries & Benefits,48640,47448,-1192
2026-04-01,Executive,7000,Salaries & Benefits,47732,48710,978
2026-05-01,Executive,7000,Salaries & Benefits,48742,46475,-2267
2026-06-01,Executive,7000,Salaries & Benefits,47838,50226,2388
2026-07-01,Executive,7000,Salaries & Benefits,48888,51082,2194
2023-01-01,Executive,7100,Travel & Entertainment,7409,7190,-219
2023-02-01,Executive,7100,Travel & Entertainment,7366,7600,234
2023-03-01,Executive,7100,Travel & Entertainment,7535,7467,-68
2023-04-01,Executive,7100,Travel & Entertainment,7247,7591,344
2023-05-01,Executive,7100,Travel & Entertainment,7554,7205,-349
2023-06-01,Executive,7100,Travel & Entertainment,7425,7460,35
2023-07-01,Executive,7100,Travel & Entertainment,7189,7534,345
2023-08-01,Executive,7100,Travel & Entertainment,7133,6878,-255
2023-09-01,Executive,7100,Travel & Entertainment,7315,7258,-57
2023-10-01,Executive,7100,Travel & Entertainment,7541,7548,7
2023-11-01,Executive,7100,Travel & Entertainment,7175,7271,96
2023-12-01,Executive,7100,Travel & Entertainment,7428,7393,-35
2024-01-01,Executive,7100,Travel & Entertainment,7363,7421,58
2024-02-01,Executive,7100,Travel & Entertainment,7391,7608,217
2024-03-01,Executive,7100,Travel & Entertainment,7538,7595,57
2024-04-01,Executive,7100,Travel & Entertainment,7383,7047,-336
2024-05-01,Executive,7100,Travel & Entertainment,7348,7172,-176
2024-06-01,Executive,7100,Travel & Entertainment,7463,7775,312
2024-07-01,Executive,7100,Travel & Entertainment,7509,7604,95
2024-08-01,Executive,7100,Travel & Entertainment,7435,7066,-369
2024-09-01,Executive,7100,Travel & Entertainment,7206,7210,4
2024-10-01,Executive,7100,Travel & Entertainment,7466,7300,-166
2024-11-01,Executive,7100,Travel & Entertainment,7400,7366,-34
2024-12-01,Executive,7100,Travel & Entertainment,7248,7117,-131
2025-01-01,Executive,7100,Travel & Entertainment,7553,7260,-293
2025-02-01,Executive,7100,Travel & Entertainment,7441,7687,246
2025-03-01,Executive,7100,Travel & Entertainment,7468,7496,28
2025-04-01,Executive,7100,Travel & Entertainment,7523,7249,-274
2025-05-01,Executive,7100,Travel & Entertainment,7346,7312,-34
2025-06-01,Executive,7100,Travel & Entertainment,7521,7161,-360
2025-07-01,Executive,7100,Travel & Entertainment,7556,7787,231
2025-08-01,Executive,7100,Travel & Entertainment,7553,7919,366
2025-09-01,Executive,7100,Travel & Entertainment,7477,7670,193
2025-10-01,Executive,7100,Travel & Entertainment,7500,7741,241
2025-11-01,Executive,7100,Travel & Entertainment,7472,7671,199
2025-12-01,Executive,7100,Travel & Entertainment,7145,7006,-139
2026-01-01,Executive,7100,Travel & Entertainment,7221,7224,3
2026-02-01,Executive,7100,Travel & Entertainment,7360,7040,-320
2026-03-01,Executive,7100,Travel & Entertainment,7347,7383,36
2026-04-01,Executive,7100,Travel & Entertainment,7325,7506,181
2026-05-01,Executive,7100,Travel & Entertainment,7554,7344,-210
2026-06-01,Executive,7100,Travel & Entertainment,7233,7164,-69
2026-07-01,Executive,7100,Travel & Entertainment,7465,7427,-38
2023-01-01,Executive,7200,Professional Services,12492,11985,-507
2023-02-01,Executive,7200,Professional Services,12410,12540,130
2023-03-01,Executive,7200,Professional Services,12340,11862,-478
2023-04-01,Executive,7200,Professional Services,12582,12196,-386
2023-05-01,Executive,7200,Professional Services,12490,12956,466
2023-06-01,Executive,7200,Professional Services,12595,12200,-395
2023-07-01,Executive,7200,Professional Services,11976,11537,-439
2023-08-01,Executive,7200,Professional Services,12077,11675,-402
2023-09-01,Executive,7200,Professional Services,11912,11628,-284
2023-10-01,Executive,7200,Professional Services,12364,11956,-408
2023-11-01,Executive,7200,Professional Services,12522,13016,494
2023-12-01,Executive,7200,Professional Services,12332,12608,276
2024-01-01,Executive,7200,Professional Services,12144,12098,-46
2024-02-01,Executive,7200,Professional Services,11888,12195,307
2024-03-01,Executive,7200,Professional Services,11931,11402,-529
2024-04-01,Executive,7200,Professional Services,12390,12625,235
2024-05-01,Executive,7200,Professional Services,12499,12214,-285
2024-06-01,Executive,7200,Professional Services,12298,11879,-419
2024-07-01,Executive,7200,Professional Services,12155,12496,341
2024-08-01,Executive,7200,Professional Services,12500,12679,179
2024-09-01,Executive,7200,Professional Services,11926,11905,-21
2024-10-01,Executive,7200,Professional Services,12335,11840,-495
2024-11-01,Executive,7200,Professional Services,12349,11910,-439
2024-12-01,Executive,7200,Professional Services,12434,12489,55
2025-01-01,Executive,7200,Professional Services,12225,12332,107
2025-02-01,Executive,7200,Professional Services,12423,12392,-31
2025-03-01,Executive,7200,Professional Services,12430,13030,600
2025-04-01,Executive,7200,Professional Services,12519,12612,93
2025-05-01,Executive,7200,Professional Services,12033,11645,-388
2025-06-01,Executive,7200,Professional Services,11940,11935,-5
2025-07-01,Executive,7200,Professional Services,12102,11671,-431
2025-08-01,Executive,7200,Professional Services,12095,11811,-284
2025-09-01,Executive,7200,Professional Services,12537,12720,183
2025-10-01,Executive,7200,Professional Services,12040,11943,-97
2025-11-01,Executive,7200,Professional Services,11962,12355,393
2025-12-01,Executive,7200,Professional Services,11920,11553,-367
2026-01-01,Executive,7200,Professional Services,12164,12081,-83
2026-02-01,Executive,7200,Professional Services,12388,12035,-353
2026-03-01,Executive,7200,Professional Services,12232,11803,-429
2026-04-01,Executive,7200,Professional Services,12176,12413,237
2026-05-01,Executive,7200,Professional Services,12007,12528,521
2026-06-01,Executive,7200,Professional Services,11994,11436,-558
2026-07-01,Executive,7200,Professional Services,12319,12663,344
2023-01-01,Executive,7300,Facilities,14468,15037,569
2023-02-01,Executive,7300,Facilities,14624,14091,-533
2023-03-01,Executive,7300,Facilities,14763,14315,-448
2023-04-01,Executive,7300,Facilities,15104,15230,126
2023-05-01,Executive,7300,Facilities,14268,14218,-50
2023-06-01,Executive,7300,Facilities,14793,14098,-695
2023-07-01,Executive,7300,Facilities,14343,13975,-368
2023-08-01,Executive,7300,Facilities,14553,14987,434
2023-09-01,Executive,7300,Facilities,15111,14395,-716
2023-10-01,Executive,7300,Facilities,14666,14835,169
2023-11-01,Executive,7300,Facilities,14338,14700,362
2023-12-01,Executive,7300,Facilities,14290,14221,-69
2024-01-01,Executive,7300,Facilities,14400,13837,-563
2024-02-01,Executive,7300,Facilities,14736,14560,-176
2024-03-01,Executive,7300,Facilities,14295,14308,13
2024-04-01,Executive,7300,Facilities,15039,15272,233
2024-05-01,Executive,7300,Facilities,14696,14234,-462
2024-06-01,Executive,7300,Facilities,14281,14743,462
2024-07-01,Executive,7300,Facilities,14538,15152,614
2024-08-01,Executive,7300,Facilities,14941,15305,364
2024-09-01,Executive,7300,Facilities,14958,15704,746
2024-10-01,Executive,7300,Facilities,14357,13879,-478
2024-11-01,Executive,7300,Facilities,14971,15666,695
2024-12-01,Executive,7300,Facilities,14677,13952,-725
2025-01-01,Executive,7300,Facilities,14486,14116,-370
2025-02-01,Executive,7300,Facilities,14306,14990,684
2025-03-01,Executive,7300,Facilities,14987,15376,389
2025-04-01,Executive,7300,Facilities,14518,14934,416
2025-05-01,Executive,7300,Facilities,15055,14579,-476
2025-06-01,Executive,7300,Facilities,14386,14599,213
2025-07-01,Executive,7300,Facilities,14273,14048,-225
2025-08-01,Executive,7300,Facilities,14448,14575,127
2025-09-01,Executive,7300,Facilities,14925,14391,-534
2025-10-01,Executive,7300,Facilities,14905,15556,651
2025-11-01,Executive,7300,Facilities,14903,15027,124
2025-12-01,Executive,7300,Facilities,14528,14998,470
2026-01-01,Executive,7300,Facilities,14963,14925,-38
2026-02-01,Executive,7300,Facilities,14418,14587,169
2026-03-01,Executive,7300,Facilities,14443,13985,-458
2026-04-01,Executive,7300,Facilities,14825,14607,-218
2026-05-01,Executive,7300,Facilities,14342,14949,607
2026-06-01,Executive,7300,Facilities,14674,14056,-618
2026-07-01,Executive,7300,Facilities,14670,15137,467
2023-01-01,Executive,7400,Depreciation,9929,9456,-473
2023-02-01,Executive,7400,Depreciation,10077,9708,-369
2023-03-01,Executive,7400,Depreciation,10063,10392,329
2023-04-01,Executive,7400,Depreciation,9717,9756,39
2023-05-01,Executive,7400,Depreciation,9572,9129,-443
2023-06-01,Executive,7400,Depreciation,9568,9640,72
2023-07-01,Executive,7400,Depreciation,9571,10007,436
2023-08-01,Executive,7400,Depreciation,9822,10237,415
2023-09-01,Executive,7400,Depreciation,9559,9851,292
2023-10-01,Executive,7400,Depreciation,9824,9730,-94
2023-11-01,Executive,7400,Depreciation,9951,9738,-213
2023-12-01,Executive,7400,Depreciation,9863,9898,35
2024-01-01,Executive,7400,Depreciation,9749,9728,-21
2024-02-01,Executive,7400,Depreciation,9758,10128,370
2024-03-01,Executive,7400,Depreciation,10083,10259,176
2024-04-01,Executive,7400,Depreciation,9581,9546,-35
2024-05-01,Executive,7400,Depreciation,10093,10505,412
2024-06-01,Executive,7400,Depreciation,9800,9574,-226
2024-07-01,Executive,7400,Depreciation,9774,9308,-466
2024-08-01,Executive,7400,Depreciation,9947,9886,-61
2024-09-01,Executive,7400,Depreciation,9893,10364,471
2024-10-01,Executive,7400,Depreciation,10080,9686,-394
2024-11-01,Executive,7400,Depreciation,9525,9326,-199
2024-12-01,Executive,7400,Depreciation,10004,9634,-370
2025-01-01,Executive,7400,Depreciation,9763,9317,-446
2025-02-01,Executive,7400,Depreciation,9743,9974,231
2025-03-01,Executive,7400,Depreciation,9955,10386,431
2025-04-01,Executive,7400,Depreciation,9958,10399,441
2025-05-01,Executive,7400,Depreciation,9625,9729,104
2025-06-01,Executive,7400,Depreciation,9935,9565,-370
2025-07-01,Executive,7400,Depreciation,9622,9455,-167
2025-08-01,Executive,7400,Depreciation,9642,9681,39
2025-09-01,Executive,7400,Depreciation,9806,9581,-225
2025-10-01,Executive,7400,Depreciation,10061,9597,-464
2025-11-01,Executive,7400,Depreciation,9599,9334,-265
2025-12-01,Executive,7400,Depreciation,10074,9984,-90
2026-01-01,Executive,7400,Depreciation,9667,9365,-302
2026-02-01,Executive,7400,Depreciation,9926,9439,-487
2026-03-01,Executive,7400,Depreciation,9545,9227,-318
2026-04-01,Executive,7400,Depreciation,9943,9935,-8
2026-05-01,Executive,7400,Depreciation,10058,9704,-354
2026-06-01,Executive,7400,Depreciation,9515,9898,383
2026-07-01,Executive,7400,Depreciation,9507,9230,-277
2023-01-01,Executive,7500,IT & Software,7226,6909,-317
2023-02-01,Executive,7500,IT & Software,7138,7152,14
2023-03-01,Executive,7500,IT & Software,7239,7088,-151
2023-04-01,Executive,7500,IT & Software,7445,7373,-72
2023-05-01,Executive,7500,IT & Software,7235,6954,-281
2023-06-01,Executive,7500,IT & Software,7132,7144,12
2023-07-01,Executive,7500,IT & Software,7382,7587,205
2023-08-01,Executive,7500,IT & Software,7570,7283,-287
2023-09-01,Executive,7500,IT & Software,7182,7396,214
2023-10-01,Executive,7500,IT & Software,7140,7465,325
2023-11-01,Executive,7500,IT & Software,7505,7418,-87
2023-12-01,Executive,7500,IT & Software,7462,7557,95
2024-01-01,Executive,7500,IT & Software,7491,7220,-271
2024-02-01,Executive,7500,IT & Software,7348,7667,319
2024-03-01,Executive,7500,IT & Software,7457,7518,61
2024-04-01,Executive,7500,IT & Software,7364,7565,201
2024-05-01,Executive,7500,IT & Software,7450,7629,179
2024-06-01,Executive,7500,IT & Software,7402,7319,-83
2024-07-01,Executive,7500,IT & Software,7368,7540,172
2024-08-01,Executive,7500,IT & Software,7262,7617,355
2024-09-01,Executive,7500,IT & Software,7549,7883,334
2024-10-01,Executive,7500,IT & Software,7512,7548,36
2024-11-01,Executive,7500,IT & Software,7341,7163,-178
2024-12-01,Executive,7500,IT & Software,7238,6913,-325
2025-01-01,Executive,7500,IT & Software,7536,7774,238
2025-02-01,Executive,7500,IT & Software,7558,7569,11
2025-03-01,Executive,7500,IT & Software,7431,7245,-186
2025-04-01,Executive,7500,IT & Software,7182,6892,-290
2025-05-01,Executive,7500,IT & Software,7498,7838,340
2025-06-01,Executive,7500,IT & Software,7166,6877,-289
2025-07-01,Executive,7500,IT & Software,7519,7382,-137
2025-08-01,Executive,7500,IT & Software,7422,7463,41
2025-09-01,Executive,7500,IT & Software,7292,7116,-176
2025-10-01,Executive,7500,IT & Software,7351,7542,191
2025-11-01,Executive,7500,IT & Software,7554,7410,-144
2025-12-01,Executive,7500,IT & Software,7558,7323,-235
2026-01-01,Executive,7500,IT & Software,7244,7496,252
2026-02-01,Executive,7500,IT & Software,7135,7037,-98
2026-03-01,Executive,7500,IT & Software,7272,7082,-190
2026-04-01,Executive,7500,IT & Software,7312,6968,-344
2026-05-01,Executive,7500,IT & Software,7271,7593,322
2026-06-01,Executive,7500,IT & Software,7397,7212,-185
2026-07-01,Executive,7500,IT & Software,7386,7537,151
2023-01-01,Executive,7600,Marketing,7510,7459,-51
2023-02-01,Executive,7600,Marketing,7195,6874,-321
2023-03-01,Executive,7600,Marketing,7155,6896,-259
2023-04-01,Executive,7600,Marketing,7518,7684,166
2023-05-01,Executive,7600,Marketing,7487,7641,154
2023-06-01,Executive,7600,Marketing,7367,7066,-301
2023-07-01,Executive,7600,Marketing,7353,7662,309
2023-08-01,Executive,7600,Marketing,7417,7427,10
2023-09-01,Executive,7600,Marketing,7393,7590,197
2023-10-01,Executive,7600,Marketing,7556,7291,-265
2023-11-01,Executive,7600,Marketing,7522,7252,-270
2023-12-01,Executive,7600,Marketing,7364,7365,1
2024-01-01,Executive,7600,Marketing,7160,6990,-170
2024-02-01,Executive,7600,Marketing,7273,7008,-265
2024-03-01,Executive,7600,Marketing,7230,7528,298
2024-04-01,Executive,7600,Marketing,7410,7182,-228
2024-05-01,Executive,7600,Marketing,7267,7595,328
2024-06-01,Executive,7600,Marketing,7228,7586,358
2024-07-01,Executive,7600,Marketing,7137,6990,-147
2024-08-01,Executive,7600,Marketing,7200,6908,-292
2024-09-01,Executive,7600,Marketing,7470,7806,336
2024-10-01,Executive,7600,Marketing,7373,7249,-124
2024-11-01,Executive,7600,Marketing,7372,7510,138
2024-12-01,Executive,7600,Marketing,7543,7640,97
2025-01-01,Executive,7600,Marketing,7476,7831,355
2025-02-01,Executive,7600,Marketing,7282,6931,-351
2025-03-01,Executive,7600,Marketing,7423,7714,291
2025-04-01,Executive,7600,Marketing,7180,6844,-336
2025-05-01,Executive,7600,Marketing,7334,7094,-240
2025-06-01,Executive,7600,Marketing,7154,7101,-53
2025-07-01,Executive,7600,Marketing,7140,6844,-296
2025-08-01,Executive,7600,Marketing,7377,7394,17
2025-09-01,Executive,7600,Marketing,7332,6987,-345
2025-10-01,Executive,7600,Marketing,7449,7632,183
2025-11-01,Executive,7600,Marketing,7207,7556,349
2025-12-01,Executive,7600,Marketing,7186,7355,169
2026-01-01,Executive,7600,Marketing,7538,7483,-55
2026-02-01,Executive,7600,Marketing,7284,7011,-273
2026-03-01,Executive,7600,Marketing,7418,7243,-175
2026-04-01,Executive,7600,Marketing,7364,7271,-93
2026-05-01,Executive,7600,Marketing,7349,7297,-52
2026-06-01,Executive,7600,Marketing,7461,7255,-206
2026-07-01,Executive,7600,Marketing,7489,7782,293
