order_id,customer_id,product_id,order_date,ship_date,qty,unit_price,revenue
ORD10001,CUS032,P004,2023-01-06,2023-01-30,47,434.47,20420.09
ORD10002,CUS023,P001,2023-01-02,2023-02-11,54,649.99,35099.46
ORD10003,CUS049,P011,2023-01-02,2023-01-18,85,598.38,50862.3
ORD10004,CUS040,P012,2023-01-07,2023-01-25,312,188.58,58836.96
ORD10005,CUS031,P004,2023-01-02,2023-02-14,30,181.65,5449.5
ORD10006,CUS047,P003,2023-01-07,2023-02-08,446,846.95,377739.7
ORD10007,CUS018,P014,2023-01-04,2023-02-05,291,527.37,153464.67
ORD10008,CUS050,P005,2023-01-04,2023-02-14,23,391.24,8998.52
ORD10009,CUS035,P007,2023-01-07,2023-01-29,406,211.03,85678.18
ORD10010,CUS005,P015,2023-01-01,2023-02-14,221,290.12,64116.52
ORD10011,CUS050,P013,2023-01-05,2023-01-23,412,413.75,170465.0
ORD10012,CUS003,P015,2023-01-06,2023-02-11,55,423.74,23305.7
ORD10013,CUS016,P011,2023-01-02,2023-02-07,50,246.09,12304.5
ORD10014,CUS025,P004,2023-01-03,2023-01-19,319,696.5,222183.5
ORD10015,CUS036,P013,2023-01-03,2023-01-17,186,310.71,57792.06
ORD10016,CUS006,P012,2023-01-13,2023-02-02,174,763.54,132855.96
ORD10017,CUS029,P005,2023-01-10,2023-02-18,352,326.74,115012.48
ORD10018,CUS039,P011,2023-01-08,2023-02-16,34,558.46,18987.64
ORD10019,CUS031,P001,2023-01-08,2023-02-09,15,509.96,7649.4
ORD10020,CUS001,P012,2023-01-10,2023-02-13,467,282.2,131787.4
ORD10021,CUS035,P005,2023-01-08,2023-02-06,319,786.57,250915.83
ORD10022,CUS046,P009,2023-01-09,2023-02-03,51,688.52,35114.52
ORD10023,CUS002,P011,2023-01-09,2023-02-16,211,659.38,139129.18
ORD10024,CUS050,P012,2023-01-13,2023-01-29,132,448.84,59246.88
ORD10025,CUS035,P009,2023-01-11,2023-02-11,331,826.98,273730.38
ORD10026,CUS048,P001,2023-01-13,2023-02-24,283,470.9,133264.7
ORD10027,CUS010,P007,2023-01-10,2023-02-03,321,600.7,192824.7
ORD10028,CUS006,P015,2023-01-11,2023-02-12,364,385.8,140431.2
ORD10029,CUS039,P004,2023-01-14,2023-02-10,379,220.3,83493.7
ORD10030,CUS047,P007,2023-01-09,2023-02-04,38,794.35,30185.3
ORD10031,CUS039,P008,2023-01-10,2023-02-09,445,42.05,18712.25
ORD10032,CUS033,P015,2023-01-08,2023-02-18,259,60.12,15571.08
ORD10033,CUS047,P010,2023-01-12,2023-02-25,31,517.18,16032.58
ORD10034,CUS003,P011,2023-01-13,2023-02-03,316,601.92,190206.72
ORD10035,CUS035,P014,2023-01-20,2023-02-21,453,208.45,94427.85
ORD10036,CUS006,P004,2023-01-20,2023-02-12,425,346.58,147296.5
ORD10037,CUS007,P002,2023-01-17,2023-02-17,293,304.27,89151.11
ORD10038,CUS004,P006,2023-01-16,2023-02-24,133,178.84,23785.72
ORD10039,CUS008,P002,2023-01-19,2023-02-27,26,268.6,6983.6
ORD10040,CUS030,P013,2023-01-20,2023-02-13,85,39.92,3393.2
ORD10041,CUS015,P010,2023-01-18,2023-02-01,253,418.86,105971.58
ORD10042,CUS018,P006,2023-01-20,2023-02-20,161,421.2,67813.2
ORD10043,CUS045,P013,2023-01-15,2023-02-06,480,553.47,265665.6
ORD10044,CUS006,P008,2023-01-28,2023-02-15,158,347.08,54838.64
ORD10045,CUS005,P014,2023-01-26,2023-03-02,383,226.2,86634.6
ORD10046,CUS018,P007,2023-01-28,2023-03-14,421,344.68,145110.28
ORD10047,CUS027,P003,2023-01-28,2023-03-09,102,229.76,23435.52
ORD10048,CUS045,P013,2023-01-26,2023-03-05,482,27.29,13153.78
ORD10049,CUS015,P001,2023-01-23,2023-03-02,47,635.39,29863.33
ORD10050,CUS020,P001,2023-01-23,2023-03-01,258,695.69,179488.02
ORD10051,CUS029,P001,2023-01-23,2023-03-02,274,356.06,97560.44
ORD10052,CUS022,P015,2023-01-28,2023-02-14,211,220.12,46445.32
ORD10053,CUS026,P007,2023-01-23,2023-03-05,434,31.9,13844.6
ORD10054,CUS003,P003,2023-01-27,2023-02-15,341,547.46,186683.86
ORD10055,CUS001,P010,2023-02-02,2023-02-23,15,734.15,11012.25
ORD10056,CUS038,P001,2023-02-02,2023-02-23,94,73.43,6902.42
ORD10057,CUS048,P004,2023-02-03,2023-02-18,83,325.99,27057.17
ORD10058,CUS002,P010,2023-01-31,2023-03-07,90,593.06,53375.4
ORD10059,CUS050,P008,2023-02-04,2023-03-13,301,410.68,123614.68
ORD10060,CUS039,P006,2023-01-30,2023-02-20,304,560.65,170437.6
ORD10061,CUS012,P007,2023-01-29,2023-02-15,329,616.2,202729.8
ORD10062,CUS028,P001,2023-01-30,2023-03-14,188,781.72,146963.36
ORD10063,CUS032,P015,2023-01-31,2023-03-06,141,694.34,97901.94
ORD10064,CUS041,P010,2023-01-30,2023-02-15,173,260.81,45120.13
ORD10065,CUS036,P010,2023-01-31,2023-03-04,483,296.74,143325.42
ORD10066,CUS033,P002,2023-01-29,2023-02-13,332,487.87,161972.84
ORD10067,CUS036,P010,2023-02-08,2023-03-16,332,314.07,104271.24
ORD10068,CUS014,P005,2023-02-11,2023-03-15,400,297.39,118956.0
ORD10069,CUS026,P003,2023-02-11,2023-03-07,315,680.22,214269.3
ORD10070,CUS024,P003,2023-02-05,2023-03-22,325,433.41,140858.25
ORD10071,CUS021,P012,2023-02-08,2023-03-18,16,218.66,3498.56
ORD10072,CUS027,P002,2023-02-11,2023-03-23,440,140.12,61652.8
ORD10073,CUS035,P007,2023-02-05,2023-03-19,15,269.47,4042.05
ORD10074,CUS041,P003,2023-02-11,2023-03-23,471,785.24,369848.04
ORD10075,CUS002,P003,2023-02-06,2023-03-14,419,845.3,354180.7
ORD10076,CUS024,P009,2023-02-07,2023-02-22,46,333.93,15360.78
ORD10077,CUS013,P011,2023-02-05,2023-02-23,235,215.08,50543.8
ORD10078,CUS047,P011,2023-02-05,2023-03-18,264,692.39,182790.96
ORD10079,CUS021,P007,2023-02-05,2023-03-13,279,388.03,108260.37
ORD10080,CUS004,P006,2023-02-06,2023-03-03,140,274.33,38406.2
ORD10081,CUS014,P004,2023-02-09,2023-03-15,167,389.93,65118.31
ORD10082,CUS017,P001,2023-02-10,2023-03-20,145,628.84,91181.8
ORD10083,CUS024,P004,2023-02-05,2023-03-11,365,799.65,291872.25
ORD10084,CUS030,P010,2023-02-05,2023-03-11,380,404.69,153782.2
ORD10085,CUS037,P015,2023-02-10,2023-03-01,398,555.46,221073.08
ORD10086,CUS041,P010,2023-02-16,2023-03-27,232,820.65,190390.8
ORD10087,CUS020,P014,2023-02-17,2023-03-28,307,202.22,62081.54
ORD10088,CUS022,P007,2023-02-12,2023-03-13,109,751.91,81958.19
ORD10089,CUS046,P010,2023-02-15,2023-03-17,331,578.21,191387.51
ORD10090,CUS030,P007,2023-02-16,2023-03-02,201,591.5,118891.5
ORD10091,CUS004,P013,2023-02-13,2023-03-14,391,597.6,233661.6
ORD10092,CUS031,P013,2023-02-17,2023-03-08,287,243.92,70005.04
ORD10093,CUS001,P013,2023-02-17,2023-03-09,298,178.13,53082.74
ORD10094,CUS002,P010,2023-02-14,2023-03-27,260,224.56,58385.6
ORD10095,CUS013,P014,2023-02-18,2023-03-13,363,607.84,220645.92
ORD10096,CUS045,P008,2023-02-13,2023-03-07,117,491.56,57512.52
ORD10097,CUS026,P005,2023-02-14,2023-03-02,105,741.58,77865.9
ORD10098,CUS009,P006,2023-02-13,2023-03-09,427,350.7,149748.9
ORD10099,CUS030,P007,2023-02-16,2023-03-13,142,161.4,22918.8
ORD10100,CUS031,P015,2023-02-13,2023-03-09,124,619.77,76851.48
ORD10101,CUS022,P011,2023-02-13,2023-03-01,79,221.6,17506.4
ORD10102,CUS002,P010,2023-02-19,2023-03-21,362,843.05,305184.1
ORD10103,CUS005,P007,2023-02-23,2023-03-21,126,652.94,82270.44
ORD10104,CUS012,P009,2023-02-21,2023-03-25,80,200.24,16019.2
ORD10105,CUS020,P008,2023-02-24,2023-03-14,319,512.57,163509.83
ORD10106,CUS010,P015,2023-02-23,2023-03-09,419,579.95,242999.05
ORD10107,CUS022,P014,2023-02-21,2023-03-12,178,720.26,128206.28
ORD10108,CUS045,P006,2023-02-20,2023-03-30,39,779.74,30409.86
ORD10109,CUS029,P006,2023-02-22,2023-03-12,113,479.67,54202.71
ORD10110,CUS015,P002,2023-02-19,2023-03-05,376,711.68,267591.68
ORD10111,CUS019,P004,2023-02-20,2023-03-15,104,663.1,68962.4
ORD10112,CUS041,P012,2023-03-04,2023-03-27,477,130.83,62405.91
ORD10113,CUS029,P008,2023-03-01,2023-03-28,114,799.87,91185.18
ORD10114,CUS027,P015,2023-03-03,2023-03-19,498,353.7,176142.6
ORD10115,CUS020,P012,2023-03-01,2023-03-16,483,687.19,331912.77
ORD10116,CUS001,P004,2023-03-02,2023-04-08,36,221.38,7969.68
ORD10117,CUS003,P006,2023-03-02,2023-04-05,96,539.72,51813.12
ORD10118,CUS020,P003,2023-03-03,2023-04-04,53,625.54,33153.62
ORD10119,CUS003,P011,2023-03-01,2023-04-03,382,69.26,26457.32
ORD10120,CUS032,P005,2023-02-26,2023-04-08,252,669.74,168774.48
ORD10121,CUS024,P009,2023-02-27,2023-04-09,242,371.7,89951.4
ORD10122,CUS024,P010,2023-02-26,2023-04-08,435,156.92,68260.2
ORD10123,CUS003,P004,2023-03-03,2023-04-11,107,689.0,73723.0
ORD10124,CUS043,P006,2023-03-03,2023-04-11,462,813.04,375624.48
ORD10125,CUS017,P007,2023-03-03,2023-03-21,154,498.28,76735.12
ORD10126,CUS021,P010,2023-03-08,2023-04-04,63,456.24,28743.12
ORD10127,CUS014,P010,2023-03-10,2023-04-24,393,498.81,196032.33
ORD10128,CUS035,P012,2023-03-07,2023-03-25,141,518.96,73173.36
ORD10129,CUS046,P009,2023-03-08,2023-03-24,311,635.58,197665.38
ORD10130,CUS021,P014,2023-03-07,2023-03-21,453,257.73,116751.69
ORD10131,CUS045,P013,2023-03-10,2023-04-06,83,704.43,58467.69
ORD10132,CUS050,P014,2023-03-08,2023-04-09,120,130.24,15628.8
ORD10133,CUS048,P004,2023-03-09,2023-04-08,467,339.33,158467.11
ORD10134,CUS009,P002,2023-03-06,2023-03-24,348,740.29,257620.92
ORD10135,CUS007,P006,2023-03-09,2023-04-10,297,794.55,235981.35
ORD10136,CUS015,P005,2023-03-05,2023-03-19,368,85.42,31434.56
ORD10137,CUS044,P008,2023-03-08,2023-04-01,80,775.44,62035.2
ORD10138,CUS038,P009,2023-03-17,2023-04-19,490,435.61,213448.9
ORD10139,CUS012,P014,2023-03-17,2023-04-10,184,353.1,64970.4
ORD10140,CUS030,P012,2023-03-16,2023-04-30,42,723.98,30407.16
ORD10141,CUS050,P009,2023-03-16,2023-04-08,475,821.28,390108.0
ORD10142,CUS014,P008,2023-03-16,2023-04-29,39,297.11,11587.29
ORD10143,CUS035,P014,2023-03-14,2023-04-01,208,455.78,94802.24
ORD10144,CUS025,P012,2023-03-12,2023-04-07,367,621.75,228182.25
ORD10145,CUS037,P011,2023-03-14,2023-04-22,166,410.72,68179.52
ORD10146,CUS037,P010,2023-03-16,2023-04-16,210,45.21,9494.1
ORD10147,CUS044,P006,2023-03-16,2023-04-26,361,391.15,141205.15
ORD10148,CUS018,P010,2023-03-18,2023-04-25,108,753.97,81428.76
ORD10149,CUS035,P004,2023-03-12,2023-04-23,88,191.1,16816.8
ORD10150,CUS008,P001,2023-03-18,2023-04-04,303,751.05,227568.15
ORD10151,CUS027,P002,2023-03-15,2023-04-23,77,31.11,2395.47
ORD10152,CUS027,P006,2023-03-14,2023-04-17,385,395.94,152436.9
ORD10153,CUS033,P007,2023-03-14,2023-04-18,265,574.05,152123.25
ORD10154,CUS034,P007,2023-03-14,2023-04-17,394,650.89,256450.66
ORD10155,CUS032,P006,2023-03-12,2023-04-06,140,412.96,57814.4
ORD10156,CUS018,P001,2023-03-12,2023-03-29,207,457.11,94621.77
ORD10157,CUS022,P009,2023-03-18,2023-04-27,423,463.04,195865.92
ORD10158,CUS009,P005,2023-03-17,2023-04-03,192,83.82,16093.44
ORD10159,CUS023,P005,2023-03-21,2023-04-10,88,169.48,14914.24
ORD10160,CUS017,P014,2023-03-21,2023-04-20,45,660.12,29705.4
ORD10161,CUS038,P010,2023-03-22,2023-04-23,12,143.57,1722.84
ORD10162,CUS013,P004,2023-03-23,2023-05-02,477,465.89,222229.53
ORD10163,CUS028,P001,2023-03-23,2023-04-20,438,287.58,125960.04
ORD10164,CUS031,P014,2023-03-19,2023-04-06,241,41.4,9977.4
ORD10165,CUS016,P007,2023-03-20,2023-04-05,461,538.32,248165.52
ORD10166,CUS018,P003,2023-03-20,2023-04-29,41,168.02,6888.82
ORD10167,CUS045,P006,2023-03-24,2023-04-10,286,529.46,151425.56
ORD10168,CUS035,P004,2023-03-19,2023-04-19,392,82.06,32167.52
ORD10169,CUS018,P011,2023-03-23,2023-04-06,308,660.38,203397.04
ORD10170,CUS041,P002,2023-03-25,2023-05-08,315,424.95,133859.25
ORD10171,CUS037,P015,2023-03-22,2023-04-13,440,250.01,110004.4
ORD10172,CUS010,P009,2023-03-21,2023-04-11,117,324.13,37923.21
ORD10173,CUS018,P009,2023-03-26,2023-04-28,172,779.36,134049.92
ORD10174,CUS030,P004,2023-03-28,2023-05-05,394,595.32,234556.08
ORD10175,CUS020,P009,2023-03-26,2023-04-29,265,553.18,146592.7
ORD10176,CUS015,P010,2023-03-28,2023-04-12,464,302.85,140522.4
ORD10177,CUS041,P013,2023-03-30,2023-04-15,81,567.74,45986.94
ORD10178,CUS028,P001,2023-03-27,2023-04-26,148,146.39,21665.72
ORD10179,CUS003,P013,2023-03-27,2023-04-15,191,776.86,148380.26
ORD10180,CUS039,P013,2023-03-27,2023-05-01,276,256.3,70738.8
ORD10181,CUS002,P008,2023-03-27,2023-04-29,88,58.72,5167.36
ORD10182,CUS007,P010,2023-03-31,2023-05-12,350,404.36,141526.0
ORD10183,CUS019,P009,2023-03-29,2023-05-11,195,527.97,102954.15
ORD10184,CUS008,P011,2023-03-28,2023-04-15,272,766.97,208615.84
ORD10185,CUS048,P005,2023-03-31,2023-04-24,113,28.05,3169.65
ORD10186,CUS034,P013,2023-03-31,2023-04-22,439,525.26,230589.14
ORD10187,CUS042,P009,2023-04-01,2023-05-10,366,449.3,164443.8
ORD10188,CUS018,P002,2023-03-30,2023-05-09,91,226.87,20645.17
ORD10189,CUS050,P004,2023-03-27,2023-05-07,25,632.88,15822.0
ORD10190,CUS047,P009,2023-04-05,2023-05-06,94,403.88,37964.72
ORD10191,CUS031,P005,2023-04-06,2023-05-03,60,725.68,43540.8
ORD10192,CUS029,P004,2023-04-07,2023-04-21,206,357.36,73616.16
ORD10193,CUS038,P004,2023-04-07,2023-04-26,200,101.12,20224.0
ORD10194,CUS034,P015,2023-04-08,2023-04-27,249,471.23,117336.27
ORD10195,CUS010,P005,2023-04-08,2023-05-01,463,339.72,157290.36
ORD10196,CUS024,P014,2023-04-04,2023-05-07,222,538.86,119626.92
ORD10197,CUS038,P014,2023-04-02,2023-05-12,485,151.03,73249.55
ORD10198,CUS009,P008,2023-04-07,2023-04-30,122,564.35,68850.7
ORD10199,CUS008,P008,2023-04-06,2023-04-21,87,754.22,65617.14
ORD10200,CUS015,P008,2023-04-07,2023-04-24,28,609.45,17064.6
ORD10201,CUS049,P007,2023-04-04,2023-05-05,456,684.55,312154.8
ORD10202,CUS035,P011,2023-04-07,2023-05-19,38,578.66,21989.08
ORD10203,CUS018,P013,2023-04-12,2023-05-24,307,291.44,89472.08
ORD10204,CUS017,P002,2023-04-14,2023-05-26,225,434.53,97769.25
ORD10205,CUS021,P004,2023-04-13,2023-05-01,429,749.79,321659.91
ORD10206,CUS035,P009,2023-04-13,2023-04-29,441,398.26,175632.66
ORD10207,CUS014,P008,2023-04-13,2023-05-01,190,506.13,96164.7
ORD10208,CUS021,P008,2023-04-13,2023-04-30,295,504.35,148783.25
ORD10209,CUS024,P009,2023-04-13,2023-05-21,95,359.11,34115.45
ORD10210,CUS036,P004,2023-04-13,2023-05-13,291,447.17,130126.47
ORD10211,CUS027,P004,2023-04-13,2023-04-28,450,153.33,68998.5
ORD10212,CUS002,P011,2023-04-12,2023-05-21,50,149.52,7476.0
ORD10213,CUS038,P007,2023-04-14,2023-05-04,102,119.48,12186.96
ORD10214,CUS041,P013,2023-04-14,2023-04-29,333,726.02,241764.66
ORD10215,CUS048,P002,2023-04-13,2023-05-03,89,790.93,70392.77
ORD10216,CUS042,P013,2023-04-13,2023-05-21,443,565.92,250702.56
ORD10217,CUS049,P002,2023-04-13,2023-05-05,427,691.95,295462.65
ORD10218,CUS042,P014,2023-04-12,2023-04-26,478,356.48,170397.44
ORD10219,CUS049,P014,2023-04-20,2023-05-06,457,122.7,56073.9
ORD10220,CUS030,P010,2023-04-17,2023-05-15,256,667.95,170995.2
ORD10221,CUS038,P009,2023-04-17,2023-05-25,293,525.52,153977.36
ORD10222,CUS015,P004,2023-04-18,2023-05-29,348,275.63,95919.24
ORD10223,CUS030,P015,2023-04-16,2023-05-15,375,285.85,107193.75
ORD10224,CUS027,P008,2023-04-18,2023-05-31,271,531.7,144090.7
ORD10225,CUS034,P013,2023-04-21,2023-05-19,107,304.11,32539.77
ORD10226,CUS045,P008,2023-04-16,2023-05-31,236,219.8,51872.8
ORD10227,CUS007,P013,2023-04-17,2023-05-14,61,291.4,17775.4
ORD10228,CUS022,P011,2023-04-16,2023-05-20,235,582.8,136958.0
ORD10229,CUS003,P006,2023-04-17,2023-05-06,278,419.71,116679.38
ORD10230,CUS039,P011,2023-04-21,2023-05-19,274,250.92,68752.08
ORD10231,CUS018,P005,2023-04-16,2023-05-19,198,835.03,165335.94
ORD10232,CUS035,P004,2023-04-16,2023-05-04,169,77.71,13132.99
ORD10233,CUS031,P001,2023-04-21,2023-05-11,395,150.72,59534.4
ORD10234,CUS015,P011,2023-04-22,2023-05-26,445,65.61,29196.45
ORD10235,CUS026,P009,2023-04-19,2023-05-10,176,542.92,95553.92
ORD10236,CUS026,P014,2023-04-22,2023-05-10,390,55.92,21808.8
ORD10237,CUS041,P008,2023-04-22,2023-06-03,326,393.29,128212.54
ORD10238,CUS010,P004,2023-04-28,2023-05-31,421,666.83,280735.43
ORD10239,CUS018,P006,2023-04-26,2023-05-28,144,364.91,52547.04
ORD10240,CUS031,P010,2023-04-29,2023-05-31,22,779.86,17156.92
ORD10241,CUS015,P014,2023-04-29,2023-06-09,381,731.39,278659.59
ORD10242,CUS020,P014,2023-04-23,2023-05-11,231,204.79,47306.49
ORD10243,CUS009,P010,2023-04-25,2023-06-08,121,650.67,78731.07
ORD10244,CUS033,P011,2023-04-24,2023-05-15,191,505.39,96529.49
ORD10245,CUS032,P006,2023-04-26,2023-05-20,317,775.76,245915.92
ORD10246,CUS010,P011,2023-05-03,2023-05-31,63,444.96,28032.48
ORD10247,CUS036,P013,2023-05-05,2023-06-01,373,56.14,20940.22
ORD10248,CUS037,P014,2023-04-30,2023-06-04,296,328.84,97336.64
ORD10249,CUS046,P011,2023-05-02,2023-05-26,430,212.08,91194.4
ORD10250,CUS012,P005,2023-04-30,2023-06-07,447,843.95,377245.65
ORD10251,CUS024,P002,2023-05-04,2023-06-09,330,634.56,209404.8
ORD10252,CUS035,P004,2023-05-04,2023-06-14,418,345.98,144619.64
ORD10253,CUS030,P015,2023-05-01,2023-06-03,159,680.64,108221.76
ORD10254,CUS031,P012,2023-05-02,2023-06-09,100,624.9,62490.0
ORD10255,CUS023,P012,2023-05-05,2023-06-10,288,258.83,74543.04
ORD10256,CUS006,P015,2023-05-05,2023-06-19,147,636.1,93506.7
ORD10257,CUS040,P002,2023-05-03,2023-05-21,236,27.42,6471.12
ORD10258,CUS001,P003,2023-05-01,2023-05-19,272,573.13,155891.36
ORD10259,CUS026,P010,2023-05-04,2023-05-22,340,713.16,242474.4
ORD10260,CUS019,P015,2023-04-30,2023-05-28,413,654.65,270370.45
ORD10261,CUS018,P011,2023-05-03,2023-06-10,367,758.72,278450.24
ORD10262,CUS046,P010,2023-05-02,2023-05-29,365,426.65,155727.25
ORD10263,CUS029,P005,2023-04-30,2023-05-22,312,693.55,216387.6
ORD10264,CUS009,P009,2023-05-10,2023-06-11,350,550.46,192661.0
ORD10265,CUS016,P004,2023-05-13,2023-05-28,425,150.04,63767.0
ORD10266,CUS041,P006,2023-05-12,2023-05-27,304,623.96,189683.84
ORD10267,CUS038,P007,2023-05-12,2023-06-06,69,485.21,33479.49
ORD10268,CUS013,P007,2023-05-10,2023-06-21,245,126.57,31009.65
ORD10269,CUS048,P007,2023-05-10,2023-06-19,232,810.85,188117.2
ORD10270,CUS001,P003,2023-05-09,2023-06-17,478,223.42,106794.76
ORD10271,CUS012,P013,2023-05-07,2023-05-29,416,725.45,301787.2
ORD10272,CUS009,P003,2023-05-12,2023-06-09,147,531.32,78104.04
ORD10273,CUS035,P001,2023-05-07,2023-06-03,381,386.12,147111.72
ORD10274,CUS028,P009,2023-05-08,2023-06-17,259,320.42,82988.78
ORD10275,CUS048,P001,2023-05-07,2023-06-20,452,398.18,179977.36
ORD10276,CUS005,P006,2023-05-08,2023-06-10,151,696.76,105210.76
ORD10277,CUS008,P005,2023-05-09,2023-05-24,325,160.47,52152.75
ORD10278,CUS016,P013,2023-05-13,2023-06-18,42,402.78,16916.76
ORD10279,CUS026,P015,2023-05-09,2023-06-19,461,278.42,128351.62
ORD10280,CUS025,P014,2023-05-07,2023-05-28,291,341.58,99399.78
ORD10281,CUS032,P013,2023-05-08,2023-06-15,121,79.85,9661.85
ORD10282,CUS038,P013,2023-05-13,2023-06-18,386,771.29,297717.94
ORD10283,CUS025,P015,2023-05-11,2023-06-15,192,505.68,97090.56
ORD10284,CUS011,P011,2023-05-08,2023-06-22,360,386.9,139284.0
ORD10285,CUS017,P013,2023-05-14,2023-06-16,321,62.11,19937.31
ORD10286,CUS014,P015,2023-05-20,2023-06-23,11,827.56,9103.16
ORD10287,CUS048,P013,2023-05-16,2023-06-20,42,626.1,26296.2
ORD10288,CUS014,P014,2023-05-20,2023-06-20,409,263.05,107587.45
ORD10289,CUS044,P005,2023-05-18,2023-06-26,256,141.06,36111.36
ORD10290,CUS035,P015,2023-05-18,2023-06-15,303,25.65,7771.95
ORD10291,CUS031,P013,2023-05-15,2023-06-12,43,233.47,10039.21
ORD10292,CUS024,P005,2023-05-17,2023-06-05,201,591.48,118887.48
ORD10293,CUS019,P010,2023-05-20,2023-06-15,86,320.02,27521.72
ORD10294,CUS008,P005,2023-05-19,2023-07-01,279,451.57,125988.03
ORD10295,CUS038,P014,2023-05-16,2023-06-12,42,135.56,5693.52
ORD10296,CUS045,P001,2023-05-16,2023-05-30,308,290.84,89578.72
ORD10297,CUS016,P008,2023-05-17,2023-06-27,227,103.18,23421.86
ORD10298,CUS013,P001,2023-05-19,2023-06-25,267,67.57,18041.19
ORD10299,CUS007,P012,2023-05-19,2023-07-02,134,95.76,12831.84
ORD10300,CUS014,P010,2023-05-14,2023-06-17,57,799.11,45549.27
ORD10301,CUS017,P004,2023-05-17,2023-06-30,283,365.36,103396.88
ORD10302,CUS041,P002,2023-05-20,2023-06-03,258,683.71,176397.18
ORD10303,CUS005,P009,2023-05-17,2023-06-06,33,532.49,17572.17
ORD10304,CUS026,P011,2023-05-18,2023-06-21,226,273.48,61806.48
ORD10305,CUS022,P013,2023-05-17,2023-06-03,218,554.91,120970.38
ORD10306,CUS001,P003,2023-05-27,2023-07-07,430,502.0,215860.0
ORD10307,CUS013,P004,2023-05-27,2023-06-14,200,802.2,160440.0
ORD10308,CUS012,P012,2023-05-26,2023-06-21,16,358.5,5736.0
ORD10309,CUS004,P003,2023-05-22,2023-06-08,104,816.12,84876.48
ORD10310,CUS028,P014,2023-05-23,2023-06-27,475,598.68,284373.0
ORD10311,CUS044,P006,2023-05-27,2023-06-18,96,262.85,25233.6
ORD10312,CUS007,P002,2023-05-23,2023-06-15,23,358.07,8235.61
ORD10313,CUS031,P001,2023-05-21,2023-06-24,48,236.28,11341.44
ORD10314,CUS048,P010,2023-05-25,2023-06-17,19,103.74,1971.06
ORD10315,CUS026,P007,2023-05-22,2023-06-18,444,635.66,282233.04
ORD10316,CUS010,P003,2023-05-22,2023-06-13,152,55.82,8484.64
ORD10317,CUS021,P004,2023-05-27,2023-06-18,104,573.49,59642.96
ORD10318,CUS004,P006,2023-05-24,2023-06-15,345,47.71,16459.95
ORD10319,CUS043,P012,2023-05-25,2023-06-10,445,87.31,38852.95
ORD10320,CUS049,P004,2023-05-23,2023-06-25,117,209.49,24510.33
ORD10321,CUS007,P004,2023-05-22,2023-06-16,196,174.77,34254.92
ORD10322,CUS025,P002,2023-05-27,2023-06-23,91,225.69,20537.79
ORD10323,CUS039,P005,2023-05-23,2023-07-02,357,258.73,92366.61
ORD10324,CUS014,P005,2023-05-29,2023-07-07,162,662.32,107295.84
ORD10325,CUS020,P010,2023-05-31,2023-07-11,416,29.11,12109.76
ORD10326,CUS017,P010,2023-06-01,2023-07-12,229,184.49,42248.21
ORD10327,CUS012,P012,2023-05-28,2023-07-03,136,385.74,52460.64
ORD10328,CUS030,P011,2023-06-02,2023-07-16,330,771.55,254611.5
ORD10329,CUS016,P005,2023-06-02,2023-07-09,100,538.01,53801.0
ORD10330,CUS015,P006,2023-05-31,2023-06-19,181,592.9,107314.9
ORD10331,CUS025,P007,2023-05-30,2023-07-04,298,723.83,215701.34
ORD10332,CUS018,P008,2023-06-03,2023-07-11,90,330.03,29702.7
ORD10333,CUS016,P014,2023-06-02,2023-06-19,327,780.8,255321.6
ORD10334,CUS020,P002,2023-06-06,2023-07-20,410,843.91,346003.1
ORD10335,CUS015,P004,2023-06-07,2023-07-14,91,263.05,23937.55
ORD10336,CUS029,P013,2023-06-06,2023-07-15,232,618.74,143547.68
ORD10337,CUS043,P004,2023-06-06,2023-07-03,297,503.96,149676.12
ORD10338,CUS045,P012,2023-06-07,2023-06-29,400,547.88,219152.0
ORD10339,CUS050,P010,2023-06-08,2023-07-13,392,231.12,90599.04
ORD10340,CUS019,P004,2023-06-09,2023-07-17,262,787.12,206225.44
ORD10341,CUS010,P005,2023-06-04,2023-07-09,253,92.48,23397.44
ORD10342,CUS042,P008,2023-06-10,2023-07-20,496,187.13,92816.48
ORD10343,CUS041,P009,2023-06-05,2023-07-09,148,200.31,29645.88
ORD10344,CUS043,P005,2023-06-07,2023-07-12,266,642.99,171035.34
ORD10345,CUS016,P011,2023-06-08,2023-06-23,221,672.45,148611.45
ORD10346,CUS026,P012,2023-06-08,2023-07-01,161,491.54,79137.94
ORD10347,CUS038,P011,2023-06-05,2023-06-23,222,104.35,23165.7
ORD10348,CUS015,P011,2023-06-15,2023-07-04,61,349.76,21335.36
ORD10349,CUS033,P011,2023-06-12,2023-07-25,55,49.11,2701.05
ORD10350,CUS002,P008,2023-06-17,2023-07-14,252,132.91,33493.32
ORD10351,CUS004,P008,2023-06-16,2023-07-10,406,709.83,288190.98
ORD10352,CUS001,P002,2023-06-13,2023-07-24,427,422.63,180463.01
ORD10353,CUS036,P015,2023-06-16,2023-07-01,294,764.4,224733.6
ORD10354,CUS025,P012,2023-06-13,2023-07-10,70,133.75,9362.5
ORD10355,CUS008,P005,2023-06-14,2023-07-10,313,658.78,206198.14
ORD10356,CUS050,P008,2023-06-14,2023-07-09,175,555.02,97128.5
ORD10357,CUS010,P012,2023-06-15,2023-07-09,208,720.02,149764.16
ORD10358,CUS019,P006,2023-06-17,2023-07-26,115,781.66,89890.9
ORD10359,CUS013,P010,2023-06-11,2023-07-24,81,642.14,52013.34
ORD10360,CUS038,P014,2023-06-17,2023-07-20,15,202.57,3038.55
ORD10361,CUS037,P005,2023-06-15,2023-07-04,351,115.62,40582.62
ORD10362,CUS042,P007,2023-06-16,2023-07-24,377,266.01,100285.77
ORD10363,CUS030,P002,2023-06-15,2023-07-25,241,841.4,202777.4
ORD10364,CUS002,P007,2023-06-16,2023-07-14,121,296.13,35831.73
ORD10365,CUS039,P002,2023-06-11,2023-07-01,499,346.44,172873.56
ORD10366,CUS011,P006,2023-06-17,2023-07-02,68,356.12,24216.16
ORD10367,CUS046,P004,2023-06-15,2023-07-16,384,507.71,194960.64
ORD10368,CUS049,P013,2023-06-11,2023-07-07,125,216.09,27011.25
ORD10369,CUS014,P008,2023-06-23,2023-08-02,436,422.68,184288.48
ORD10370,CUS014,P011,2023-06-20,2023-07-10,154,62.61,9641.94
ORD10371,CUS037,P009,2023-06-24,2023-07-24,55,625.91,34425.05
ORD10372,CUS005,P014,2023-06-21,2023-08-05,317,203.62,64547.54
ORD10373,CUS005,P005,2023-06-22,2023-07-11,63,355.38,22388.94
ORD10374,CUS019,P010,2023-06-23,2023-07-12,405,45.56,18451.8
ORD10375,CUS020,P011,2023-06-19,2023-07-05,87,461.95,40189.65
ORD10376,CUS027,P014,2023-06-21,2023-07-12,216,780.68,168626.88
ORD10377,CUS003,P012,2023-06-18,2023-07-04,136,265.88,36159.68
ORD10378,CUS008,P014,2023-06-24,2023-07-20,142,439.1,62352.2
ORD10379,CUS048,P015,2023-06-20,2023-07-23,293,240.43,70445.99
ORD10380,CUS010,P001,2023-06-19,2023-07-23,111,86.62,9614.82
ORD10381,CUS045,P008,2023-06-29,2023-07-19,258,715.8,184676.4
ORD10382,CUS038,P002,2023-06-26,2023-08-03,40,90.87,3634.8
ORD10383,CUS031,P002,2023-07-01,2023-07-20,414,433.8,179593.2
ORD10384,CUS014,P015,2023-06-26,2023-07-16,308,587.52,180956.16
ORD10385,CUS002,P003,2023-06-27,2023-08-09,352,740.63,260701.76
ORD10386,CUS011,P015,2023-06-29,2023-07-18,158,100.91,15943.78
ORD10387,CUS009,P014,2023-06-29,2023-08-11,445,546.4,243148.0
ORD10388,CUS021,P003,2023-06-28,2023-07-16,405,791.78,320670.9
ORD10389,CUS028,P008,2023-07-08,2023-08-14,261,338.97,88471.17
ORD10390,CUS028,P004,2023-07-06,2023-07-24,132,482.14,63642.48
ORD10391,CUS006,P001,2023-07-07,2023-08-21,164,532.1,87264.4
ORD10392,CUS008,P011,2023-07-05,2023-07-26,410,501.52,205623.2
ORD10393,CUS019,P003,2023-07-03,2023-07-26,70,312.39,21867.3
ORD10394,CUS004,P002,2023-07-07,2023-08-05,52,784.07,40771.64
ORD10395,CUS014,P006,2023-07-02,2023-08-11,315,572.35,180290.25
ORD10396,CUS043,P003,2023-07-05,2023-07-23,218,476.99,103983.82
ORD10397,CUS023,P006,2023-07-03,2023-08-06,99,650.07,64356.93
ORD10398,CUS032,P012,2023-07-04,2023-07-22,11,139.62,1535.82
ORD10399,CUS024,P005,2023-07-05,2023-07-23,488,608.76,297074.88
ORD10400,CUS035,P010,2023-07-14,2023-08-14,276,458.71,126603.96
ORD10401,CUS023,P007,2023-07-12,2023-08-13,269,495.43,133270.67
ORD10402,CUS039,P004,2023-07-09,2023-07-24,199,112.42,22371.58
ORD10403,CUS041,P012,2023-07-14,2023-08-18,231,397.42,91804.02
ORD10404,CUS043,P015,2023-07-12,2023-08-08,197,325.35,64093.95
ORD10405,CUS033,P005,2023-07-10,2023-08-04,239,551.48,131803.72
ORD10406,CUS006,P008,2023-07-10,2023-08-17,216,134.95,29149.2
ORD10407,CUS042,P006,2023-07-12,2023-08-18,23,238.67,5489.41
ORD10408,CUS001,P008,2023-07-09,2023-07-25,52,267.6,13915.2
ORD10409,CUS042,P015,2023-07-11,2023-08-01,439,208.55,91553.45
ORD10410,CUS025,P009,2023-07-14,2023-08-23,450,173.53,78088.5
ORD10411,CUS003,P013,2023-07-14,2023-08-25,408,691.62,282180.96
ORD10412,CUS001,P001,2023-07-14,2023-08-23,219,471.73,103308.87
ORD10413,CUS004,P011,2023-07-11,2023-07-31,258,136.85,35307.3
ORD10414,CUS010,P001,2023-07-12,2023-08-21,96,183.54,17619.84
ORD10415,CUS047,P002,2023-07-09,2023-08-14,455,679.01,308949.55
ORD10416,CUS011,P003,2023-07-10,2023-08-02,292,147.17,42973.64
ORD10417,CUS036,P003,2023-07-18,2023-08-01,284,254.12,72170.08
ORD10418,CUS021,P014,2023-07-17,2023-08-12,193,849.94,164038.42
ORD10419,CUS038,P010,2023-07-18,2023-08-03,10,250.16,2501.6
ORD10420,CUS003,P012,2023-07-22,2023-08-22,241,524.41,126382.81
ORD10421,CUS008,P004,2023-07-18,2023-08-07,370,120.26,44496.2
ORD10422,CUS016,P006,2023-07-21,2023-08-05,432,728.72,314807.04
ORD10423,CUS050,P006,2023-07-17,2023-08-20,409,803.54,328647.86
ORD10424,CUS010,P003,2023-07-22,2023-08-13,482,706.15,340364.3
ORD10425,CUS028,P005,2023-07-16,2023-08-22,499,428.73,213936.27
ORD10426,CUS003,P010,2023-07-22,2023-09-03,278,223.22,62055.16
ORD10427,CUS035,P001,2023-07-29,2023-08-16,22,763.34,16793.48
ORD10428,CUS007,P010,2023-07-25,2023-08-29,134,273.56,36657.04
ORD10429,CUS040,P006,2023-07-29,2023-08-20,412,653.74,269340.88
ORD10430,CUS049,P015,2023-07-23,2023-08-22,157,412.36,64740.52
ORD10431,CUS027,P013,2023-07-26,2023-08-27,385,754.12,290336.2
ORD10432,CUS009,P009,2023-07-23,2023-08-17,53,554.29,29377.37
ORD10433,CUS044,P009,2023-07-27,2023-08-24,21,343.06,7204.26
ORD10434,CUS049,P006,2023-07-26,2023-08-10,354,846.19,299551.26
ORD10435,CUS030,P009,2023-07-27,2023-08-17,351,145.37,51024.87
ORD10436,CUS015,P014,2023-07-28,2023-09-08,138,793.21,109462.98
ORD10437,CUS016,P014,2023-08-04,2023-09-12,315,499.96,157487.4
ORD10438,CUS021,P014,2023-08-01,2023-09-04,500,309.2,154600.0
ORD10439,CUS032,P013,2023-08-01,2023-09-03,367,658.73,241753.91
ORD10440,CUS035,P013,2023-08-01,2023-08-26,304,763.2,232012.8
ORD10441,CUS001,P014,2023-08-02,2023-09-12,300,551.05,165315.0
ORD10442,CUS045,P005,2023-08-01,2023-08-24,276,526.38,145280.88
ORD10443,CUS035,P007,2023-07-30,2023-09-06,44,625.51,27522.44
ORD10444,CUS025,P006,2023-08-02,2023-09-14,133,217.66,28948.78
ORD10445,CUS049,P005,2023-08-01,2023-09-12,467,60.67,28332.89
ORD10446,CUS026,P006,2023-07-31,2023-09-11,222,101.92,22626.24
ORD10447,CUS015,P007,2023-08-04,2023-08-22,163,509.89,83112.07
ORD10448,CUS036,P001,2023-07-31,2023-09-05,122,548.89,66964.58
ORD10449,CUS033,P005,2023-07-31,2023-09-13,380,353.74,134421.2
ORD10450,CUS040,P003,2023-08-04,2023-09-12,161,247.22,39802.42
ORD10451,CUS030,P013,2023-08-05,2023-09-19,450,775.25,348862.5
ORD10452,CUS021,P013,2023-08-05,2023-08-19,282,257.64,72654.48
ORD10453,CUS012,P004,2023-08-04,2023-08-27,471,231.69,109125.99
ORD10454,CUS014,P005,2023-08-03,2023-08-17,402,51.33,20634.66
ORD10455,CUS006,P008,2023-08-04,2023-08-26,167,116.25,19413.75
ORD10456,CUS022,P006,2023-07-31,2023-09-08,317,114.11,36172.87
ORD10457,CUS035,P006,2023-08-01,2023-09-13,154,722.82,111314.28
ORD10458,CUS038,P015,2023-07-30,2023-09-06,99,713.13,70599.87
ORD10459,CUS025,P001,2023-08-07,2023-09-07,94,329.36,30959.84
ORD10460,CUS004,P004,2023-08-12,2023-09-08,123,567.16,69760.68
ORD10461,CUS040,P013,2023-08-08,2023-09-09,193,174.56,33690.08
ORD10462,CUS015,P014,2023-08-06,2023-09-09,337,468.7,157951.9
ORD10463,CUS009,P009,2023-08-09,2023-09-06,33,255.62,8435.46
ORD10464,CUS009,P010,2023-08-09,2023-09-17,104,771.48,80233.92
ORD10465,CUS045,P010,2023-08-10,2023-08-29,236,155.29,36648.44
ORD10466,CUS032,P005,2023-08-07,2023-08-29,434,133.09,57761.06
ORD10467,CUS020,P002,2023-08-09,2023-09-21,287,790.28,226810.36
ORD10468,CUS012,P015,2023-08-06,2023-09-11,360,223.61,80499.6
ORD10469,CUS012,P015,2023-08-09,2023-09-16,319,198.18,63219.42
ORD10470,CUS001,P007,2023-08-07,2023-08-29,429,317.83,136349.07
ORD10471,CUS003,P004,2023-08-06,2023-09-03,310,154.44,47876.4
ORD10472,CUS003,P005,2023-08-10,2023-09-15,13,177.58,2308.54
ORD10473,CUS003,P007,2023-08-06,2023-08-23,64,500.57,32036.48
ORD10474,CUS042,P004,2023-08-07,2023-09-13,326,211.2,68851.2
ORD10475,CUS039,P008,2023-08-06,2023-08-23,11,72.96,802.56
ORD10476,CUS012,P012,2023-08-17,2023-09-21,230,107.05,24621.5
ORD10477,CUS010,P003,2023-08-19,2023-09-23,202,615.32,124294.64
ORD10478,CUS044,P005,2023-08-18,2023-10-02,42,449.15,18864.3
ORD10479,CUS024,P006,2023-08-17,2023-09-19,11,624.85,6873.35
ORD10480,CUS038,P010,2023-08-19,2023-09-11,126,25.39,3199.14
ORD10481,CUS050,P006,2023-08-18,2023-09-14,79,637.89,50393.31
ORD10482,CUS006,P007,2023-08-18,2023-09-30,248,780.74,193623.52
ORD10483,CUS035,P013,2023-08-13,2023-09-14,179,335.9,60126.1
ORD10484,CUS047,P005,2023-08-26,2023-09-24,237,35.6,8437.2
ORD10485,CUS048,P002,2023-08-24,2023-09-25,493,649.47,320188.71
ORD10486,CUS013,P011,2023-08-24,2023-09-13,481,91.23,43881.63
ORD10487,CUS029,P008,2023-08-23,2023-10-02,374,378.11,141413.14
ORD10488,CUS004,P006,2023-08-21,2023-10-04,341,764.47,260684.27
ORD10489,CUS027,P002,2023-08-21,2023-09-05,411,499.79,205413.69
ORD10490,CUS036,P002,2023-08-26,2023-09-29,254,476.64,121066.56
ORD10491,CUS027,P011,2023-08-20,2023-09-06,89,133.94,11920.66
ORD10492,CUS005,P011,2023-08-20,2023-09-28,254,541.5,137541.0
ORD10493,CUS044,P015,2023-08-23,2023-09-07,207,544.09,112626.63
ORD10494,CUS031,P011,2023-08-23,2023-09-19,181,228.01,41269.81
ORD10495,CUS010,P004,2023-08-25,2023-10-09,73,469.8,34295.4
ORD10496,CUS038,P003,2023-08-20,2023-09-11,203,700.46,142193.38
ORD10497,CUS034,P012,2023-08-22,2023-09-28,222,207.05,45965.1
ORD10498,CUS032,P002,2023-08-20,2023-09-21,443,150.58,66706.94
ORD10499,CUS013,P001,2023-08-27,2023-09-11,490,640.83,314006.7
ORD10500,CUS030,P014,2023-08-29,2023-09-27,301,645.68,194349.68
ORD10501,CUS037,P015,2023-09-01,2023-09-24,457,225.71,103149.47
ORD10502,CUS045,P002,2023-08-28,2023-09-20,142,385.82,54786.44
ORD10503,CUS039,P011,2023-09-01,2023-10-09,204,530.4,108201.6
ORD10504,CUS009,P008,2023-09-02,2023-10-02,62,429.98,26658.76
ORD10505,CUS036,P004,2023-09-02,2023-10-17,221,307.56,67970.76
ORD10506,CUS005,P015,2023-08-29,2023-09-25,480,457.13,219422.4
ORD10507,CUS003,P002,2023-08-27,2023-09-27,351,743.41,260936.91
ORD10508,CUS025,P013,2023-08-29,2023-09-22,368,378.08,139133.44
ORD10509,CUS019,P003,2023-08-30,2023-10-11,453,679.24,307695.72
ORD10510,CUS015,P014,2023-08-29,2023-09-16,422,144.21,60856.62
ORD10511,CUS018,P006,2023-09-05,2023-10-03,423,775.41,327998.43
ORD10512,CUS032,P014,2023-09-05,2023-10-14,170,792.54,134731.8
ORD10513,CUS025,P010,2023-09-06,2023-10-16,143,461.37,65975.91
ORD10514,CUS033,P005,2023-09-07,2023-10-18,91,160.87,14639.17
ORD10515,CUS037,P005,2023-09-08,2023-10-15,435,124.26,54053.1
ORD10516,CUS020,P007,2023-09-08,2023-09-30,171,29.8,5095.8
ORD10517,CUS027,P010,2023-09-04,2023-10-14,177,341.04,60364.08
ORD10518,CUS022,P014,2023-09-03,2023-09-26,429,579.54,248622.66
ORD10519,CUS027,P013,2023-09-04,2023-10-16,458,369.76,169350.08
ORD10520,CUS032,P003,2023-09-07,2023-10-05,388,288.65,111996.2
ORD10521,CUS040,P008,2023-09-14,2023-10-11,141,589.97,83185.77
ORD10522,CUS018,P014,2023-09-11,2023-09-29,77,499.81,38485.37
ORD10523,CUS020,P007,2023-09-16,2023-10-23,471,28.61,13475.31
ORD10524,CUS010,P013,2023-09-11,2023-10-13,467,432.08,201781.36
ORD10525,CUS036,P014,2023-09-15,2023-09-29,156,776.33,121107.48
ORD10526,CUS032,P012,2023-09-14,2023-10-27,449,748.71,336170.79
ORD10527,CUS024,P002,2023-09-16,2023-10-18,367,565.74,207626.58
ORD10528,CUS030,P001,2023-09-11,2023-10-09,342,529.05,180935.1
ORD10529,CUS006,P005,2023-09-20,2023-10-13,406,225.49,91548.94
ORD10530,CUS029,P011,2023-09-22,2023-10-15,365,71.28,26017.2
ORD10531,CUS037,P012,2023-09-22,2023-10-23,172,77.83,13386.76
ORD10532,CUS026,P008,2023-09-20,2023-11-01,16,351.22,5619.52
ORD10533,CUS027,P011,2023-09-18,2023-10-10,444,736.89,327179.16
ORD10534,CUS034,P007,2023-09-18,2023-10-02,67,80.57,5398.19
ORD10535,CUS009,P015,2023-09-23,2023-10-16,23,702.91,16166.93
ORD10536,CUS004,P015,2023-09-22,2023-10-24,267,782.44,208911.48
ORD10537,CUS009,P007,2023-09-23,2023-10-23,405,820.87,332452.35
ORD10538,CUS035,P004,2023-09-18,2023-10-15,226,725.52,163967.52
ORD10539,CUS037,P007,2023-09-24,2023-10-18,490,831.28,407327.2
ORD10540,CUS035,P010,2023-09-27,2023-11-11,380,635.55,241509.0
ORD10541,CUS006,P012,2023-09-25,2023-11-02,14,727.75,10188.5
ORD10542,CUS041,P011,2023-09-26,2023-10-28,466,383.76,178832.16
ORD10543,CUS039,P003,2023-09-24,2023-10-31,479,370.93,177675.47
ORD10544,CUS037,P012,2023-09-30,2023-10-17,68,740.35,50343.8
ORD10545,CUS010,P005,2023-09-28,2023-11-04,400,740.41,296164.0
ORD10546,CUS037,P015,2023-09-25,2023-11-01,35,705.52,24693.2
ORD10547,CUS001,P002,2023-09-24,2023-10-29,159,347.99,55330.41
ORD10548,CUS031,P006,2023-09-30,2023-10-17,286,749.16,214259.76
ORD10549,CUS014,P009,2023-09-29,2023-10-15,156,235.61,36755.16
ORD10550,CUS005,P001,2023-09-26,2023-10-13,149,224.64,33471.36
ORD10551,CUS023,P007,2023-09-27,2023-11-01,48,591.86,28409.28
ORD10552,CUS022,P004,2023-09-28,2023-10-18,150,449.92,67488.0
ORD10553,CUS014,P008,2023-09-26,2023-11-08,173,315.62,54602.26
ORD10554,CUS004,P004,2023-09-24,2023-10-08,62,785.79,48718.98
ORD10555,CUS034,P015,2023-09-26,2023-11-03,154,394.09,60689.86
ORD10556,CUS032,P014,2023-09-30,2023-11-11,291,241.37,70238.67
ORD10557,CUS039,P001,2023-10-02,2023-11-14,414,777.32,321810.48
ORD10558,CUS007,P007,2023-10-05,2023-11-01,257,603.92,155207.44
ORD10559,CUS028,P002,2023-10-01,2023-11-07,274,790.47,216588.78
ORD10560,CUS028,P013,2023-10-05,2023-11-15,67,95.28,6383.76
ORD10561,CUS037,P008,2023-10-07,2023-11-14,234,318.9,74622.6
ORD10562,CUS048,P012,2023-10-05,2023-10-31,349,189.35,66083.15
ORD10563,CUS027,P002,2023-10-04,2023-10-20,378,289.7,109506.6
ORD10564,CUS002,P006,2023-10-05,2023-11-01,201,181.41,36463.41
ORD10565,CUS023,P011,2023-10-05,2023-10-23,311,311.92,97007.12
ORD10566,CUS029,P012,2023-10-09,2023-11-15,136,325.92,44325.12
ORD10567,CUS016,P004,2023-10-12,2023-11-05,154,156.36,24079.44
ORD10568,CUS026,P011,2023-10-09,2023-10-29,249,771.97,192220.53
ORD10569,CUS045,P008,2023-10-10,2023-10-26,44,587.09,25831.96
ORD10570,CUS035,P014,2023-10-10,2023-11-20,229,477.14,109265.06
ORD10571,CUS039,P014,2023-10-09,2023-10-23,427,746.85,318904.95
ORD10572,CUS013,P001,2023-10-09,2023-11-13,114,155.01,17671.14
ORD10573,CUS030,P003,2023-10-11,2023-11-18,230,513.83,118180.9
ORD10574,CUS042,P004,2023-10-10,2023-11-13,45,551.33,24809.85
ORD10575,CUS048,P012,2023-10-08,2023-11-01,173,128.77,22277.21
ORD10576,CUS034,P006,2023-10-10,2023-11-20,64,823.83,52725.12
ORD10577,CUS001,P013,2023-10-12,2023-11-24,428,182.12,77947.36
ORD10578,CUS001,P009,2023-10-12,2023-11-25,74,755.95,55940.3
ORD10579,CUS001,P011,2023-10-18,2023-11-15,294,738.65,217163.1
ORD10580,CUS011,P008,2023-10-21,2023-12-04,250,401.1,100275.0
ORD10581,CUS048,P013,2023-10-15,2023-11-05,459,651.96,299249.64
ORD10582,CUS019,P003,2023-10-17,2023-11-08,364,629.3,229065.2
ORD10583,CUS042,P009,2023-10-18,2023-11-13,10,668.69,6686.9
ORD10584,CUS004,P001,2023-10-18,2023-11-06,84,85.38,7171.92
ORD10585,CUS010,P012,2023-10-21,2023-11-21,82,184.61,15138.02
ORD10586,CUS044,P005,2023-10-18,2023-11-14,464,584.19,271064.16
ORD10587,CUS004,P006,2023-10-20,2023-12-03,444,702.86,312069.84
ORD10588,CUS043,P008,2023-10-18,2023-11-07,397,535.71,212676.87
ORD10589,CUS046,P015,2023-10-18,2023-11-08,357,503.19,179638.83
ORD10590,CUS041,P008,2023-10-15,2023-11-22,196,610.57,119671.72
ORD10591,CUS028,P006,2023-10-21,2023-11-29,216,659.97,142553.52
ORD10592,CUS027,P005,2023-10-15,2023-11-22,278,730.12,202973.36
ORD10593,CUS013,P005,2023-10-21,2023-11-21,18,39.41,709.38
ORD10594,CUS046,P006,2023-10-16,2023-11-09,489,704.9,344696.1
ORD10595,CUS019,P003,2023-10-20,2023-11-27,359,612.93,220041.87
ORD10596,CUS013,P013,2023-10-18,2023-11-13,500,598.01,299005.0
ORD10597,CUS009,P014,2023-10-15,2023-11-02,399,238.16,95025.84
ORD10598,CUS040,P012,2023-10-15,2023-11-27,20,323.52,6470.4
ORD10599,CUS019,P008,2023-10-20,2023-11-18,225,66.31,14919.75
ORD10600,CUS022,P008,2023-10-28,2023-11-18,52,774.0,40248.0
ORD10601,CUS022,P001,2023-10-27,2023-11-16,32,82.13,2628.16
ORD10602,CUS046,P014,2023-10-23,2023-12-02,14,50.35,704.9
ORD10603,CUS003,P003,2023-10-25,2023-11-30,296,496.75,147038.0
ORD10604,CUS014,P011,2023-10-24,2023-12-06,475,302.42,143649.5
ORD10605,CUS030,P014,2023-10-26,2023-11-22,122,287.88,35121.36
ORD10606,CUS033,P009,2023-10-27,2023-11-23,193,430.9,83163.7
ORD10607,CUS006,P010,2023-10-23,2023-11-12,155,495.63,76822.65
ORD10608,CUS031,P010,2023-10-22,2023-11-21,206,225.03,46356.18
ORD10609,CUS046,P009,2023-11-01,2023-12-09,446,259.0,115514.0
ORD10610,CUS016,P013,2023-10-30,2023-11-14,458,196.33,89919.14
ORD10611,CUS032,P012,2023-10-30,2023-12-09,226,326.02,73680.52
ORD10612,CUS050,P009,2023-10-30,2023-12-02,211,469.45,99053.95
ORD10613,CUS017,P014,2023-11-02,2023-11-26,378,435.9,164770.2
ORD10614,CUS009,P005,2023-10-29,2023-11-14,425,53.37,22682.25
ORD10615,CUS048,P011,2023-11-03,2023-11-26,20,475.54,9510.8
ORD10616,CUS043,P001,2023-10-29,2023-12-01,351,640.68,224878.68
ORD10617,CUS002,P006,2023-10-29,2023-11-13,296,656.69,194380.24
ORD10618,CUS018,P004,2023-11-04,2023-11-27,263,748.86,196950.18
ORD10619,CUS026,P011,2023-10-30,2023-11-16,460,557.1,256266.0
ORD10620,CUS047,P004,2023-10-30,2023-12-03,470,372.17,174919.9
ORD10621,CUS042,P015,2023-10-30,2023-12-07,316,613.03,193717.48
ORD10622,CUS013,P013,2023-10-29,2023-11-17,474,73.03,34616.22
ORD10623,CUS047,P001,2023-11-02,2023-11-19,279,702.12,195891.48
ORD10624,CUS038,P004,2023-10-29,2023-12-10,276,119.02,32849.52
ORD10625,CUS001,P013,2023-10-31,2023-11-16,98,459.55,45035.9
ORD10626,CUS015,P006,2023-11-03,2023-12-04,43,301.46,12962.78
ORD10627,CUS039,P013,2023-10-30,2023-11-16,328,635.17,208335.76
ORD10628,CUS004,P015,2023-10-31,2023-11-28,334,390.87,130550.58
ORD10629,CUS028,P002,2023-10-30,2023-12-09,211,165.57,34935.27
ORD10630,CUS042,P001,2023-11-02,2023-11-21,81,837.66,67850.46
ORD10631,CUS041,P007,2023-11-09,2023-11-27,188,728.77,137008.76
ORD10632,CUS049,P010,2023-11-07,2023-12-20,467,600.36,280368.12
ORD10633,CUS017,P013,2023-11-08,2023-11-22,456,311.67,142121.52
ORD10634,CUS046,P004,2023-11-05,2023-11-24,28,833.07,23325.96
ORD10635,CUS044,P009,2023-11-06,2023-12-05,14,736.16,10306.24
ORD10636,CUS028,P008,2023-11-06,2023-12-18,326,440.67,143658.42
ORD10637,CUS009,P002,2023-11-09,2023-11-30,392,279.45,109544.4
ORD10638,CUS043,P007,2023-11-09,2023-12-07,252,848.93,213930.36
ORD10639,CUS047,P014,2023-11-07,2023-11-22,397,625.99,248518.03
ORD10640,CUS026,P013,2023-11-08,2023-12-19,255,594.32,151551.6
ORD10641,CUS007,P009,2023-11-08,2023-12-22,213,742.53,158158.89
ORD10642,CUS009,P011,2023-11-09,2023-12-06,219,789.64,172931.16
ORD10643,CUS028,P009,2023-11-09,2023-12-15,22,97.42,2143.24
ORD10644,CUS042,P007,2023-11-11,2023-12-05,245,787.56,192952.2
ORD10645,CUS012,P010,2023-11-06,2023-12-01,227,381.61,86625.47
ORD10646,CUS029,P009,2023-11-11,2023-11-25,301,601.87,181162.87
ORD10647,CUS013,P008,2023-11-10,2023-12-19,53,808.42,42846.26
ORD10648,CUS021,P003,2023-11-06,2023-11-20,247,265.43,65561.21
ORD10649,CUS016,P013,2023-11-14,2023-12-04,79,291.85,23056.15
ORD10650,CUS040,P008,2023-11-15,2023-12-28,87,382.91,33313.17
ORD10651,CUS039,P014,2023-11-15,2023-12-23,161,45.57,7336.77
ORD10652,CUS013,P015,2023-11-16,2023-12-23,389,464.07,180523.23
ORD10653,CUS021,P001,2023-11-12,2023-12-14,73,662.9,48391.7
ORD10654,CUS007,P015,2023-11-18,2023-12-26,178,423.35,75356.3
ORD10655,CUS038,P004,2023-11-16,2023-12-04,498,703.95,350567.1
ORD10656,CUS038,P014,2023-11-14,2023-12-23,189,686.18,129688.02
ORD10657,CUS035,P009,2023-11-15,2023-12-04,341,119.17,40636.97
ORD10658,CUS020,P009,2023-11-15,2023-12-01,38,745.26,28319.88
ORD10659,CUS024,P013,2023-11-12,2023-11-26,377,522.86,197118.22
ORD10660,CUS017,P005,2023-11-16,2023-12-11,277,807.01,223541.77
ORD10661,CUS036,P014,2023-11-15,2023-12-21,337,407.02,137165.74
ORD10662,CUS004,P011,2023-11-13,2023-11-28,406,141.57,57477.42
ORD10663,CUS013,P001,2023-11-12,2023-12-02,384,748.68,287493.12
ORD10664,CUS022,P011,2023-11-12,2023-11-30,339,443.42,150319.38
ORD10665,CUS041,P001,2023-11-15,2023-12-16,97,496.59,48169.23
ORD10666,CUS026,P011,2023-11-24,2023-12-30,86,846.26,72778.36
ORD10667,CUS011,P004,2023-11-25,2023-12-21,218,523.9,114210.2
ORD10668,CUS008,P011,2023-11-23,2023-12-08,206,163.72,33726.32
ORD10669,CUS003,P001,2023-11-25,2024-01-09,337,186.34,62796.58
ORD10670,CUS009,P013,2023-11-21,2023-12-16,473,342.54,162021.42
ORD10671,CUS046,P007,2023-11-20,2023-12-20,369,689.07,254266.83
ORD10672,CUS029,P006,2023-11-20,2024-01-03,493,678.9,334697.7
ORD10673,CUS041,P005,2023-11-19,2023-12-23,263,754.41,198409.83
ORD10674,CUS006,P013,2023-12-01,2024-01-01,166,347.6,57701.6
ORD10675,CUS043,P010,2023-11-28,2024-01-07,357,666.0,237762.0
ORD10676,CUS032,P005,2023-11-26,2024-01-03,287,770.15,221033.05
ORD10677,CUS014,P006,2023-12-01,2024-01-03,139,800.29,111240.31
ORD10678,CUS015,P005,2023-11-28,2023-12-16,153,339.17,51893.01
ORD10679,CUS028,P015,2023-11-30,2024-01-09,191,790.17,150922.47
ORD10680,CUS033,P004,2023-12-01,2024-01-01,269,188.6,50733.4
ORD10681,CUS019,P009,2023-12-01,2023-12-29,348,800.32,278511.36
ORD10682,CUS023,P011,2023-11-30,2024-01-10,332,157.02,52130.64
ORD10683,CUS027,P014,2023-11-29,2023-12-26,232,832.38,193112.16
ORD10684,CUS020,P009,2023-11-28,2023-12-27,88,49.17,4326.96
ORD10685,CUS043,P013,2023-11-29,2024-01-12,196,457.73,89715.08
ORD10686,CUS001,P015,2023-11-30,2024-01-01,134,156.23,20934.82
ORD10687,CUS042,P007,2023-12-02,2023-12-29,346,709.02,245320.92
ORD10688,CUS017,P005,2023-11-27,2024-01-07,315,594.67,187321.05
ORD10689,CUS035,P001,2023-11-28,2023-12-13,400,622.35,248940.0
ORD10690,CUS020,P006,2023-12-02,2023-12-19,194,845.48,164023.12
ORD10691,CUS003,P010,2023-11-27,2023-12-28,215,407.37,87584.55
ORD10692,CUS047,P014,2023-11-26,2023-12-13,244,187.59,45771.96
ORD10693,CUS049,P010,2023-12-09,2024-01-04,300,62.68,18804.0
ORD10694,CUS030,P008,2023-12-04,2024-01-18,474,142.05,67331.7
ORD10695,CUS038,P006,2023-12-05,2024-01-10,351,543.83,190884.33
ORD10696,CUS044,P001,2023-12-04,2023-12-19,42,372.91,15662.22
ORD10697,CUS022,P009,2023-12-05,2023-12-26,191,56.72,10833.52
ORD10698,CUS009,P012,2023-12-08,2023-12-22,163,843.78,137536.14
ORD10699,CUS002,P011,2023-12-04,2023-12-24,169,198.02,33465.38
ORD10700,CUS015,P015,2023-12-03,2023-12-25,475,407.8,193705.0
ORD10701,CUS017,P013,2023-12-08,2024-01-05,432,209.63,90560.16
ORD10702,CUS032,P010,2023-12-09,2024-01-13,106,89.9,9529.4
ORD10703,CUS047,P015,2023-12-10,2023-12-31,82,222.18,18218.76
ORD10704,CUS023,P010,2023-12-10,2024-01-10,454,162.67,73852.18
ORD10705,CUS023,P003,2023-12-13,2024-01-12,86,479.87,41268.82
ORD10706,CUS044,P007,2023-12-11,2024-01-16,66,595.82,39324.12
ORD10707,CUS034,P006,2023-12-13,2024-01-10,280,183.76,51452.8
ORD10708,CUS046,P011,2023-12-12,2024-01-17,159,307.33,48865.47
ORD10709,CUS006,P005,2023-12-15,2024-01-25,30,683.5,20505.0
ORD10710,CUS041,P002,2023-12-14,2024-01-11,175,102.36,17913.0
ORD10711,CUS031,P011,2023-12-12,2024-01-17,434,319.92,138845.28
ORD10712,CUS049,P011,2023-12-11,2024-01-23,367,50.78,18636.26
ORD10713,CUS049,P007,2023-12-11,2024-01-24,105,473.65,49733.25
ORD10714,CUS007,P007,2023-12-13,2024-01-08,136,389.87,53022.32
ORD10715,CUS025,P002,2023-12-16,2024-01-07,443,96.67,42824.81
ORD10716,CUS021,P014,2023-12-13,2024-01-19,226,618.29,139733.54
ORD10717,CUS049,P014,2023-12-15,2024-01-08,399,375.96,150008.04
ORD10718,CUS007,P003,2023-12-16,2024-01-26,24,448.8,10771.2
ORD10719,CUS034,P002,2023-12-14,2024-01-25,210,156.82,32932.2
ORD10720,CUS038,P010,2023-12-10,2024-01-20,302,218.08,65860.16
ORD10721,CUS039,P014,2023-12-13,2024-01-11,20,676.83,13536.6
ORD10722,CUS040,P010,2023-12-19,2024-01-06,233,639.4,148980.2
ORD10723,CUS004,P005,2023-12-19,2024-01-04,374,297.19,111149.06
ORD10724,CUS040,P014,2023-12-21,2024-01-13,479,702.23,336368.17
ORD10725,CUS044,P012,2023-12-22,2024-01-31,235,212.74,49993.9
ORD10726,CUS007,P003,2023-12-23,2024-01-19,153,669.86,102488.58
ORD10727,CUS050,P009,2023-12-21,2024-01-06,167,439.22,73349.74
ORD10728,CUS006,P011,2023-12-19,2024-01-11,39,144.83,5648.37
ORD10729,CUS039,P014,2023-12-18,2024-01-26,162,327.17,53001.54
ORD10730,CUS044,P003,2023-12-21,2024-01-15,412,620.94,255827.28
ORD10731,CUS007,P004,2023-12-19,2024-01-10,251,323.49,81195.99
ORD10732,CUS024,P008,2023-12-20,2024-02-01,104,525.26,54627.04
ORD10733,CUS008,P012,2023-12-26,2024-01-27,312,45.03,14049.36
ORD10734,CUS019,P011,2023-12-26,2024-01-21,468,95.19,44548.92
ORD10735,CUS046,P004,2023-12-29,2024-01-31,137,384.6,52690.2
ORD10736,CUS040,P006,2023-12-25,2024-01-13,463,56.46,26140.98
ORD10737,CUS042,P014,2023-12-25,2024-02-07,257,122.93,31593.01
ORD10738,CUS042,P002,2023-12-26,2024-01-10,218,146.34,31902.12
ORD10739,CUS038,P002,2023-12-29,2024-02-10,319,129.37,41269.03
ORD10740,CUS022,P013,2023-12-24,2024-02-04,119,732.22,87134.18
ORD10741,CUS033,P002,2023-12-30,2024-02-09,82,590.38,48411.16
ORD10742,CUS048,P001,2024-01-05,2024-02-19,127,701.58,89100.66
ORD10743,CUS010,P003,2023-12-31,2024-01-29,213,492.94,104996.22
ORD10744,CUS005,P013,2024-01-02,2024-02-13,121,585.5,70845.5
ORD10745,CUS028,P013,2024-01-03,2024-01-24,405,47.2,19116.0
ORD10746,CUS009,P010,2024-01-04,2024-02-15,259,25.81,6684.79
ORD10747,CUS042,P005,2024-01-02,2024-01-21,201,737.3,148197.3
ORD10748,CUS004,P005,2024-01-02,2024-02-05,36,33.54,1207.44
ORD10749,CUS012,P001,2024-01-01,2024-02-08,390,690.71,269376.9
ORD10750,CUS016,P009,2024-01-03,2024-01-19,464,200.76,93152.64
ORD10751,CUS041,P006,2024-01-07,2024-01-31,314,285.87,89763.18
ORD10752,CUS026,P008,2024-01-13,2024-02-21,34,221.14,7518.76
ORD10753,CUS050,P001,2024-01-09,2024-01-23,319,669.22,213481.18
ORD10754,CUS014,P005,2024-01-10,2024-02-22,357,312.09,111416.13
ORD10755,CUS041,P002,2024-01-11,2024-02-03,132,675.77,89201.64
ORD10756,CUS035,P009,2024-01-07,2024-01-23,48,758.15,36391.2
ORD10757,CUS036,P011,2024-01-08,2024-02-19,98,84.13,8244.74
ORD10758,CUS049,P006,2024-01-07,2024-02-05,135,256.67,34650.45
ORD10759,CUS004,P002,2024-01-11,2024-02-13,91,147.84,13453.44
ORD10760,CUS007,P004,2024-01-11,2024-02-04,195,681.78,132947.1
ORD10761,CUS012,P001,2024-01-13,2024-02-08,360,628.24,226166.4
ORD10762,CUS049,P011,2024-01-10,2024-01-31,380,668.28,253946.4
ORD10763,CUS015,P007,2024-01-20,2024-02-03,131,468.41,61361.71
ORD10764,CUS044,P011,2024-01-19,2024-02-07,342,799.19,273322.98
ORD10765,CUS031,P004,2024-01-19,2024-02-26,317,35.42,11228.14
ORD10766,CUS048,P009,2024-01-18,2024-02-20,341,426.03,145276.23
ORD10767,CUS031,P003,2024-01-14,2024-01-30,21,316.71,6650.91
ORD10768,CUS006,P005,2024-01-19,2024-02-08,409,66.54,27214.86
ORD10769,CUS031,P015,2024-01-14,2024-02-26,68,382.8,26030.4
ORD10770,CUS018,P009,2024-01-16,2024-01-31,416,564.72,234923.52
ORD10771,CUS035,P014,2024-01-18,2024-02-21,63,173.75,10946.25
ORD10772,CUS030,P001,2024-01-18,2024-02-24,51,655.92,33451.92
ORD10773,CUS050,P010,2024-01-20,2024-02-08,328,243.49,79864.72
ORD10774,CUS042,P005,2024-01-16,2024-02-15,488,324.78,158492.64
ORD10775,CUS039,P008,2024-01-15,2024-02-23,186,304.21,56583.06
ORD10776,CUS008,P010,2024-01-15,2024-02-27,229,436.28,99908.12
ORD10777,CUS029,P008,2024-01-26,2024-02-16,362,648.08,234604.96
ORD10778,CUS033,P009,2024-01-24,2024-02-16,443,376.17,166643.31
ORD10779,CUS038,P006,2024-01-24,2024-02-13,78,637.3,49709.4
ORD10780,CUS049,P014,2024-01-24,2024-03-06,288,205.48,59178.24
ORD10781,CUS002,P006,2024-01-23,2024-03-08,116,403.48,46803.68
ORD10782,CUS013,P009,2024-01-27,2024-03-11,392,261.36,102453.12
ORD10783,CUS003,P003,2024-01-26,2024-02-17,121,592.1,71644.1
ORD10784,CUS046,P013,2024-01-23,2024-03-01,45,274.09,12334.05
ORD10785,CUS026,P015,2024-01-24,2024-02-18,263,375.02,98630.26
ORD10786,CUS047,P004,2024-01-21,2024-02-22,497,585.98,291232.06
ORD10787,CUS005,P013,2024-01-24,2024-03-04,408,104.83,42770.64
ORD10788,CUS012,P011,2024-02-02,2024-02-22,201,178.09,35796.09
ORD10789,CUS033,P004,2024-01-28,2024-03-07,282,633.13,178542.66
ORD10790,CUS014,P015,2024-01-31,2024-03-01,255,47.45,12099.75
ORD10791,CUS017,P007,2024-01-30,2024-03-08,285,830.99,236832.15
ORD10792,CUS025,P010,2024-02-01,2024-03-16,484,43.02,20821.68
ORD10793,CUS025,P009,2024-02-01,2024-02-29,11,48.35,531.85
ORD10794,CUS035,P004,2024-01-31,2024-02-28,215,626.37,134669.55
ORD10795,CUS045,P014,2024-01-28,2024-03-04,305,829.81,253092.05
ORD10796,CUS048,P003,2024-02-03,2024-02-24,348,556.18,193550.64
ORD10797,CUS031,P015,2024-01-28,2024-03-06,178,518.61,92312.58
ORD10798,CUS018,P002,2024-01-28,2024-02-27,35,336.12,11764.2
ORD10799,CUS044,P003,2024-02-01,2024-02-21,51,473.15,24130.65
ORD10800,CUS009,P009,2024-02-05,2024-03-07,255,127.36,32476.8
ORD10801,CUS013,P001,2024-02-04,2024-02-25,238,599.63,142711.94
ORD10802,CUS050,P007,2024-02-09,2024-02-26,444,707.59,314169.96
ORD10803,CUS022,P011,2024-02-07,2024-03-08,436,500.65,218283.4
ORD10804,CUS019,P010,2024-02-08,2024-03-21,329,520.22,171152.38
ORD10805,CUS021,P003,2024-02-10,2024-03-03,64,429.52,27489.28
ORD10806,CUS008,P005,2024-02-08,2024-03-19,414,302.0,125028.0
ORD10807,CUS027,P006,2024-02-08,2024-02-28,293,536.34,157147.62
ORD10808,CUS043,P002,2024-02-04,2024-03-16,49,431.33,21135.17
ORD10809,CUS041,P013,2024-02-09,2024-03-14,218,735.8,160404.4
ORD10810,CUS027,P004,2024-02-17,2024-03-08,96,517.01,49632.96
ORD10811,CUS024,P014,2024-02-13,2024-03-26,428,171.86,73556.08
ORD10812,CUS049,P007,2024-02-11,2024-03-22,315,276.7,87160.5
ORD10813,CUS027,P004,2024-02-14,2024-03-03,55,498.52,27418.6
ORD10814,CUS014,P009,2024-02-17,2024-03-05,210,462.58,97141.8
ORD10815,CUS011,P012,2024-02-11,2024-03-03,400,195.92,78368.0
ORD10816,CUS001,P008,2024-02-11,2024-03-23,262,312.15,81783.3
ORD10817,CUS044,P012,2024-02-12,2024-03-04,209,207.99,43469.91
ORD10818,CUS045,P004,2024-02-14,2024-03-06,420,716.0,300720.0
ORD10819,CUS031,P010,2024-02-24,2024-03-30,147,502.18,73820.46
ORD10820,CUS049,P014,2024-02-18,2024-03-22,362,521.69,188851.78
ORD10821,CUS004,P004,2024-02-21,2024-03-16,317,319.74,101357.58
ORD10822,CUS019,P006,2024-02-22,2024-03-28,267,210.55,56216.85
ORD10823,CUS045,P007,2024-02-24,2024-03-24,358,518.1,185479.8
ORD10824,CUS038,P009,2024-02-24,2024-03-16,88,422.51,37180.88
ORD10825,CUS018,P012,2024-02-19,2024-03-13,84,776.39,65216.76
ORD10826,CUS050,P015,2024-02-20,2024-03-11,234,692.2,161974.8
ORD10827,CUS005,P014,2024-02-22,2024-03-18,175,485.06,84885.5
ORD10828,CUS005,P011,2024-03-01,2024-03-31,436,432.16,188421.76
ORD10829,CUS027,P015,2024-02-26,2024-03-17,429,605.15,259609.35
ORD10830,CUS012,P012,2024-02-26,2024-04-05,425,55.79,23710.75
ORD10831,CUS045,P009,2024-02-28,2024-03-27,302,518.54,156599.08
ORD10832,CUS023,P005,2024-02-25,2024-03-23,380,662.36,251696.8
ORD10833,CUS017,P006,2024-02-26,2024-03-17,170,346.43,58893.1
ORD10834,CUS050,P001,2024-02-29,2024-03-29,14,763.17,10684.38
ORD10835,CUS031,P010,2024-02-28,2024-04-03,406,815.29,331007.74
ORD10836,CUS003,P011,2024-02-29,2024-04-10,366,570.82,208920.12
ORD10837,CUS024,P015,2024-03-02,2024-04-14,79,544.45,43011.55
ORD10838,CUS047,P001,2024-02-29,2024-03-25,369,113.78,41984.82
ORD10839,CUS031,P011,2024-03-02,2024-03-28,178,561.95,100027.1
ORD10840,CUS049,P015,2024-02-25,2024-04-05,215,444.28,95520.2
ORD10841,CUS005,P015,2024-02-26,2024-03-24,328,413.14,135509.92
ORD10842,CUS028,P008,2024-02-25,2024-04-09,364,137.27,49966.28
ORD10843,CUS031,P011,2024-02-26,2024-03-29,15,607.74,9116.1
ORD10844,CUS012,P005,2024-02-26,2024-03-21,340,165.86,56392.4
ORD10845,CUS018,P002,2024-03-01,2024-03-29,425,692.74,294414.5
ORD10846,CUS027,P011,2024-02-26,2024-03-22,385,218.62,84168.7
ORD10847,CUS021,P005,2024-02-25,2024-03-16,466,474.03,220897.98
ORD10848,CUS042,P013,2024-02-27,2024-03-30,147,163.76,24072.72
ORD10849,CUS049,P009,2024-03-02,2024-04-02,89,577.26,51376.14
ORD10850,CUS002,P003,2024-03-08,2024-04-08,135,692.02,93422.7
ORD10851,CUS049,P006,2024-03-03,2024-04-05,234,364.37,85262.58
ORD10852,CUS045,P015,2024-03-03,2024-03-24,352,632.07,222488.64
ORD10853,CUS028,P011,2024-03-03,2024-04-07,223,841.5,187654.5
ORD10854,CUS001,P010,2024-03-09,2024-04-10,62,279.87,17351.94
ORD10855,CUS023,P004,2024-03-07,2024-03-25,469,183.83,86216.27
ORD10856,CUS003,P006,2024-03-05,2024-03-27,163,716.99,116869.37
ORD10857,CUS006,P011,2024-03-08,2024-03-25,270,775.17,209295.9
ORD10858,CUS012,P007,2024-03-09,2024-03-27,351,769.0,269919.0
ORD10859,CUS050,P002,2024-03-03,2024-03-29,172,341.25,58695.0
ORD10860,CUS040,P005,2024-03-04,2024-03-29,28,548.19,15349.32
ORD10861,CUS012,P004,2024-03-06,2024-04-13,374,339.82,127092.68
ORD10862,CUS038,P011,2024-03-06,2024-03-31,406,163.5,66381.0
ORD10863,CUS023,P004,2024-03-04,2024-04-11,57,494.16,28167.12
ORD10864,CUS006,P014,2024-03-03,2024-03-29,321,583.37,187261.77
ORD10865,CUS040,P013,2024-03-04,2024-04-06,74,256.37,18971.38
ORD10866,CUS041,P014,2024-03-04,2024-04-05,11,337.3,3710.3
ORD10867,CUS044,P003,2024-03-07,2024-04-02,148,363.34,53774.32
ORD10868,CUS020,P011,2024-03-14,2024-04-11,497,221.46,110065.62
ORD10869,CUS014,P008,2024-03-12,2024-04-01,490,814.58,399144.2
ORD10870,CUS034,P007,2024-03-13,2024-04-12,384,55.76,21411.84
ORD10871,CUS028,P013,2024-03-16,2024-04-22,425,262.58,111596.5
ORD10872,CUS019,P004,2024-03-15,2024-04-09,206,803.62,165545.72
ORD10873,CUS009,P009,2024-03-12,2024-04-16,20,396.06,7921.2
ORD10874,CUS014,P006,2024-03-16,2024-03-31,305,736.12,224516.6
ORD10875,CUS011,P013,2024-03-16,2024-04-22,321,249.38,80050.98
ORD10876,CUS031,P014,2024-03-15,2024-03-29,137,494.69,67772.53
ORD10877,CUS039,P014,2024-03-13,2024-04-14,177,197.86,35021.22
ORD10878,CUS039,P002,2024-03-16,2024-04-29,217,295.71,64169.07
ORD10879,CUS030,P002,2024-03-23,2024-04-18,12,56.05,672.6
ORD10880,CUS038,P013,2024-03-21,2024-04-25,150,137.51,20626.5
ORD10881,CUS033,P008,2024-03-18,2024-04-18,155,635.15,98448.25
ORD10882,CUS040,P011,2024-03-20,2024-04-27,274,819.37,224507.38
ORD10883,CUS028,P008,2024-03-21,2024-04-20,243,38.53,9362.79
ORD10884,CUS045,P002,2024-03-20,2024-04-04,456,737.21,336167.76
ORD10885,CUS028,P010,2024-03-17,2024-04-05,443,240.21,106413.03
ORD10886,CUS029,P015,2024-03-17,2024-04-05,23,819.78,18854.94
ORD10887,CUS014,P013,2024-03-21,2024-04-20,417,809.9,337728.3
ORD10888,CUS046,P015,2024-03-20,2024-04-09,182,348.56,63437.92
ORD10889,CUS023,P007,2024-03-20,2024-04-23,10,563.41,5634.1
ORD10890,CUS005,P009,2024-03-22,2024-05-02,493,41.5,20459.5
ORD10891,CUS025,P008,2024-03-29,2024-04-30,143,489.45,69991.35
ORD10892,CUS047,P011,2024-03-25,2024-04-21,155,597.79,92657.45
ORD10893,CUS024,P010,2024-03-29,2024-05-09,304,451.63,137295.52
ORD10894,CUS002,P015,2024-03-26,2024-04-29,398,775.2,308529.6
ORD10895,CUS042,P006,2024-03-30,2024-05-09,219,731.92,160290.48
ORD10896,CUS037,P013,2024-03-25,2024-05-09,185,281.47,52071.95
ORD10897,CUS009,P014,2024-03-29,2024-04-28,471,171.81,80922.51
ORD10898,CUS036,P007,2024-03-24,2024-05-07,435,604.98,263166.3
ORD10899,CUS038,P003,2024-03-26,2024-05-07,73,273.05,19932.65
ORD10900,CUS009,P006,2024-03-31,2024-04-29,285,292.07,83239.95
ORD10901,CUS046,P008,2024-04-03,2024-04-28,396,335.52,132865.92
ORD10902,CUS020,P009,2024-04-06,2024-04-24,332,364.3,120947.6
ORD10903,CUS049,P004,2024-04-04,2024-05-06,303,226.71,68693.13
ORD10904,CUS048,P007,2024-04-06,2024-04-23,353,342.92,121050.76
ORD10905,CUS021,P009,2024-04-02,2024-04-30,19,619.07,11762.33
ORD10906,CUS006,P001,2024-04-06,2024-04-25,445,655.4,291653.0
ORD10907,CUS029,P009,2024-04-04,2024-05-12,317,300.11,95134.87
ORD10908,CUS040,P011,2024-04-08,2024-04-22,398,267.51,106468.98
ORD10909,CUS033,P014,2024-04-09,2024-05-02,474,741.29,351371.46
ORD10910,CUS046,P008,2024-04-10,2024-05-16,278,335.24,93196.72
ORD10911,CUS031,P001,2024-04-08,2024-05-16,177,367.34,65019.18
ORD10912,CUS004,P004,2024-04-12,2024-05-23,120,234.33,28119.6
ORD10913,CUS044,P005,2024-04-08,2024-05-08,216,444.65,96044.4
ORD10914,CUS039,P007,2024-04-12,2024-05-11,129,111.59,14395.11
ORD10915,CUS005,P011,2024-04-08,2024-05-04,123,330.9,40700.7
ORD10916,CUS044,P007,2024-04-07,2024-05-21,375,719.83,269936.25
ORD10917,CUS004,P008,2024-04-08,2024-04-29,463,393.36,182125.68
ORD10918,CUS018,P014,2024-04-09,2024-05-22,246,756.07,185993.22
ORD10919,CUS012,P011,2024-04-10,2024-05-02,208,227.13,47243.04
ORD10920,CUS026,P008,2024-04-11,2024-05-15,366,58.94,21572.04
ORD10921,CUS040,P015,2024-04-11,2024-05-26,426,434.12,184935.12
ORD10922,CUS032,P013,2024-04-13,2024-05-20,323,249.91,80720.93
ORD10923,CUS019,P011,2024-04-08,2024-05-10,439,439.51,192944.89
ORD10924,CUS022,P003,2024-04-11,2024-05-17,444,181.96,80790.24
ORD10925,CUS048,P008,2024-04-13,2024-05-13,459,706.31,324196.29
ORD10926,CUS002,P013,2024-04-13,2024-05-12,253,346.17,87581.01
ORD10927,CUS027,P009,2024-04-10,2024-05-12,22,243.74,5362.28
ORD10928,CUS002,P014,2024-04-17,2024-05-27,249,317.62,79087.38
ORD10929,CUS020,P010,2024-04-17,2024-05-23,112,270.89,30339.68
ORD10930,CUS005,P006,2024-04-20,2024-06-03,402,196.35,78932.7
ORD10931,CUS050,P004,2024-04-14,2024-05-01,413,51.66,21335.58
ORD10932,CUS046,P001,2024-04-18,2024-05-19,388,52.64,20424.32
ORD10933,CUS027,P006,2024-04-17,2024-05-23,381,442.65,168649.65
ORD10934,CUS016,P012,2024-04-16,2024-05-16,185,226.44,41891.4
ORD10935,CUS022,P011,2024-04-19,2024-05-30,197,227.95,44906.15
ORD10936,CUS012,P015,2024-04-15,2024-05-07,492,364.58,179373.36
ORD10937,CUS003,P011,2024-04-19,2024-05-03,451,815.33,367713.83
ORD10938,CUS030,P001,2024-04-27,2024-05-16,45,74.44,3349.8
ORD10939,CUS016,P014,2024-04-23,2024-05-30,432,372.67,160993.44
ORD10940,CUS006,P010,2024-04-26,2024-06-04,436,284.35,123976.6
ORD10941,CUS006,P002,2024-04-25,2024-05-15,359,756.55,271601.45
ORD10942,CUS033,P004,2024-04-26,2024-06-07,413,791.55,326910.15
ORD10943,CUS026,P007,2024-04-21,2024-05-24,383,277.79,106393.57
ORD10944,CUS029,P007,2024-04-21,2024-05-31,271,426.66,115624.86
ORD10945,CUS001,P005,2024-04-26,2024-06-08,385,506.43,194975.55
ORD10946,CUS026,P011,2024-04-26,2024-06-03,290,755.49,219092.1
ORD10947,CUS046,P010,2024-04-21,2024-05-28,374,134.86,50437.64
ORD10948,CUS026,P006,2024-04-25,2024-06-01,18,459.57,8272.26
ORD10949,CUS040,P002,2024-04-23,2024-05-17,369,216.95,80054.55
ORD10950,CUS001,P012,2024-04-29,2024-05-24,264,373.82,98688.48
ORD10951,CUS019,P014,2024-04-28,2024-06-01,152,716.5,108908.0
ORD10952,CUS044,P004,2024-05-02,2024-06-12,99,779.57,77177.43
ORD10953,CUS005,P005,2024-04-28,2024-06-03,44,203.43,8950.92
ORD10954,CUS006,P009,2024-05-01,2024-06-08,26,279.37,7263.62
ORD10955,CUS020,P008,2024-05-04,2024-06-02,119,480.2,57143.8
ORD10956,CUS006,P005,2024-05-01,2024-06-05,95,240.45,22842.75
ORD10957,CUS020,P014,2024-04-30,2024-05-22,11,180.08,1980.88
ORD10958,CUS039,P005,2024-04-30,2024-05-20,18,792.27,14260.86
ORD10959,CUS048,P014,2024-05-03,2024-05-27,479,620.66,297296.14
ORD10960,CUS033,P008,2024-05-03,2024-05-31,439,319.81,140396.59
ORD10961,CUS035,P015,2024-05-10,2024-06-19,221,280.83,62063.43
ORD10962,CUS032,P008,2024-05-07,2024-05-27,114,99.39,11330.46
ORD10963,CUS014,P015,2024-05-07,2024-05-25,268,581.31,155791.08
ORD10964,CUS001,P003,2024-05-07,2024-06-13,110,245.72,27029.2
ORD10965,CUS027,P013,2024-05-07,2024-05-26,188,198.28,37276.64
ORD10966,CUS040,P015,2024-05-09,2024-06-15,336,163.42,54909.12
ORD10967,CUS008,P008,2024-05-09,2024-06-12,185,748.38,138450.3
ORD10968,CUS040,P001,2024-05-11,2024-06-13,371,756.11,280516.81
ORD10969,CUS005,P015,2024-05-06,2024-06-13,179,322.83,57786.57
ORD10970,CUS008,P007,2024-05-15,2024-06-20,398,537.19,213801.62
ORD10971,CUS014,P009,2024-05-13,2024-06-02,310,206.78,64101.8
ORD10972,CUS035,P013,2024-05-16,2024-06-04,290,760.51,220547.9
ORD10973,CUS049,P001,2024-05-17,2024-06-03,110,817.43,89917.3
ORD10974,CUS005,P014,2024-05-14,2024-06-21,106,238.77,25309.62
ORD10975,CUS046,P010,2024-05-18,2024-06-12,169,779.65,131760.85
ORD10976,CUS007,P012,2024-05-16,2024-06-22,304,407.23,123797.92
ORD10977,CUS016,P013,2024-05-18,2024-06-04,440,509.79,224307.6
ORD10978,CUS007,P003,2024-05-12,2024-06-15,89,414.55,36894.95
ORD10979,CUS013,P005,2024-05-12,2024-05-31,161,622.08,100154.88
ORD10980,CUS006,P004,2024-05-13,2024-06-01,180,753.19,135574.2
ORD10981,CUS023,P006,2024-05-13,2024-05-30,497,76.79,38164.63
ORD10982,CUS015,P001,2024-05-13,2024-05-30,423,278.53,117818.19
ORD10983,CUS001,P008,2024-05-15,2024-06-03,353,612.57,216237.21
ORD10984,CUS004,P010,2024-05-17,2024-06-26,194,531.48,103107.12
ORD10985,CUS020,P011,2024-05-18,2024-06-21,173,401.71,69495.83
ORD10986,CUS046,P007,2024-05-20,2024-06-22,176,840.06,147850.56
ORD10987,CUS020,P002,2024-05-25,2024-06-19,315,512.59,161465.85
ORD10988,CUS010,P007,2024-05-23,2024-06-23,184,150.98,27780.32
ORD10989,CUS027,P005,2024-05-24,2024-06-12,488,534.95,261055.6
ORD10990,CUS047,P013,2024-05-19,2024-06-03,224,826.65,185169.6
ORD10991,CUS045,P012,2024-05-22,2024-06-29,363,533.08,193508.04
ORD10992,CUS002,P001,2024-05-25,2024-06-16,91,572.93,52136.63
ORD10993,CUS009,P013,2024-05-24,2024-06-14,217,466.83,101302.11
ORD10994,CUS027,P014,2024-05-23,2024-06-14,87,591.79,51485.73
ORD10995,CUS041,P013,2024-05-22,2024-06-27,485,551.38,267419.3
ORD10996,CUS011,P011,2024-05-25,2024-07-02,437,535.08,233829.96
ORD10997,CUS050,P007,2024-05-20,2024-06-04,280,184.68,51710.4
ORD10998,CUS018,P008,2024-05-23,2024-06-11,391,28.2,11026.2
ORD10999,CUS023,P010,2024-05-20,2024-06-11,348,684.71,238279.08
ORD11000,CUS041,P015,2024-05-24,2024-06-29,262,131.84,34542.08
ORD11001,CUS009,P009,2024-05-24,2024-07-06,35,605.35,21187.25
ORD11002,CUS011,P003,2024-05-19,2024-06-04,340,570.33,193912.2
ORD11003,CUS018,P009,2024-05-21,2024-07-05,386,131.27,50670.22
ORD11004,CUS013,P009,2024-05-22,2024-06-12,84,528.3,44377.2
ORD11005,CUS019,P006,2024-05-27,2024-06-12,179,583.44,104435.76
ORD11006,CUS033,P015,2024-06-01,2024-06-16,371,792.04,293846.84
ORD11007,CUS041,P009,2024-05-29,2024-06-13,422,338.59,142884.98
ORD11008,CUS019,P009,2024-05-26,2024-06-20,415,796.62,330597.3
ORD11009,CUS012,P005,2024-05-26,2024-07-05,410,320.86,131552.6
ORD11010,CUS020,P015,2024-05-29,2024-06-28,240,812.56,195014.4
ORD11011,CUS026,P012,2024-05-30,2024-07-04,31,617.36,19138.16
ORD11012,CUS002,P005,2024-06-01,2024-06-20,334,439.71,146863.14
ORD11013,CUS047,P010,2024-05-30,2024-07-04,233,348.52,81205.16
ORD11014,CUS017,P004,2024-06-02,2024-06-22,471,345.87,162904.77
ORD11015,CUS041,P014,2024-06-04,2024-07-15,422,135.99,57387.78
ORD11016,CUS033,P009,2024-06-05,2024-07-17,382,751.06,286904.92
ORD11017,CUS023,P007,2024-06-07,2024-07-06,47,194.95,9162.65
ORD11018,CUS043,P001,2024-06-05,2024-06-27,463,790.17,365848.71
ORD11019,CUS038,P001,2024-06-02,2024-06-22,419,624.71,261753.49
ORD11020,CUS013,P009,2024-06-05,2024-06-19,482,255.54,123170.28
ORD11021,CUS038,P005,2024-06-07,2024-07-19,472,752.82,355331.04
ORD11022,CUS049,P010,2024-06-06,2024-06-20,119,444.88,52940.72
ORD11023,CUS014,P006,2024-06-02,2024-07-02,448,845.69,378869.12
ORD11024,CUS038,P013,2024-06-08,2024-07-12,383,227.86,87270.38
ORD11025,CUS011,P012,2024-06-06,2024-07-08,167,85.57,14290.19
ORD11026,CUS046,P013,2024-06-02,2024-07-02,245,692.33,169620.85
ORD11027,CUS047,P001,2024-06-04,2024-07-02,167,388.41,64864.47
ORD11028,CUS036,P004,2024-06-06,2024-07-12,461,101.7,46883.7
ORD11029,CUS048,P007,2024-06-05,2024-07-02,337,71.44,24075.28
ORD11030,CUS037,P006,2024-06-07,2024-07-05,74,567.44,41990.56
ORD11031,CUS026,P008,2024-06-02,2024-07-02,452,446.19,201677.88
ORD11032,CUS034,P007,2024-06-08,2024-07-18,437,684.73,299227.01
ORD11033,CUS045,P011,2024-06-10,2024-07-04,198,663.8,131432.4
ORD11034,CUS043,P009,2024-06-14,2024-07-09,456,755.87,344676.72
ORD11035,CUS034,P015,2024-06-10,2024-06-24,399,655.25,261444.75
ORD11036,CUS034,P004,2024-06-10,2024-07-09,201,197.98,39793.98
ORD11037,CUS028,P015,2024-06-13,2024-07-18,228,466.52,106366.56
ORD11038,CUS020,P011,2024-06-15,2024-07-26,258,772.98,199428.84
ORD11039,CUS041,P008,2024-06-13,2024-06-28,322,808.0,260176.0
ORD11040,CUS018,P006,2024-06-15,2024-07-13,255,828.19,211188.45
ORD11041,CUS047,P005,2024-06-13,2024-07-17,435,499.24,217169.4
ORD11042,CUS022,P003,2024-06-09,2024-07-07,192,549.85,105571.2
ORD11043,CUS006,P008,2024-06-11,2024-07-17,360,674.52,242827.2
ORD11044,CUS022,P010,2024-06-14,2024-07-08,482,439.93,212046.26
ORD11045,CUS040,P008,2024-06-11,2024-07-24,151,96.76,14610.76
ORD11046,CUS044,P002,2024-06-14,2024-07-16,279,343.26,95769.54
ORD11047,CUS011,P007,2024-06-19,2024-07-23,399,124.25,49575.75
ORD11048,CUS048,P011,2024-06-16,2024-07-31,227,237.17,53837.59
ORD11049,CUS015,P005,2024-06-20,2024-07-30,192,674.38,129480.96
ORD11050,CUS005,P013,2024-06-18,2024-07-29,169,756.54,127855.26
ORD11051,CUS040,P007,2024-06-19,2024-07-30,131,796.68,104365.08
ORD11052,CUS001,P015,2024-06-22,2024-07-09,299,813.22,243152.78
ORD11053,CUS023,P012,2024-06-20,2024-07-15,41,713.93,29271.13
ORD11054,CUS026,P013,2024-06-17,2024-07-03,53,650.85,34495.05
ORD11055,CUS021,P010,2024-06-19,2024-07-12,98,785.62,76990.76
ORD11056,CUS010,P003,2024-06-20,2024-07-21,398,471.7,187736.6
ORD11057,CUS048,P004,2024-06-18,2024-07-12,255,339.8,86649.0
ORD11058,CUS036,P001,2024-06-20,2024-07-20,233,565.3,131714.9
ORD11059,CUS004,P002,2024-06-22,2024-07-08,150,31.69,4753.5
ORD11060,CUS014,P004,2024-06-18,2024-07-02,46,716.77,32971.42
ORD11061,CUS022,P014,2024-06-17,2024-07-29,392,224.66,88066.72
ORD11062,CUS034,P007,2024-06-19,2024-08-03,63,791.05,49836.15
ORD11063,CUS021,P005,2024-06-18,2024-07-28,460,38.01,17484.6
ORD11064,CUS016,P010,2024-06-17,2024-07-26,30,532.42,15972.6
ORD11065,CUS028,P008,2024-06-22,2024-07-23,486,641.88,311953.68
ORD11066,CUS026,P011,2024-06-21,2024-07-13,263,137.23,36091.49
ORD11067,CUS041,P006,2024-06-21,2024-07-18,212,788.27,167113.24
ORD11068,CUS020,P010,2024-06-20,2024-07-08,64,519.42,33242.88
ORD11069,CUS046,P009,2024-06-29,2024-08-04,219,391.67,85775.73
ORD11070,CUS041,P015,2024-06-28,2024-07-21,421,438.58,184642.18
ORD11071,CUS048,P001,2024-06-24,2024-07-13,460,752.02,345929.2
ORD11072,CUS023,P006,2024-06-28,2024-07-25,295,227.87,67221.65
ORD11073,CUS002,P011,2024-06-26,2024-08-08,184,746.67,137387.28
ORD11074,CUS036,P003,2024-06-23,2024-07-17,207,175.47,36322.29
ORD11075,CUS017,P004,2024-06-27,2024-08-03,213,419.1,89268.3
ORD11076,CUS033,P005,2024-06-25,2024-08-03,11,392.79,4320.69
ORD11077,CUS040,P013,2024-06-29,2024-07-14,435,421.41,183313.35
ORD11078,CUS022,P002,2024-06-28,2024-07-18,320,441.52,141286.4
ORD11079,CUS031,P006,2024-07-02,2024-07-20,88,497.38,43769.44
ORD11080,CUS045,P005,2024-07-02,2024-07-22,416,278.13,115702.08
ORD11081,CUS050,P003,2024-07-02,2024-07-29,354,107.76,38147.04
ORD11082,CUS018,P010,2024-07-04,2024-07-29,276,651.45,179800.2
ORD11083,CUS049,P004,2024-07-04,2024-08-08,349,495.55,172946.95
ORD11084,CUS018,P008,2024-07-03,2024-08-13,189,337.87,63857.43
ORD11085,CUS021,P010,2024-06-30,2024-08-13,19,323.36,6143.84
ORD11086,CUS020,P012,2024-07-04,2024-08-03,342,679.88,232518.96
ORD11087,CUS014,P011,2024-07-06,2024-08-08,123,836.79,102925.17
ORD11088,CUS028,P009,2024-07-03,2024-08-17,62,302.44,18751.28
ORD11089,CUS027,P013,2024-07-04,2024-07-29,496,141.21,70040.16
ORD11090,CUS001,P014,2024-07-04,2024-08-04,403,530.31,213714.93
ORD11091,CUS004,P008,2024-07-03,2024-08-01,162,738.73,119674.26
ORD11092,CUS023,P004,2024-07-02,2024-08-14,248,128.12,31773.76
ORD11093,CUS004,P011,2024-06-30,2024-07-21,73,808.54,59023.42
ORD11094,CUS017,P008,2024-07-10,2024-08-07,402,262.38,105476.76
ORD11095,CUS017,P004,2024-07-12,2024-07-30,429,762.91,327288.39
ORD11096,CUS017,P012,2024-07-11,2024-08-24,78,167.68,13079.04
ORD11097,CUS024,P008,2024-07-11,2024-08-15,215,235.01,50527.15
ORD11098,CUS015,P006,2024-07-09,2024-08-23,168,103.57,17399.76
ORD11099,CUS035,P006,2024-07-12,2024-08-18,249,201.55,50185.95
ORD11100,CUS043,P006,2024-07-08,2024-08-06,450,144.27,64921.5
ORD11101,CUS024,P006,2024-07-09,2024-07-24,437,664.58,290421.46
ORD11102,CUS048,P010,2024-07-13,2024-08-18,258,641.14,165414.12
ORD11103,CUS020,P014,2024-07-10,2024-08-16,485,438.81,212822.85
ORD11104,CUS042,P007,2024-07-10,2024-07-26,89,674.62,60041.18
ORD11105,CUS034,P013,2024-07-09,2024-07-30,407,184.57,75119.99
ORD11106,CUS011,P004,2024-07-08,2024-08-10,237,26.55,6292.35
ORD11107,CUS002,P008,2024-07-07,2024-08-06,215,690.66,148491.9
ORD11108,CUS029,P011,2024-07-12,2024-08-01,140,626.86,87760.4
ORD11109,CUS032,P011,2024-07-11,2024-08-25,378,692.72,261848.16
ORD11110,CUS045,P004,2024-07-09,2024-07-30,294,313.17,92071.98
ORD11111,CUS021,P010,2024-07-09,2024-07-25,275,613.12,168608.0
ORD11112,CUS019,P006,2024-07-19,2024-08-27,28,126.2,3533.6
ORD11113,CUS002,P004,2024-07-18,2024-08-25,61,40.92,2496.12
ORD11114,CUS030,P006,2024-07-18,2024-08-02,347,723.27,250974.69
ORD11115,CUS049,P002,2024-07-17,2024-08-02,491,341.15,167504.65
ORD11116,CUS037,P013,2024-07-19,2024-08-19,304,52.59,15987.36
ORD11117,CUS035,P007,2024-07-19,2024-08-13,493,461.43,227484.99
ORD11118,CUS021,P011,2024-07-14,2024-08-22,472,605.5,285796.0
ORD11119,CUS008,P012,2024-07-20,2024-08-26,306,693.6,212241.6
ORD11120,CUS016,P011,2024-07-18,2024-08-28,237,356.49,84488.13
ORD11121,CUS016,P006,2024-07-15,2024-08-25,259,849.88,220118.92
ORD11122,CUS024,P015,2024-07-19,2024-08-24,370,459.93,170174.1
ORD11123,CUS027,P001,2024-07-17,2024-08-03,242,130.67,31622.14
ORD11124,CUS035,P009,2024-07-15,2024-08-15,408,95.43,38935.44
ORD11125,CUS014,P004,2024-07-20,2024-08-25,429,112.84,48408.36
ORD11126,CUS013,P010,2024-07-14,2024-08-01,149,181.39,27027.11
ORD11127,CUS030,P015,2024-07-27,2024-08-29,94,431.31,40543.14
ORD11128,CUS020,P010,2024-07-22,2024-09-01,217,727.13,157787.21
ORD11129,CUS015,P006,2024-07-24,2024-09-02,236,659.12,155552.32
ORD11130,CUS005,P012,2024-07-23,2024-08-07,110,605.46,66600.6
ORD11131,CUS043,P001,2024-07-26,2024-08-12,478,401.43,191883.54
ORD11132,CUS047,P004,2024-07-27,2024-09-02,406,543.83,220794.98
ORD11133,CUS024,P009,2024-07-27,2024-08-19,209,705.1,147365.9
ORD11134,CUS033,P003,2024-07-27,2024-08-31,102,807.58,82373.16
ORD11135,CUS043,P007,2024-07-22,2024-09-04,424,512.82,217435.68
ORD11136,CUS017,P012,2024-07-27,2024-08-14,82,756.24,62011.68
ORD11137,CUS049,P009,2024-07-24,2024-09-03,490,506.2,248038.0
ORD11138,CUS006,P013,2024-07-22,2024-08-13,499,186.8,93213.2
ORD11139,CUS011,P002,2024-07-23,2024-08-16,175,740.06,129510.5
ORD11140,CUS025,P002,2024-07-21,2024-09-04,414,554.58,229596.12
ORD11141,CUS037,P013,2024-07-22,2024-08-26,424,535.42,227018.08
ORD11142,CUS020,P007,2024-07-27,2024-08-30,241,820.1,197644.1
ORD11143,CUS041,P011,2024-07-23,2024-08-30,478,332.15,158767.7
ORD11144,CUS012,P006,2024-08-02,2024-09-05,153,261.29,39977.37
ORD11145,CUS005,P002,2024-08-01,2024-08-21,418,662.28,276833.04
ORD11146,CUS035,P011,2024-08-03,2024-09-07,53,201.41,10674.73
ORD11147,CUS029,P004,2024-08-01,2024-08-16,361,303.96,109729.56
ORD11148,CUS004,P004,2024-08-01,2024-08-21,363,514.32,186698.16
ORD11149,CUS029,P014,2024-08-02,2024-09-12,272,273.25,74324.0
ORD11150,CUS007,P009,2024-08-03,2024-09-03,451,434.74,196067.74
ORD11151,CUS006,P005,2024-07-31,2024-08-22,94,48.02,4513.88
ORD11152,CUS005,P005,2024-08-02,2024-08-31,111,225.42,25021.62
ORD11153,CUS018,P001,2024-07-28,2024-08-18,104,390.41,40602.64
ORD11154,CUS035,P004,2024-07-31,2024-08-14,110,26.34,2897.4
ORD11155,CUS050,P007,2024-08-06,2024-09-18,474,423.4,200691.6
ORD11156,CUS047,P010,2024-08-04,2024-09-13,348,573.64,199626.72
ORD11157,CUS028,P002,2024-08-08,2024-09-06,407,408.65,166320.55
ORD11158,CUS010,P012,2024-08-08,2024-09-14,11,423.63,4659.93
ORD11159,CUS042,P008,2024-08-09,2024-08-27,335,368.23,123357.05
ORD11160,CUS007,P008,2024-08-05,2024-08-21,154,475.12,73168.48
ORD11161,CUS034,P007,2024-08-08,2024-08-25,346,272.34,94229.64
ORD11162,CUS033,P007,2024-08-10,2024-09-07,32,211.61,6771.52
ORD11163,CUS043,P003,2024-08-07,2024-09-09,345,296.02,102126.9
ORD11164,CUS026,P005,2024-08-08,2024-09-18,249,271.27,67546.23
ORD11165,CUS038,P010,2024-08-04,2024-09-12,28,291.39,8158.92
ORD11166,CUS044,P013,2024-08-05,2024-08-20,208,672.32,139842.56
ORD11167,CUS017,P013,2024-08-10,2024-08-26,299,618.44,184913.56
ORD11168,CUS049,P008,2024-08-09,2024-08-23,127,271.15,34436.05
ORD11169,CUS022,P014,2024-08-09,2024-08-30,371,818.1,303515.1
ORD11170,CUS044,P001,2024-08-11,2024-08-29,387,737.29,285331.23
ORD11171,CUS036,P010,2024-08-11,2024-09-06,213,844.61,179901.93
ORD11172,CUS010,P010,2024-08-14,2024-09-26,498,33.89,16877.22
ORD11173,CUS018,P003,2024-08-11,2024-09-15,482,228.45,110112.9
ORD11174,CUS039,P004,2024-08-16,2024-09-24,383,139.3,53351.9
ORD11175,CUS022,P003,2024-08-14,2024-08-28,81,168.74,13667.94
ORD11176,CUS028,P010,2024-08-16,2024-08-31,291,608.97,177210.27
ORD11177,CUS030,P006,2024-08-17,2024-09-17,273,33.63,9180.99
ORD11178,CUS039,P004,2024-08-12,2024-09-18,289,215.4,62250.6
ORD11179,CUS033,P014,2024-08-13,2024-09-08,359,717.34,257525.06
ORD11180,CUS041,P002,2024-08-11,2024-09-20,195,395.12,77048.4
ORD11181,CUS021,P014,2024-08-11,2024-09-24,169,303.91,51360.79
ORD11182,CUS017,P007,2024-08-15,2024-09-11,405,594.47,240760.35
ORD11183,CUS023,P002,2024-08-11,2024-09-04,386,92.23,35600.78
ORD11184,CUS004,P015,2024-08-17,2024-09-05,87,776.48,67553.76
ORD11185,CUS013,P002,2024-08-22,2024-09-26,198,448.41,88785.18
ORD11186,CUS041,P010,2024-08-23,2024-10-06,299,502.01,150100.99
ORD11187,CUS015,P006,2024-08-24,2024-10-06,61,431.55,26324.55
ORD11188,CUS032,P002,2024-08-24,2024-10-08,368,47.13,17343.84
ORD11189,CUS003,P006,2024-08-21,2024-10-02,474,72.01,34132.74
ORD11190,CUS037,P005,2024-08-18,2024-09-09,139,775.81,107837.59
ORD11191,CUS045,P007,2024-08-18,2024-09-22,57,819.62,46718.34
ORD11192,CUS017,P009,2024-08-24,2024-09-21,399,548.54,218867.46
ORD11193,CUS036,P010,2024-08-20,2024-09-16,132,394.78,52110.96
ORD11194,CUS036,P005,2024-08-18,2024-09-30,401,712.0,285512.0
ORD11195,CUS030,P008,2024-08-24,2024-10-04,449,75.03,33688.47
ORD11196,CUS018,P004,2024-08-27,2024-09-30,492,812.19,399597.48
ORD11197,CUS046,P015,2024-08-29,2024-10-11,356,548.89,195404.84
ORD11198,CUS015,P014,2024-08-25,2024-10-08,399,219.98,87772.02
ORD11199,CUS015,P004,2024-08-26,2024-09-25,307,677.78,208078.46
ORD11200,CUS048,P014,2024-08-30,2024-10-11,180,777.74,139993.2
ORD11201,CUS032,P015,2024-08-27,2024-10-01,69,668.07,46096.83
ORD11202,CUS020,P009,2024-08-27,2024-09-12,310,275.36,85361.6
ORD11203,CUS029,P012,2024-08-31,2024-09-27,441,121.58,53616.78
ORD11204,CUS006,P006,2024-08-28,2024-09-12,448,306.25,137200.0
ORD11205,CUS019,P003,2024-08-28,2024-09-14,242,515.34,124712.28
ORD11206,CUS038,P015,2024-08-27,2024-09-29,421,418.79,176310.59
ORD11207,CUS008,P002,2024-08-25,2024-09-11,257,811.52,208560.64
ORD11208,CUS037,P008,2024-08-28,2024-09-30,461,395.9,182509.9
ORD11209,CUS019,P011,2024-08-30,2024-10-05,224,306.67,68694.08
ORD11210,CUS033,P010,2024-09-07,2024-10-20,87,162.3,14120.1
ORD11211,CUS044,P010,2024-09-02,2024-10-04,269,303.73,81703.37
ORD11212,CUS044,P001,2024-09-07,2024-10-04,306,33.59,10278.54
ORD11213,CUS033,P005,2024-09-06,2024-10-14,280,733.07,205259.6
ORD11214,CUS048,P007,2024-09-01,2024-10-12,204,621.94,126875.76
ORD11215,CUS047,P010,2024-09-02,2024-10-12,44,205.25,9031.0
ORD11216,CUS009,P015,2024-09-04,2024-10-18,27,540.46,14592.42
ORD11217,CUS029,P015,2024-09-04,2024-10-17,234,516.82,120935.88
ORD11218,CUS030,P001,2024-09-07,2024-10-04,301,491.13,147830.13
ORD11219,CUS027,P003,2024-09-04,2024-10-02,264,411.46,108625.44
ORD11220,CUS048,P013,2024-09-14,2024-10-26,45,577.82,26001.9
ORD11221,CUS006,P001,2024-09-11,2024-10-10,193,126.64,24441.52
ORD11222,CUS036,P010,2024-09-11,2024-10-06,105,570.07,59857.35
ORD11223,CUS003,P007,2024-09-12,2024-10-06,157,191.42,30052.94
ORD11224,CUS015,P004,2024-09-13,2024-10-12,36,674.93,24297.48
ORD11225,CUS014,P010,2024-09-12,2024-10-10,139,255.94,35575.66
ORD11226,CUS002,P013,2024-09-11,2024-09-26,437,724.74,316711.38
ORD11227,CUS025,P010,2024-09-10,2024-10-08,358,781.63,279823.54
ORD11228,CUS026,P010,2024-09-10,2024-10-02,107,306.34,32778.38
ORD11229,CUS035,P015,2024-09-11,2024-10-15,408,140.97,57515.76
ORD11230,CUS006,P003,2024-09-19,2024-10-24,134,422.98,56679.32
ORD11231,CUS004,P001,2024-09-21,2024-10-29,451,800.67,361102.17
ORD11232,CUS017,P009,2024-09-21,2024-10-26,157,463.66,72794.62
ORD11233,CUS050,P006,2024-09-16,2024-10-06,69,818.52,56477.88
ORD11234,CUS041,P013,2024-09-21,2024-10-05,141,162.54,22918.14
ORD11235,CUS023,P005,2024-09-16,2024-09-30,175,229.25,40118.75
ORD11236,CUS029,P007,2024-09-21,2024-10-24,77,326.26,25122.02
ORD11237,CUS002,P008,2024-09-19,2024-10-30,291,462.28,134523.48
ORD11238,CUS029,P009,2024-09-18,2024-10-03,357,173.85,62064.45
ORD11239,CUS015,P012,2024-09-19,2024-10-11,96,125.93,12089.28
ORD11240,CUS005,P015,2024-09-18,2024-10-04,471,766.95,361233.45
ORD11241,CUS040,P012,2024-09-17,2024-10-26,222,786.07,174507.54
ORD11242,CUS050,P010,2024-09-27,2024-10-19,286,694.17,198532.62
ORD11243,CUS037,P009,2024-09-28,2024-11-11,91,783.74,71320.34
ORD11244,CUS034,P008,2024-09-23,2024-10-11,138,686.19,94694.22
ORD11245,CUS020,P010,2024-09-24,2024-11-03,98,500.43,49042.14
ORD11246,CUS008,P008,2024-09-27,2024-11-05,168,272.84,45837.12
ORD11247,CUS028,P001,2024-09-23,2024-10-19,399,175.77,70132.23
ORD11248,CUS036,P009,2024-09-22,2024-11-05,12,40.99,491.88
ORD11249,CUS006,P012,2024-09-22,2024-10-17,279,427.33,119225.07
ORD11250,CUS022,P011,2024-09-22,2024-10-15,490,42.49,20820.1
ORD11251,CUS044,P003,2024-09-27,2024-10-11,52,621.61,32323.72
ORD11252,CUS032,P006,2024-09-24,2024-10-31,494,249.06,123035.64
ORD11253,CUS026,P005,2024-09-26,2024-11-10,327,138.43,45266.61
ORD11254,CUS045,P002,2024-09-22,2024-10-23,217,367.42,79730.14
ORD11255,CUS030,P006,2024-09-27,2024-10-12,409,105.58,43182.22
ORD11256,CUS011,P007,2024-09-27,2024-11-08,139,252.51,35098.89
ORD11257,CUS004,P004,2024-09-28,2024-11-06,38,422.06,16038.28
ORD11258,CUS050,P006,2024-09-24,2024-10-20,113,36.05,4073.65
ORD11259,CUS033,P008,2024-09-30,2024-10-29,362,483.2,174918.4
ORD11260,CUS026,P009,2024-10-04,2024-10-18,228,65.4,14911.2
ORD11261,CUS006,P014,2024-10-01,2024-11-05,238,831.7,197944.6
ORD11262,CUS010,P004,2024-09-30,2024-11-08,258,87.27,22515.66
ORD11263,CUS048,P011,2024-10-03,2024-11-07,266,605.55,161076.3
ORD11264,CUS040,P011,2024-10-02,2024-10-16,58,326.11,18914.38
ORD11265,CUS047,P002,2024-10-03,2024-11-13,264,527.68,139307.52
ORD11266,CUS031,P011,2024-09-30,2024-10-15,326,131.53,42878.78
ORD11267,CUS005,P010,2024-09-30,2024-10-16,71,724.92,51469.32
ORD11268,CUS010,P009,2024-10-04,2024-11-09,74,221.58,16396.92
ORD11269,CUS046,P003,2024-10-03,2024-11-14,440,28.09,12359.6
ORD11270,CUS018,P010,2024-10-04,2024-10-30,396,418.21,165611.16
ORD11271,CUS022,P009,2024-09-30,2024-10-20,185,466.81,86359.85
ORD11272,CUS024,P015,2024-10-08,2024-10-29,49,379.22,18581.78
ORD11273,CUS014,P013,2024-10-10,2024-11-21,52,258.0,13416.0
ORD11274,CUS011,P001,2024-10-12,2024-11-24,181,710.15,128537.15
ORD11275,CUS030,P005,2024-10-11,2024-11-01,415,819.62,340142.3
ORD11276,CUS012,P005,2024-10-10,2024-11-22,433,221.53,95922.49
ORD11277,CUS027,P003,2024-10-09,2024-10-31,187,521.06,97438.22
ORD11278,CUS034,P015,2024-10-10,2024-11-08,364,82.82,30146.48
ORD11279,CUS020,P011,2024-10-10,2024-11-23,382,395.86,151218.52
ORD11280,CUS049,P015,2024-10-11,2024-11-21,372,676.26,251568.72
ORD11281,CUS031,P003,2024-10-12,2024-11-11,162,182.8,29613.6
ORD11282,CUS020,P004,2024-10-11,2024-11-15,450,276.05,124222.5
ORD11283,CUS030,P009,2024-10-09,2024-11-02,319,828.95,264435.05
ORD11284,CUS025,P006,2024-10-09,2024-10-30,182,770.8,140285.6
ORD11285,CUS049,P012,2024-10-12,2024-11-14,124,762.82,94589.68
ORD11286,CUS044,P011,2024-10-06,2024-10-30,324,780.53,252891.72
ORD11287,CUS004,P013,2024-10-12,2024-11-09,148,790.68,117020.64
ORD11288,CUS042,P001,2024-10-11,2024-11-12,74,266.73,19738.02
ORD11289,CUS038,P014,2024-10-09,2024-10-26,330,50.22,16572.6
ORD11290,CUS037,P005,2024-10-13,2024-10-31,224,601.68,134776.32
ORD11291,CUS031,P004,2024-10-16,2024-11-25,75,262.59,19694.25
ORD11292,CUS011,P007,2024-10-16,2024-11-07,74,326.92,24192.08
ORD11293,CUS039,P003,2024-10-13,2024-11-10,221,670.06,148083.26
ORD11294,CUS015,P001,2024-10-17,2024-11-05,377,814.91,307221.07
ORD11295,CUS041,P001,2024-10-13,2024-11-17,85,410.08,34856.8
ORD11296,CUS007,P012,2024-10-13,2024-11-25,104,701.16,72920.64
ORD11297,CUS026,P005,2024-10-13,2024-11-12,261,817.0,213237.0
ORD11298,CUS027,P010,2024-10-26,2024-11-09,459,34.51,15840.09
ORD11299,CUS005,P009,2024-10-22,2024-11-13,480,528.56,253708.8
ORD11300,CUS015,P004,2024-10-22,2024-11-22,239,685.93,163937.27
ORD11301,CUS011,P003,2024-10-24,2024-11-22,437,680.0,297160.0
ORD11302,CUS049,P011,2024-10-26,2024-11-29,325,369.24,120003.0
ORD11303,CUS027,P015,2024-10-25,2024-12-08,413,418.25,172737.25
ORD11304,CUS006,P006,2024-10-21,2024-11-05,414,164.27,68007.78
ORD11305,CUS028,P013,2024-10-21,2024-11-23,248,626.09,155270.32
ORD11306,CUS016,P007,2024-10-22,2024-11-05,31,618.75,19181.25
ORD11307,CUS010,P010,2024-10-24,2024-11-08,304,56.3,17115.2
ORD11308,CUS041,P001,2024-10-23,2024-11-25,441,398.96,175941.36
ORD11309,CUS005,P014,2024-10-26,2024-11-28,164,145.16,23806.24
ORD11310,CUS033,P008,2024-10-21,2024-11-24,172,239.34,41166.48
ORD11311,CUS046,P015,2024-10-29,2024-11-23,338,230.08,77767.04
ORD11312,CUS026,P010,2024-10-30,2024-11-22,380,606.9,230622.0
ORD11313,CUS004,P012,2024-10-30,2024-12-11,496,325.04,161219.84
ORD11314,CUS018,P010,2024-10-28,2024-11-23,166,813.67,135069.22
ORD11315,CUS044,P010,2024-10-30,2024-11-14,151,288.56,43572.56
ORD11316,CUS014,P012,2024-11-02,2024-11-27,415,842.86,349786.9
ORD11317,CUS023,P003,2024-10-31,2024-12-14,295,597.48,176256.6
ORD11318,CUS022,P008,2024-10-28,2024-11-26,433,683.47,295942.51
ORD11319,CUS007,P015,2024-11-04,2024-12-03,20,795.76,15915.2
ORD11320,CUS015,P005,2024-11-05,2024-12-04,332,765.97,254302.04
ORD11321,CUS044,P004,2024-11-03,2024-11-28,127,374.06,47505.62
ORD11322,CUS007,P014,2024-11-04,2024-11-27,160,650.48,104076.8
ORD11323,CUS017,P001,2024-11-08,2024-12-15,107,614.53,65754.71
ORD11324,CUS030,P003,2024-11-03,2024-12-02,127,311.14,39514.78
ORD11325,CUS021,P015,2024-11-03,2024-12-12,34,128.55,4370.7
ORD11326,CUS009,P006,2024-11-03,2024-11-18,259,609.68,157907.12
ORD11327,CUS024,P006,2024-11-05,2024-12-20,37,688.28,25466.36
ORD11328,CUS018,P011,2024-11-08,2024-11-25,149,150.31,22396.19
ORD11329,CUS042,P014,2024-11-08,2024-12-11,494,306.23,151277.62
ORD11330,CUS020,P002,2024-11-03,2024-11-27,200,695.74,139148.0
ORD11331,CUS006,P003,2024-11-05,2024-12-03,271,685.65,185811.15
ORD11332,CUS003,P008,2024-11-09,2024-11-27,310,100.18,31055.8
ORD11333,CUS016,P014,2024-11-08,2024-12-14,472,42.59,20102.48
ORD11334,CUS046,P012,2024-11-04,2024-12-07,322,817.82,263338.04
ORD11335,CUS049,P002,2024-11-14,2024-12-28,66,299.87,19791.42
ORD11336,CUS032,P014,2024-11-16,2024-12-20,193,434.35,83829.55
ORD11337,CUS008,P015,2024-11-13,2024-12-24,418,215.26,89978.68
ORD11338,CUS033,P011,2024-11-15,2024-12-07,152,362.9,55160.8
ORD11339,CUS002,P014,2024-11-16,2024-12-27,71,639.61,45412.31
ORD11340,CUS009,P014,2024-11-16,2024-12-04,353,577.43,203832.79
ORD11341,CUS035,P011,2024-11-12,2024-12-23,131,285.65,37420.15
ORD11342,CUS001,P014,2024-11-16,2024-11-30,244,384.55,93830.2
ORD11343,CUS005,P006,2024-11-10,2024-12-12,88,70.16,6174.08
ORD11344,CUS039,P009,2024-11-15,2024-12-23,266,692.16,184114.56
ORD11345,CUS043,P011,2024-11-13,2024-12-25,245,748.74,183441.3
ORD11346,CUS020,P004,2024-11-15,2024-12-12,364,820.59,298694.76
ORD11347,CUS002,P015,2024-11-14,2024-11-30,391,656.51,256695.41
ORD11348,CUS003,P002,2024-11-10,2024-11-29,479,259.74,124415.46
ORD11349,CUS049,P007,2024-11-15,2024-12-05,444,66.3,29437.2
ORD11350,CUS014,P010,2024-11-11,2024-12-26,435,448.59,195136.65
ORD11351,CUS033,P009,2024-11-10,2024-12-07,29,256.86,7448.94
ORD11352,CUS026,P011,2024-11-10,2024-12-18,490,225.54,110514.6
ORD11353,CUS034,P002,2024-11-13,2024-12-27,372,466.92,173694.24
ORD11354,CUS023,P002,2024-11-14,2024-12-20,487,371.88,181105.56
ORD11355,CUS039,P001,2024-11-12,2024-11-28,348,512.75,178437.0
ORD11356,CUS022,P007,2024-11-16,2024-12-10,204,419.87,85653.48
ORD11357,CUS003,P001,2024-11-20,2024-12-13,375,427.83,160436.25
ORD11358,CUS001,P012,2024-11-22,2024-12-13,354,576.73,204162.42
ORD11359,CUS019,P008,2024-11-18,2024-12-14,244,198.89,48529.16
ORD11360,CUS027,P005,2024-11-17,2024-12-30,274,209.2,57320.8
ORD11361,CUS047,P012,2024-11-23,2024-12-08,283,208.1,58892.3
ORD11362,CUS050,P007,2024-11-21,2025-01-02,497,754.55,375011.35
ORD11363,CUS049,P010,2024-11-21,2024-12-28,62,554.27,34364.74
ORD11364,CUS023,P005,2024-11-21,2024-12-18,220,405.7,89254.0
ORD11365,CUS006,P005,2024-11-20,2025-01-03,144,490.55,70639.2
ORD11366,CUS028,P007,2024-11-21,2024-12-31,240,332.37,79768.8
ORD11367,CUS036,P006,2024-11-23,2025-01-07,467,108.31,50580.77
ORD11368,CUS028,P005,2024-11-19,2024-12-30,33,314.65,10383.45
ORD11369,CUS039,P013,2024-11-19,2024-12-28,116,847.45,98304.2
ORD11370,CUS016,P015,2024-11-23,2024-12-12,267,65.27,17427.09
ORD11371,CUS041,P011,2024-11-20,2024-12-17,311,793.9,246902.9
ORD11372,CUS002,P012,2024-11-17,2024-12-09,188,461.64,86788.32
ORD11373,CUS028,P006,2024-11-30,2024-12-27,132,660.69,87211.08
ORD11374,CUS046,P008,2024-11-27,2024-12-26,19,583.53,11087.07
ORD11375,CUS007,P007,2024-11-27,2025-01-10,65,513.32,33365.8
ORD11376,CUS011,P014,2024-11-27,2024-12-17,200,258.62,51724.0
ORD11377,CUS031,P011,2024-11-25,2024-12-09,446,110.38,49229.48
ORD11378,CUS017,P011,2024-11-24,2024-12-16,498,334.33,166496.34
ORD11379,CUS019,P006,2024-11-26,2024-12-11,346,72.69,25150.74
ORD11380,CUS022,P005,2024-11-28,2024-12-14,269,844.66,227213.54
ORD11381,CUS047,P001,2024-11-29,2024-12-26,300,723.47,217041.0
ORD11382,CUS026,P011,2024-11-27,2024-12-26,276,445.75,123027.0
ORD11383,CUS009,P005,2024-11-27,2024-12-17,210,202.01,42422.1
ORD11384,CUS013,P013,2024-11-30,2025-01-01,137,459.08,62893.96
ORD11385,CUS050,P011,2024-11-24,2024-12-09,25,503.72,12593.0
ORD11386,CUS015,P006,2024-12-02,2025-01-04,326,797.89,260112.14
ORD11387,CUS002,P008,2024-12-06,2025-01-06,64,386.09,24709.76
ORD11388,CUS037,P010,2024-12-06,2025-01-15,170,842.05,143148.5
ORD11389,CUS027,P013,2024-12-04,2024-12-27,272,535.84,145748.48
ORD11390,CUS045,P004,2024-12-03,2024-12-23,277,524.65,145328.05
ORD11391,CUS025,P003,2024-12-02,2025-01-06,89,398.18,35438.02
ORD11392,CUS021,P011,2024-12-04,2024-12-21,12,161.9,1942.8
ORD11393,CUS016,P001,2024-12-02,2024-12-30,469,811.99,380823.31
ORD11394,CUS003,P006,2024-12-04,2025-01-16,241,728.82,175645.62
ORD11395,CUS007,P003,2024-12-03,2024-12-22,347,329.39,114298.33
ORD11396,CUS037,P012,2024-12-01,2024-12-31,62,786.5,48763.0
ORD11397,CUS041,P003,2024-12-07,2024-12-21,182,82.3,14978.6
ORD11398,CUS028,P001,2024-12-13,2025-01-03,445,173.25,77096.25
ORD11399,CUS038,P003,2024-12-11,2025-01-12,404,252.21,101892.84
ORD11400,CUS041,P010,2024-12-08,2025-01-15,419,184.8,77431.2
ORD11401,CUS006,P006,2024-12-09,2025-01-22,210,529.49,111192.9
ORD11402,CUS036,P013,2024-12-14,2025-01-15,165,274.92,45361.8
ORD11403,CUS001,P003,2024-12-09,2025-01-08,365,483.14,176346.1
ORD11404,CUS017,P009,2024-12-12,2025-01-20,107,622.45,66602.15
ORD11405,CUS016,P014,2024-12-11,2025-01-09,246,88.37,21739.02
ORD11406,CUS024,P001,2024-12-09,2024-12-27,438,714.35,312885.3
ORD11407,CUS008,P015,2024-12-12,2024-12-28,366,150.81,55196.46
ORD11408,CUS044,P007,2024-12-13,2025-01-03,481,242.45,116618.45
ORD11409,CUS008,P010,2024-12-14,2025-01-12,352,498.35,175419.2
ORD11410,CUS001,P007,2024-12-08,2024-12-23,145,399.72,57959.4
ORD11411,CUS006,P014,2024-12-12,2025-01-02,435,109.1,47458.5
ORD11412,CUS040,P003,2024-12-20,2025-01-23,443,807.11,357549.73
ORD11413,CUS043,P011,2024-12-19,2025-01-11,464,275.61,127883.04
ORD11414,CUS032,P007,2024-12-19,2025-01-15,158,77.3,12213.4
ORD11415,CUS003,P004,2024-12-17,2025-01-05,153,101.92,15593.76
ORD11416,CUS049,P002,2024-12-19,2025-01-08,66,803.69,53043.54
ORD11417,CUS036,P011,2024-12-15,2025-01-17,14,807.74,11308.36
ORD11418,CUS022,P015,2024-12-15,2025-01-12,90,284.76,25628.4
ORD11419,CUS008,P008,2024-12-21,2025-01-04,168,282.25,47418.0
ORD11420,CUS003,P009,2024-12-17,2025-01-26,10,497.33,4973.3
ORD11421,CUS018,P013,2024-12-15,2025-01-22,242,107.57,26031.94
ORD11422,CUS043,P014,2024-12-19,2025-01-31,279,200.46,55928.34
ORD11423,CUS002,P004,2024-12-15,2025-01-14,424,690.97,292971.28
ORD11424,CUS049,P015,2024-12-18,2025-01-18,171,415.89,71117.19
ORD11425,CUS049,P003,2024-12-18,2025-01-21,348,830.79,289114.92
ORD11426,CUS039,P005,2024-12-21,2025-01-07,242,623.66,150925.72
ORD11427,CUS002,P004,2024-12-16,2025-01-27,145,238.07,34520.15
ORD11428,CUS041,P010,2024-12-19,2025-01-30,11,523.52,5758.72
ORD11429,CUS016,P010,2024-12-22,2025-01-19,211,641.93,135447.23
ORD11430,CUS040,P005,2024-12-22,2025-01-16,427,544.81,232633.87
ORD11431,CUS020,P002,2024-12-22,2025-01-29,18,209.92,3778.56
ORD11432,CUS028,P013,2024-12-28,2025-02-08,189,217.84,41171.76
ORD11433,CUS005,P012,2024-12-27,2025-01-12,188,428.35,80529.8
ORD11434,CUS026,P004,2024-12-22,2025-01-07,51,47.08,2401.08
ORD11435,CUS035,P010,2024-12-25,2025-01-29,161,360.78,58085.58
ORD11436,CUS007,P003,2024-12-24,2025-01-21,212,55.9,11850.8
ORD11437,CUS019,P001,2024-12-22,2025-01-22,235,264.74,62213.9
ORD11438,CUS034,P007,2024-12-25,2025-01-27,458,488.18,223586.44
ORD11439,CUS050,P011,2024-12-27,2025-01-27,270,233.17,62955.9
ORD11440,CUS030,P001,2025-01-03,2025-02-01,217,691.7,150098.9
ORD11441,CUS002,P001,2025-01-01,2025-02-13,12,646.63,7759.56
ORD11442,CUS029,P008,2025-01-04,2025-02-01,344,421.39,144958.16
ORD11443,CUS037,P015,2024-12-31,2025-01-26,424,191.64,81255.36
ORD11444,CUS003,P008,2025-01-02,2025-01-22,66,793.55,52374.3
ORD11445,CUS005,P008,2024-12-29,2025-02-08,436,67.96,29630.56
ORD11446,CUS003,P005,2025-01-02,2025-01-17,97,785.58,76201.26
ORD11447,CUS018,P005,2024-12-31,2025-01-19,493,826.68,407553.24
ORD11448,CUS023,P006,2025-01-04,2025-02-14,239,255.44,61050.16
ORD11449,CUS015,P011,2025-01-10,2025-02-12,349,490.83,171299.67
ORD11450,CUS027,P012,2025-01-07,2025-02-13,491,158.45,77798.95
ORD11451,CUS037,P002,2025-01-08,2025-01-23,429,199.17,85443.93
ORD11452,CUS015,P006,2025-01-06,2025-01-20,458,797.86,365419.88
ORD11453,CUS004,P005,2025-01-09,2025-02-03,206,541.87,111625.22
ORD11454,CUS023,P004,2025-01-10,2025-02-17,377,117.13,44158.01
ORD11455,CUS048,P010,2025-01-08,2025-02-20,130,110.61,14379.3
ORD11456,CUS030,P004,2025-01-09,2025-02-11,400,377.75,151100.0
ORD11457,CUS010,P005,2025-01-09,2025-02-23,377,621.29,234226.33
ORD11458,CUS013,P013,2025-01-10,2025-02-15,443,458.99,203332.57
ORD11459,CUS022,P011,2025-01-06,2025-01-29,453,420.31,190400.43
ORD11460,CUS025,P009,2025-01-15,2025-02-03,143,603.57,86310.51
ORD11461,CUS016,P005,2025-01-16,2025-02-11,415,127.6,52954.0
ORD11462,CUS049,P008,2025-01-16,2025-02-23,235,798.21,187579.35
ORD11463,CUS028,P001,2025-01-14,2025-02-20,296,553.89,163951.44
ORD11464,CUS031,P014,2025-01-13,2025-02-16,246,526.21,129447.66
ORD11465,CUS008,P015,2025-01-17,2025-02-07,208,137.4,28579.2
ORD11466,CUS002,P007,2025-01-17,2025-02-12,488,748.45,365243.6
ORD11467,CUS049,P005,2025-01-15,2025-02-17,215,197.12,42380.8
ORD11468,CUS038,P009,2025-01-17,2025-02-28,17,108.84,1850.28
ORD11469,CUS019,P011,2025-01-17,2025-02-20,194,425.95,82634.3
ORD11470,CUS015,P010,2025-01-17,2025-02-15,138,570.66,78751.08
ORD11471,CUS031,P012,2025-01-18,2025-02-07,380,471.33,179105.4
ORD11472,CUS026,P007,2025-01-17,2025-02-09,195,290.78,56702.1
ORD11473,CUS039,P014,2025-01-18,2025-02-04,178,44.68,7953.04
ORD11474,CUS012,P007,2025-01-12,2025-01-26,34,575.12,19554.08
ORD11475,CUS008,P011,2025-01-18,2025-02-04,52,699.83,36391.16
ORD11476,CUS028,P002,2025-01-15,2025-02-02,443,507.97,225030.71
ORD11477,CUS013,P009,2025-01-14,2025-02-13,404,641.26,259069.04
ORD11478,CUS041,P009,2025-01-12,2025-02-03,495,97.37,48198.15
ORD11479,CUS015,P001,2025-01-12,2025-02-03,345,655.12,226016.4
ORD11480,CUS020,P011,2025-01-22,2025-02-08,401,586.33,235118.33
ORD11481,CUS046,P014,2025-01-23,2025-03-03,254,130.48,33141.92
ORD11482,CUS044,P015,2025-01-20,2025-02-07,41,242.55,9944.55
ORD11483,CUS017,P009,2025-01-19,2025-03-05,356,758.4,269990.4
ORD11484,CUS030,P011,2025-01-20,2025-03-01,448,768.36,344225.28
ORD11485,CUS024,P006,2025-01-24,2025-03-05,45,524.87,23619.15
ORD11486,CUS009,P002,2025-01-25,2025-02-16,459,140.26,64379.34
ORD11487,CUS027,P004,2025-01-25,2025-02-13,279,624.97,174366.63
ORD11488,CUS026,P014,2025-01-21,2025-02-11,256,342.14,87587.84
ORD11489,CUS041,P011,2025-01-24,2025-02-21,434,48.97,21252.98
ORD11490,CUS013,P007,2025-01-21,2025-02-11,363,542.93,197083.59
ORD11491,CUS039,P004,2025-01-22,2025-02-17,172,778.28,133864.16
ORD11492,CUS040,P010,2025-01-19,2025-02-28,443,406.51,180083.93
ORD11493,CUS018,P001,2025-01-25,2025-02-23,85,210.9,17926.5
ORD11494,CUS037,P011,2025-01-19,2025-02-16,347,173.24,60114.28
ORD11495,CUS022,P003,2025-01-25,2025-02-17,463,756.67,350338.21
ORD11496,CUS026,P013,2025-01-29,2025-02-18,99,338.94,33555.06
ORD11497,CUS039,P004,2025-01-29,2025-02-28,319,722.71,230544.49
ORD11498,CUS037,P006,2025-02-01,2025-02-25,489,178.86,87462.54
ORD11499,CUS012,P015,2025-01-30,2025-03-11,399,237.24,94658.76
ORD11500,CUS020,P011,2025-01-30,2025-03-02,399,818.18,326453.82
ORD11501,CUS048,P011,2025-01-29,2025-03-11,269,118.2,31795.8
ORD11502,CUS008,P002,2025-01-28,2025-02-25,123,63.22,7776.06
ORD11503,CUS017,P001,2025-01-30,2025-02-14,174,488.59,85014.66
ORD11504,CUS031,P002,2025-02-01,2025-03-08,172,604.55,103982.6
ORD11505,CUS039,P011,2025-01-31,2025-02-17,404,553.25,223513.0
ORD11506,CUS025,P012,2025-01-27,2025-03-12,281,420.1,118048.1
ORD11507,CUS040,P001,2025-01-27,2025-03-04,305,105.82,32275.1
ORD11508,CUS010,P001,2025-01-31,2025-03-03,498,346.89,172751.22
ORD11509,CUS016,P008,2025-01-27,2025-02-17,221,172.33,38084.93
ORD11510,CUS047,P007,2025-01-29,2025-02-13,120,145.25,17430.0
ORD11511,CUS021,P009,2025-01-28,2025-02-15,284,681.95,193673.8
ORD11512,CUS012,P010,2025-01-28,2025-03-05,346,535.86,185407.56
ORD11513,CUS037,P008,2025-01-29,2025-02-26,379,400.68,151857.72
ORD11514,CUS037,P004,2025-01-30,2025-03-07,260,728.49,189407.4
ORD11515,CUS021,P013,2025-01-28,2025-02-15,298,818.38,243877.24
ORD11516,CUS010,P005,2025-02-07,2025-03-21,147,587.81,86408.07
ORD11517,CUS005,P002,2025-02-05,2025-03-04,210,819.62,172120.2
ORD11518,CUS030,P001,2025-02-03,2025-03-16,85,818.07,69535.95
ORD11519,CUS026,P011,2025-02-05,2025-03-18,63,110.31,6949.53
ORD11520,CUS024,P009,2025-02-04,2025-02-28,115,196.6,22609.0
ORD11521,CUS001,P009,2025-02-02,2025-03-11,213,813.9,173360.7
ORD11522,CUS003,P012,2025-02-06,2025-03-01,305,820.31,250194.55
ORD11523,CUS041,P005,2025-02-07,2025-03-01,271,409.73,111036.83
ORD11524,CUS011,P013,2025-02-02,2025-02-18,464,414.16,192170.24
ORD11525,CUS046,P009,2025-02-06,2025-03-04,52,166.71,8668.92
ORD11526,CUS029,P004,2025-02-07,2025-03-20,190,654.06,124271.4
ORD11527,CUS019,P009,2025-02-04,2025-02-27,104,27.2,2828.8
ORD11528,CUS009,P001,2025-02-02,2025-03-16,442,43.57,19257.94
ORD11529,CUS019,P003,2025-02-06,2025-03-22,139,709.42,98609.38
ORD11530,CUS005,P007,2025-02-07,2025-03-03,260,530.78,138002.8
ORD11531,CUS028,P013,2025-02-03,2025-03-14,177,79.63,14094.51
ORD11532,CUS040,P012,2025-02-07,2025-03-13,190,298.91,56792.9
ORD11533,CUS044,P012,2025-02-02,2025-02-17,499,324.83,162090.17
ORD11534,CUS006,P001,2025-02-06,2025-02-27,326,275.45,89796.7
ORD11535,CUS035,P013,2025-02-04,2025-02-26,75,379.15,28436.25
ORD11536,CUS012,P004,2025-02-07,2025-02-24,16,198.09,3169.44
ORD11537,CUS029,P003,2025-02-10,2025-03-11,174,56.59,9846.66
ORD11538,CUS048,P011,2025-02-13,2025-03-13,11,606.95,6676.45
ORD11539,CUS013,P011,2025-02-11,2025-03-06,459,700.9,321713.1
ORD11540,CUS018,P004,2025-02-12,2025-03-19,423,193.89,82015.47
ORD11541,CUS008,P007,2025-02-15,2025-03-10,444,814.28,361540.32
ORD11542,CUS002,P014,2025-02-13,2025-03-06,456,367.82,167725.92
ORD11543,CUS026,P004,2025-02-09,2025-03-22,440,767.38,337647.2
ORD11544,CUS028,P010,2025-02-12,2025-03-28,382,582.75,222610.5
ORD11545,CUS016,P004,2025-02-22,2025-03-08,140,333.4,46676.0
ORD11546,CUS017,P002,2025-02-16,2025-03-26,60,384.61,23076.6
ORD11547,CUS017,P010,2025-02-19,2025-03-05,25,590.76,14769.0
ORD11548,CUS019,P005,2025-02-22,2025-03-29,292,47.66,13916.72
ORD11549,CUS022,P012,2025-02-21,2025-03-13,260,360.95,93847.0
ORD11550,CUS010,P010,2025-02-19,2025-03-15,274,27.96,7661.04
ORD11551,CUS009,P005,2025-02-16,2025-03-09,193,30.01,5791.93
ORD11552,CUS002,P011,2025-02-20,2025-04-01,325,497.85,161801.25
ORD11553,CUS027,P002,2025-02-28,2025-03-26,72,297.16,21395.52
ORD11554,CUS011,P012,2025-02-25,2025-04-03,91,600.96,54687.36
ORD11555,CUS045,P003,2025-02-24,2025-03-13,176,440.15,77466.4
ORD11556,CUS036,P004,2025-02-26,2025-04-09,335,275.93,92436.55
ORD11557,CUS023,P015,2025-02-25,2025-03-14,498,602.04,299815.92
ORD11558,CUS046,P005,2025-02-26,2025-04-06,99,799.2,79120.8
ORD11559,CUS048,P014,2025-02-28,2025-03-26,315,325.41,102504.15
ORD11560,CUS050,P002,2025-02-23,2025-03-16,478,296.93,141932.54
ORD11561,CUS011,P014,2025-02-25,2025-03-31,269,590.8,158925.2
ORD11562,CUS012,P008,2025-02-26,2025-03-23,215,58.31,12536.65
ORD11563,CUS006,P008,2025-02-25,2025-03-12,131,41.39,5422.09
ORD11564,CUS023,P013,2025-02-27,2025-03-13,371,651.37,241658.27
ORD11565,CUS031,P002,2025-03-01,2025-04-11,44,684.4,30113.6
ORD11566,CUS020,P014,2025-02-24,2025-03-21,321,843.11,270638.31
ORD11567,CUS015,P006,2025-02-28,2025-04-04,364,658.74,239781.36
ORD11568,CUS043,P012,2025-02-25,2025-03-22,33,293.94,9700.02
ORD11569,CUS023,P010,2025-02-26,2025-04-09,174,392.06,68218.44
ORD11570,CUS039,P010,2025-03-01,2025-03-20,64,586.51,37536.64
ORD11571,CUS029,P010,2025-03-01,2025-03-29,19,609.63,11582.97
ORD11572,CUS022,P008,2025-03-05,2025-03-28,236,746.09,176077.24
ORD11573,CUS021,P013,2025-03-08,2025-03-28,54,847.79,45780.66
ORD11574,CUS001,P009,2025-03-06,2025-04-11,281,495.61,139266.41
ORD11575,CUS003,P013,2025-03-08,2025-03-28,459,312.62,143492.58
ORD11576,CUS011,P003,2025-03-02,2025-03-29,113,337.61,38149.93
ORD11577,CUS034,P010,2025-03-08,2025-04-15,41,31.4,1287.4
ORD11578,CUS033,P004,2025-03-04,2025-04-16,231,586.63,135511.53
ORD11579,CUS005,P003,2025-03-07,2025-04-04,13,591.66,7691.58
ORD11580,CUS032,P005,2025-03-05,2025-03-25,389,121.39,47220.71
ORD11581,CUS016,P012,2025-03-08,2025-04-21,305,754.18,230024.9
ORD11582,CUS039,P003,2025-03-05,2025-03-25,334,772.75,258098.5
ORD11583,CUS022,P012,2025-03-05,2025-03-22,477,671.1,320114.7
ORD11584,CUS015,P004,2025-03-06,2025-04-20,393,471.33,185232.69
ORD11585,CUS034,P011,2025-03-04,2025-03-27,272,326.53,88816.16
ORD11586,CUS042,P009,2025-03-08,2025-04-16,272,562.87,153100.64
ORD11587,CUS035,P013,2025-03-08,2025-04-07,407,218.75,89031.25
ORD11588,CUS037,P008,2025-03-05,2025-04-03,36,612.21,22039.56
ORD11589,CUS037,P001,2025-03-07,2025-03-21,250,220.7,55175.0
ORD11590,CUS038,P005,2025-03-06,2025-04-08,410,253.27,103840.7
ORD11591,CUS030,P011,2025-03-07,2025-04-06,455,684.98,311665.9
ORD11592,CUS008,P014,2025-03-09,2025-04-20,216,504.76,109028.16
ORD11593,CUS011,P012,2025-03-12,2025-04-03,207,553.21,114514.47
ORD11594,CUS022,P005,2025-03-14,2025-04-11,162,659.09,106772.58
ORD11595,CUS023,P010,2025-03-09,2025-04-17,25,797.76,19944.0
ORD11596,CUS047,P005,2025-03-10,2025-04-14,306,563.11,172311.66
ORD11597,CUS033,P004,2025-03-13,2025-04-17,498,542.01,269920.98
ORD11598,CUS046,P014,2025-03-13,2025-03-30,246,695.21,171021.66
ORD11599,CUS046,P013,2025-03-13,2025-04-23,196,442.68,86765.28
ORD11600,CUS021,P008,2025-03-13,2025-04-10,482,579.34,279241.88
ORD11601,CUS022,P007,2025-03-14,2025-04-01,203,418.48,84951.44
ORD11602,CUS020,P014,2025-03-10,2025-04-12,356,57.13,20338.28
ORD11603,CUS045,P004,2025-03-09,2025-04-20,343,577.69,198147.67
ORD11604,CUS044,P014,2025-03-19,2025-05-01,500,345.04,172520.0
ORD11605,CUS044,P011,2025-03-22,2025-04-17,171,567.51,97044.21
ORD11606,CUS042,P011,2025-03-16,2025-04-30,270,466.05,125833.5
ORD11607,CUS025,P010,2025-03-17,2025-04-09,107,187.83,20097.81
ORD11608,CUS046,P009,2025-03-18,2025-04-19,16,219.94,3519.04
ORD11609,CUS013,P007,2025-03-20,2025-04-24,76,812.0,61712.0
ORD11610,CUS022,P011,2025-03-22,2025-04-07,382,179.51,68572.82
ORD11611,CUS006,P013,2025-03-17,2025-04-25,171,186.34,31864.14
ORD11612,CUS030,P004,2025-03-18,2025-04-22,424,123.08,52185.92
ORD11613,CUS040,P008,2025-03-17,2025-04-16,314,594.23,186588.22
ORD11614,CUS013,P003,2025-03-17,2025-04-15,147,422.71,62138.37
ORD11615,CUS005,P005,2025-03-19,2025-04-23,463,52.54,24326.02
ORD11616,CUS016,P012,2025-03-18,2025-04-21,198,309.36,61253.28
ORD11617,CUS029,P001,2025-03-17,2025-04-02,30,364.14,10924.2
ORD11618,CUS031,P005,2025-03-16,2025-04-11,224,828.86,185664.64
ORD11619,CUS017,P015,2025-03-22,2025-04-28,298,251.13,74836.74
ORD11620,CUS031,P013,2025-03-19,2025-04-09,402,157.1,63154.2
ORD11621,CUS036,P010,2025-03-17,2025-04-05,499,548.77,273836.23
ORD11622,CUS031,P011,2025-03-21,2025-04-04,441,370.24,163275.84
ORD11623,CUS002,P008,2025-03-21,2025-04-29,62,772.55,47898.1
ORD11624,CUS010,P015,2025-03-27,2025-04-25,345,610.82,210732.9
ORD11625,CUS002,P006,2025-03-26,2025-04-27,155,370.88,57486.4
ORD11626,CUS045,P006,2025-03-24,2025-04-07,489,236.75,115770.75
ORD11627,CUS024,P006,2025-03-29,2025-05-03,307,299.7,92007.9
ORD11628,CUS009,P007,2025-03-24,2025-04-28,229,30.46,6975.34
ORD11629,CUS032,P008,2025-03-29,2025-05-01,482,679.71,327620.22
ORD11630,CUS015,P011,2025-03-24,2025-05-08,219,732.71,160463.49
ORD11631,CUS013,P010,2025-03-28,2025-04-14,144,584.66,84191.04
ORD11632,CUS027,P001,2025-03-23,2025-04-17,365,637.01,232508.65
ORD11633,CUS016,P007,2025-03-27,2025-05-04,379,570.07,216056.53
ORD11634,CUS010,P007,2025-04-03,2025-04-18,104,806.23,83847.92
ORD11635,CUS012,P003,2025-03-30,2025-05-11,201,807.84,162375.84
ORD11636,CUS044,P001,2025-04-02,2025-04-22,244,662.94,161757.36
ORD11637,CUS003,P007,2025-04-04,2025-05-17,22,782.09,17205.98
ORD11638,CUS005,P006,2025-04-04,2025-04-24,98,56.91,5577.18
ORD11639,CUS014,P010,2025-04-05,2025-05-02,139,280.2,38947.8
ORD11640,CUS003,P008,2025-04-02,2025-05-16,467,159.96,74701.32
ORD11641,CUS008,P007,2025-03-31,2025-04-18,292,560.47,163657.24
ORD11642,CUS044,P004,2025-04-05,2025-05-03,311,631.12,196278.32
ORD11643,CUS005,P012,2025-04-03,2025-04-27,305,783.89,239086.45
ORD11644,CUS042,P010,2025-03-31,2025-04-21,11,726.33,7989.63
ORD11645,CUS015,P001,2025-04-02,2025-04-21,91,168.0,15288.0
ORD11646,CUS027,P001,2025-04-05,2025-04-22,469,486.36,228102.84
ORD11647,CUS010,P009,2025-03-31,2025-05-13,237,642.59,152293.83
ORD11648,CUS012,P008,2025-04-05,2025-04-22,171,261.01,44632.71
ORD11649,CUS036,P006,2025-04-02,2025-05-14,414,162.37,67221.18
ORD11650,CUS036,P015,2025-03-31,2025-04-17,214,184.65,39515.1
ORD11651,CUS011,P012,2025-04-04,2025-04-19,50,834.2,41710.0
ORD11652,CUS011,P007,2025-04-03,2025-04-20,471,265.19,124904.49
ORD11653,CUS027,P012,2025-04-02,2025-05-09,267,503.16,134343.72
ORD11654,CUS009,P012,2025-04-01,2025-05-16,219,35.84,7848.96
ORD11655,CUS027,P014,2025-04-11,2025-04-26,341,376.93,128533.13
ORD11656,CUS017,P008,2025-04-07,2025-05-07,479,698.67,334662.93
ORD11657,CUS022,P003,2025-04-08,2025-05-21,121,398.77,48251.17
ORD11658,CUS030,P012,2025-04-08,2025-05-22,263,476.65,125358.95
ORD11659,CUS035,P005,2025-04-06,2025-05-18,11,693.63,7629.93
ORD11660,CUS045,P010,2025-04-08,2025-05-18,172,419.8,72205.6
ORD11661,CUS030,P013,2025-04-12,2025-04-29,232,96.29,22339.28
ORD11662,CUS040,P009,2025-04-10,2025-05-23,498,785.06,390959.88
ORD11663,CUS035,P005,2025-04-07,2025-05-16,277,75.57,20932.89
ORD11664,CUS039,P003,2025-04-10,2025-05-03,467,355.87,166191.29
ORD11665,CUS047,P002,2025-04-11,2025-05-19,141,123.61,17429.01
ORD11666,CUS002,P001,2025-04-08,2025-05-04,453,431.47,195455.91
ORD11667,CUS042,P009,2025-04-09,2025-04-25,181,344.43,62341.83
ORD11668,CUS046,P007,2025-04-10,2025-04-24,416,191.04,79472.64
ORD11669,CUS045,P014,2025-04-11,2025-05-20,203,277.13,56257.39
ORD11670,CUS031,P014,2025-04-10,2025-05-17,335,77.89,26093.15
ORD11671,CUS030,P010,2025-04-10,2025-05-06,469,126.65,59398.85
ORD11672,CUS049,P013,2025-04-15,2025-05-07,295,589.89,174017.55
ORD11673,CUS016,P006,2025-04-18,2025-05-19,52,716.73,37269.96
ORD11674,CUS002,P002,2025-04-17,2025-05-06,325,484.0,157300.0
ORD11675,CUS017,P009,2025-04-13,2025-05-25,11,793.04,8723.44
ORD11676,CUS008,P008,2025-04-13,2025-05-22,258,744.58,192101.64
ORD11677,CUS007,P006,2025-04-14,2025-04-30,255,410.55,104690.25
ORD11678,CUS007,P012,2025-04-13,2025-05-27,433,260.32,112718.56
ORD11679,CUS019,P004,2025-04-14,2025-05-25,290,502.66,145771.4
ORD11680,CUS047,P008,2025-04-17,2025-05-25,241,602.0,145082.0
ORD11681,CUS042,P015,2025-04-15,2025-05-25,52,577.49,30029.48
ORD11682,CUS005,P002,2025-04-20,2025-05-04,36,582.94,20985.84
ORD11683,CUS004,P014,2025-04-20,2025-06-04,294,632.95,186087.3
ORD11684,CUS002,P012,2025-04-21,2025-05-05,200,64.65,12930.0
ORD11685,CUS023,P011,2025-04-22,2025-06-05,93,591.01,54963.93
ORD11686,CUS041,P004,2025-04-25,2025-05-20,26,92.57,2406.82
ORD11687,CUS044,P003,2025-04-24,2025-06-07,196,771.19,151153.24
ORD11688,CUS039,P008,2025-04-22,2025-06-04,355,596.58,211785.9
ORD11689,CUS043,P014,2025-04-22,2025-05-20,454,519.3,235762.2
ORD11690,CUS021,P010,2025-04-26,2025-06-07,393,280.12,110087.16
ORD11691,CUS049,P003,2025-04-22,2025-05-15,206,572.06,117844.36
ORD11692,CUS044,P010,2025-04-26,2025-05-26,352,559.97,197109.44
ORD11693,CUS004,P005,2025-04-20,2025-05-29,155,118.23,18325.65
ORD11694,CUS050,P012,2025-04-21,2025-06-02,159,57.46,9136.14
ORD11695,CUS044,P014,2025-04-29,2025-05-18,471,765.91,360743.61
ORD11696,CUS013,P004,2025-04-30,2025-05-28,454,391.41,177700.14
ORD11697,CUS028,P013,2025-05-03,2025-06-11,389,498.08,193753.12
ORD11698,CUS044,P010,2025-04-30,2025-06-07,283,120.05,33974.15
ORD11699,CUS044,P015,2025-04-30,2025-05-14,438,462.41,202535.58
ORD11700,CUS022,P008,2025-05-03,2025-05-22,423,681.46,288257.58
ORD11701,CUS020,P010,2025-05-02,2025-05-18,419,324.62,136015.78
ORD11702,CUS020,P010,2025-05-02,2025-06-10,274,445.04,121940.96
ORD11703,CUS018,P005,2025-05-01,2025-05-17,273,73.11,19959.03
ORD11704,CUS022,P009,2025-04-30,2025-05-24,155,630.94,97795.7
ORD11705,CUS044,P006,2025-04-30,2025-05-30,145,297.83,43185.35
ORD11706,CUS037,P010,2025-05-01,2025-06-11,117,175.69,20555.73
ORD11707,CUS024,P013,2025-04-28,2025-06-01,84,828.56,69599.04
ORD11708,CUS048,P010,2025-04-27,2025-05-17,471,121.16,57066.36
ORD11709,CUS045,P001,2025-05-02,2025-06-08,419,596.71,250021.49
ORD11710,CUS005,P009,2025-04-29,2025-06-08,356,375.04,133514.24
ORD11711,CUS033,P010,2025-05-01,2025-06-04,315,208.46,65664.9
ORD11712,CUS011,P002,2025-04-28,2025-06-03,433,500.92,216898.36
ORD11713,CUS008,P009,2025-05-02,2025-05-29,36,700.46,25216.56
ORD11714,CUS030,P012,2025-05-02,2025-05-28,343,251.87,86391.41
ORD11715,CUS035,P001,2025-05-10,2025-05-26,462,153.86,71083.32
ORD11716,CUS043,P014,2025-05-07,2025-06-06,89,310.59,27642.51
ORD11717,CUS032,P011,2025-05-05,2025-05-19,181,727.54,131684.74
ORD11718,CUS019,P009,2025-05-10,2025-06-03,431,498.92,215034.52
ORD11719,CUS031,P015,2025-05-10,2025-05-30,377,528.05,199074.85
ORD11720,CUS005,P014,2025-05-10,2025-06-11,250,826.69,206672.5
ORD11721,CUS017,P010,2025-05-09,2025-06-09,238,276.66,65845.08
ORD11722,CUS001,P005,2025-05-05,2025-06-03,488,400.93,195653.84
ORD11723,CUS007,P008,2025-05-09,2025-06-08,359,416.41,149491.19
ORD11724,CUS012,P002,2025-05-06,2025-06-16,50,402.86,20143.0
ORD11725,CUS032,P006,2025-05-08,2025-05-25,424,248.92,105542.08
ORD11726,CUS010,P010,2025-05-10,2025-06-04,226,392.96,88808.96
ORD11727,CUS028,P010,2025-05-08,2025-06-20,311,844.35,262592.85
ORD11728,CUS034,P008,2025-05-07,2025-06-11,160,254.99,40798.4
ORD11729,CUS033,P005,2025-05-07,2025-06-08,45,219.37,9871.65
ORD11730,CUS001,P002,2025-05-08,2025-05-30,379,796.89,302021.31
ORD11731,CUS045,P004,2025-05-07,2025-05-21,363,295.84,107389.92
ORD11732,CUS039,P007,2025-05-05,2025-06-17,180,572.38,103028.4
ORD11733,CUS005,P012,2025-05-08,2025-06-04,138,335.92,46356.96
ORD11734,CUS016,P009,2025-05-08,2025-05-23,66,151.38,9991.08
ORD11735,CUS018,P014,2025-05-08,2025-06-09,413,268.05,110704.65
ORD11736,CUS039,P004,2025-05-07,2025-06-12,218,123.03,26820.54
ORD11737,CUS005,P006,2025-05-14,2025-06-22,79,606.83,47939.57
ORD11738,CUS045,P015,2025-05-12,2025-05-29,492,694.4,341644.8
ORD11739,CUS002,P011,2025-05-14,2025-06-18,324,233.17,75547.08
ORD11740,CUS002,P014,2025-05-13,2025-06-10,62,337.48,20923.76
ORD11741,CUS009,P012,2025-05-12,2025-06-23,335,787.14,263691.9
ORD11742,CUS016,P004,2025-05-11,2025-06-07,438,387.99,169939.62
ORD11743,CUS044,P003,2025-05-17,2025-07-01,44,467.94,20589.36
ORD11744,CUS041,P011,2025-05-12,2025-06-13,162,401.67,65070.54
ORD11745,CUS023,P007,2025-05-12,2025-05-30,419,690.35,289256.65
ORD11746,CUS009,P011,2025-05-11,2025-06-07,288,601.29,173171.52
ORD11747,CUS032,P009,2025-05-17,2025-06-11,295,770.87,227406.65
ORD11748,CUS035,P013,2025-05-17,2025-06-03,473,350.95,165999.35
ORD11749,CUS005,P006,2025-05-16,2025-06-18,187,538.63,100723.81
ORD11750,CUS033,P006,2025-05-15,2025-06-23,202,216.11,43654.22
ORD11751,CUS028,P006,2025-05-16,2025-06-17,50,456.38,22819.0
ORD11752,CUS002,P003,2025-05-16,2025-06-10,183,140.1,25638.3
ORD11753,CUS011,P015,2025-05-16,2025-06-23,231,506.8,117070.8
ORD11754,CUS021,P014,2025-05-15,2025-06-15,209,511.2,106840.8
ORD11755,CUS046,P010,2025-05-15,2025-06-17,99,467.91,46323.09
ORD11756,CUS011,P012,2025-05-17,2025-06-18,239,753.83,180165.37
ORD11757,CUS022,P003,2025-05-11,2025-06-09,50,577.63,28881.5
ORD11758,CUS044,P003,2025-05-17,2025-06-29,56,678.95,38021.2
ORD11759,CUS011,P004,2025-05-23,2025-06-16,479,38.84,18604.36
ORD11760,CUS028,P007,2025-05-22,2025-07-02,160,129.59,20734.4
ORD11761,CUS029,P015,2025-05-24,2025-07-07,289,346.09,100020.01
ORD11762,CUS028,P009,2025-05-23,2025-06-27,105,413.74,43442.7
ORD11763,CUS034,P008,2025-05-23,2025-06-30,24,620.96,14903.04
ORD11764,CUS010,P001,2025-05-22,2025-07-05,239,487.86,116598.54
ORD11765,CUS018,P008,2025-05-18,2025-06-01,218,175.15,38182.7
ORD11766,CUS035,P004,2025-05-24,2025-06-21,146,551.12,80463.52
ORD11767,CUS023,P014,2025-05-24,2025-06-30,255,225.24,57436.2
ORD11768,CUS028,P003,2025-05-19,2025-06-10,449,688.48,309127.52
ORD11769,CUS029,P008,2025-05-23,2025-06-08,38,235.12,8934.56
ORD11770,CUS014,P006,2025-05-22,2025-06-27,371,506.81,188026.51
ORD11771,CUS014,P001,2025-05-19,2025-07-01,122,640.01,78081.22
ORD11772,CUS043,P014,2025-05-19,2025-06-12,291,309.12,89953.92
ORD11773,CUS029,P015,2025-05-18,2025-06-20,373,159.65,59549.45
ORD11774,CUS017,P001,2025-05-24,2025-06-16,179,307.3,55006.7
ORD11775,CUS019,P015,2025-05-21,2025-06-18,306,681.51,208542.06
ORD11776,CUS030,P011,2025-05-18,2025-06-19,63,110.8,6980.4
ORD11777,CUS031,P009,2025-05-22,2025-06-09,194,675.69,131083.86
ORD11778,CUS027,P011,2025-05-24,2025-06-25,214,742.29,158850.06
ORD11779,CUS015,P009,2025-05-28,2025-07-02,204,527.2,107548.8
ORD11780,CUS020,P005,2025-05-29,2025-06-28,392,578.68,226842.56
ORD11781,CUS032,P012,2025-05-26,2025-06-22,105,612.13,64273.65
ORD11782,CUS040,P014,2025-05-25,2025-06-18,155,474.1,73485.5
ORD11783,CUS022,P006,2025-05-29,2025-07-11,480,593.81,285028.8
ORD11784,CUS002,P001,2025-05-30,2025-07-10,466,158.39,73809.74
ORD11785,CUS044,P010,2025-05-27,2025-06-30,308,718.25,221221.0
ORD11786,CUS044,P014,2025-05-27,2025-06-20,225,251.53,56594.25
ORD11787,CUS032,P007,2025-05-25,2025-06-28,115,73.8,8487.0
ORD11788,CUS009,P012,2025-05-25,2025-06-22,450,813.05,365872.5
ORD11789,CUS037,P009,2025-05-25,2025-06-15,133,620.11,82474.63
ORD11790,CUS033,P008,2025-05-25,2025-07-02,83,474.05,39346.15
ORD11791,CUS016,P006,2025-05-28,2025-06-14,174,760.15,132266.1
ORD11792,CUS036,P013,2025-05-25,2025-06-10,286,580.77,166100.22
ORD11793,CUS008,P006,2025-05-31,2025-06-27,115,402.05,46235.75
ORD11794,CUS013,P006,2025-06-04,2025-07-17,20,131.67,2633.4
ORD11795,CUS042,P008,2025-06-04,2025-06-28,271,657.73,178244.83
ORD11796,CUS005,P006,2025-06-04,2025-07-11,321,380.98,122294.58
ORD11797,CUS040,P006,2025-06-04,2025-07-06,190,817.59,155342.1
ORD11798,CUS022,P010,2025-06-03,2025-07-10,198,45.97,9102.06
ORD11799,CUS022,P006,2025-06-06,2025-07-05,362,544.08,196956.96
ORD11800,CUS009,P010,2025-06-06,2025-06-25,236,119.65,28237.4
ORD11801,CUS033,P006,2025-06-07,2025-07-09,469,86.3,40474.7
ORD11802,CUS015,P010,2025-06-03,2025-06-27,363,283.18,102794.34
ORD11803,CUS048,P014,2025-06-06,2025-07-13,83,692.43,57471.69
ORD11804,CUS004,P008,2025-06-06,2025-06-30,406,651.43,264480.58
ORD11805,CUS026,P011,2025-06-03,2025-06-23,457,80.36,36724.52
ORD11806,CUS041,P012,2025-06-02,2025-06-21,163,711.59,115989.17
ORD11807,CUS024,P008,2025-06-03,2025-07-05,173,147.87,25581.51
ORD11808,CUS014,P001,2025-06-07,2025-06-29,252,545.31,137418.12
ORD11809,CUS049,P010,2025-06-03,2025-07-16,113,46.22,5222.86
ORD11810,CUS047,P013,2025-06-05,2025-06-28,163,809.63,131969.69
ORD11811,CUS013,P014,2025-06-06,2025-07-13,359,733.05,263164.95
ORD11812,CUS012,P012,2025-06-01,2025-06-25,387,843.41,326399.67
ORD11813,CUS019,P001,2025-06-06,2025-07-01,308,190.23,58590.84
ORD11814,CUS050,P007,2025-06-02,2025-07-04,339,714.28,242140.92
ORD11815,CUS002,P010,2025-06-10,2025-06-29,100,682.7,68270.0
ORD11816,CUS006,P014,2025-06-12,2025-06-28,195,617.7,120451.5
ORD11817,CUS043,P003,2025-06-10,2025-07-24,302,286.51,86526.02
ORD11818,CUS037,P001,2025-06-13,2025-06-28,154,788.19,121381.26
ORD11819,CUS031,P010,2025-06-10,2025-06-29,79,685.39,54145.81
ORD11820,CUS042,P004,2025-06-09,2025-07-13,164,360.47,59117.08
ORD11821,CUS006,P009,2025-06-12,2025-07-01,498,822.39,409550.22
ORD11822,CUS008,P004,2025-06-14,2025-07-17,389,819.67,318851.63
ORD11823,CUS015,P005,2025-06-14,2025-07-21,252,81.64,20573.28
ORD11824,CUS014,P010,2025-06-14,2025-07-25,364,170.12,61923.68
ORD11825,CUS030,P007,2025-06-12,2025-07-22,54,178.15,9620.1
ORD11826,CUS016,P005,2025-06-14,2025-07-06,69,658.6,45443.4
ORD11827,CUS010,P001,2025-06-14,2025-07-08,327,96.21,31460.67
ORD11828,CUS045,P012,2025-06-09,2025-06-28,124,57.53,7133.72
ORD11829,CUS019,P010,2025-06-14,2025-07-17,296,53.36,15794.56
ORD11830,CUS040,P009,2025-06-12,2025-06-29,294,474.65,139547.1
ORD11831,CUS034,P012,2025-06-08,2025-07-16,356,365.04,129954.24
ORD11832,CUS024,P003,2025-06-09,2025-06-30,432,497.13,214760.16
ORD11833,CUS044,P010,2025-06-14,2025-06-30,272,152.12,41376.64
ORD11834,CUS043,P004,2025-06-09,2025-07-13,210,820.49,172302.9
ORD11835,CUS045,P004,2025-06-15,2025-07-27,87,217.64,18934.68
ORD11836,CUS028,P015,2025-06-21,2025-07-30,260,69.41,18046.6
ORD11837,CUS020,P015,2025-06-20,2025-07-08,476,424.51,202066.76
ORD11838,CUS001,P014,2025-06-20,2025-07-17,363,476.98,173143.74
ORD11839,CUS037,P002,2025-06-19,2025-07-10,464,442.6,205366.4
ORD11840,CUS049,P008,2025-06-17,2025-07-03,174,695.84,121076.16
ORD11841,CUS002,P002,2025-06-16,2025-07-13,410,156.08,63992.8
ORD11842,CUS049,P015,2025-06-16,2025-07-17,497,684.19,340042.43
ORD11843,CUS038,P006,2025-06-18,2025-07-03,500,431.8,215900.0
ORD11844,CUS017,P015,2025-06-19,2025-08-02,404,347.44,140365.76
ORD11845,CUS004,P014,2025-06-20,2025-08-04,242,311.07,75278.94
ORD11846,CUS046,P003,2025-06-17,2025-07-30,87,211.53,18403.11
ORD11847,CUS025,P013,2025-06-20,2025-07-17,70,350.36,24525.2
ORD11848,CUS013,P011,2025-06-18,2025-07-06,57,563.17,32100.69
ORD11849,CUS043,P012,2025-06-21,2025-07-08,171,660.7,112979.7
ORD11850,CUS045,P013,2025-06-18,2025-07-03,498,180.07,89674.86
ORD11851,CUS037,P010,2025-06-18,2025-07-15,40,375.23,15009.2
ORD11852,CUS030,P001,2025-06-15,2025-07-21,314,526.22,165233.08
ORD11853,CUS026,P015,2025-06-19,2025-07-28,213,591.3,125946.9
ORD11854,CUS046,P003,2025-06-28,2025-07-27,121,594.27,71906.67
ORD11855,CUS004,P001,2025-06-25,2025-07-15,390,586.98,228922.2
ORD11856,CUS034,P014,2025-06-22,2025-07-07,306,433.77,132733.62
ORD11857,CUS005,P005,2025-06-27,2025-07-14,296,372.21,110174.16
ORD11858,CUS016,P003,2025-06-23,2025-07-26,120,721.61,86593.2
ORD11859,CUS049,P007,2025-06-24,2025-08-08,160,260.38,41660.8
ORD11860,CUS045,P009,2025-06-27,2025-07-23,329,747.1,245795.9
ORD11861,CUS011,P004,2025-06-25,2025-07-30,317,629.07,199415.19
ORD11862,CUS037,P008,2025-06-23,2025-07-16,278,727.01,202108.78
ORD11863,CUS021,P015,2025-06-26,2025-07-19,361,333.41,120361.01
ORD11864,CUS022,P012,2025-06-24,2025-07-30,171,849.12,145199.52
ORD11865,CUS014,P010,2025-07-05,2025-07-26,467,500.29,233635.43
ORD11866,CUS027,P013,2025-06-29,2025-07-26,480,281.42,135081.6
ORD11867,CUS011,P013,2025-07-05,2025-08-03,229,433.88,99358.52
ORD11868,CUS036,P015,2025-06-30,2025-08-14,110,352.01,38721.1
ORD11869,CUS037,P014,2025-07-04,2025-07-30,84,811.1,68132.4
ORD11870,CUS035,P001,2025-06-29,2025-07-29,365,219.19,80004.35
ORD11871,CUS017,P008,2025-07-01,2025-08-03,221,372.4,82300.4
ORD11872,CUS018,P009,2025-07-02,2025-08-15,493,612.16,301794.88
ORD11873,CUS007,P007,2025-06-30,2025-08-14,402,97.88,39347.76
ORD11874,CUS026,P004,2025-07-06,2025-08-18,180,309.8,55764.0
ORD11875,CUS011,P010,2025-07-09,2025-08-22,214,55.79,11939.06
ORD11876,CUS017,P006,2025-07-10,2025-08-12,12,448.12,5377.44
ORD11877,CUS008,P012,2025-07-12,2025-08-12,139,684.38,95128.82
ORD11878,CUS024,P008,2025-07-07,2025-07-28,371,282.07,104647.97
ORD11879,CUS014,P012,2025-07-09,2025-07-27,47,366.61,17230.67
ORD11880,CUS025,P002,2025-07-06,2025-08-08,207,781.88,161849.16
ORD11881,CUS013,P015,2025-07-09,2025-07-27,55,451.03,24806.65
ORD11882,CUS026,P012,2025-07-18,2025-08-02,410,299.6,122836.0
ORD11883,CUS022,P012,2025-07-18,2025-08-18,204,826.36,168577.44
ORD11884,CUS017,P003,2025-07-18,2025-08-26,266,825.07,219468.62
ORD11885,CUS025,P009,2025-07-19,2025-08-18,483,725.67,350498.61
ORD11886,CUS050,P014,2025-07-14,2025-08-28,241,98.84,23820.44
ORD11887,CUS018,P013,2025-07-13,2025-08-08,158,748.76,118304.08
ORD11888,CUS044,P005,2025-07-18,2025-08-21,153,843.3,129024.9
ORD11889,CUS037,P006,2025-07-18,2025-08-27,413,374.79,154788.27
ORD11890,CUS001,P004,2025-07-13,2025-08-01,57,520.8,29685.6
ORD11891,CUS027,P011,2025-07-14,2025-08-06,264,664.73,175488.72
ORD11892,CUS034,P007,2025-07-26,2025-09-08,474,245.32,116281.68
ORD11893,CUS009,P012,2025-07-20,2025-08-31,390,744.64,290409.6
ORD11894,CUS014,P007,2025-07-26,2025-08-23,283,328.31,92911.73
ORD11895,CUS004,P010,2025-07-22,2025-09-02,20,833.37,16667.4
ORD11896,CUS038,P004,2025-07-22,2025-08-06,409,615.81,251866.29
ORD11897,CUS037,P002,2025-07-23,2025-08-29,26,473.47,12310.22
ORD11898,CUS005,P004,2025-07-23,2025-08-22,448,760.56,340730.88
ORD11899,CUS050,P001,2025-07-21,2025-08-21,427,460.34,196565.18
ORD11900,CUS017,P009,2025-07-22,2025-08-17,456,640.04,291858.24
ORD11901,CUS031,P014,2025-07-23,2025-08-08,17,595.1,10116.7
ORD11902,CUS012,P013,2025-07-23,2025-08-27,374,570.13,213228.62
ORD11903,CUS046,P002,2025-07-29,2025-08-23,314,812.59,255153.26
ORD11904,CUS017,P005,2025-07-31,2025-09-07,229,500.26,114559.54
ORD11905,CUS019,P003,2025-08-02,2025-08-21,389,645.05,250924.45
ORD11906,CUS031,P014,2025-08-01,2025-09-06,442,383.98,169719.16
ORD11907,CUS031,P006,2025-07-28,2025-08-11,16,117.6,1881.6
ORD11908,CUS048,P015,2025-08-01,2025-08-19,341,844.08,287831.28
ORD11909,CUS014,P005,2025-07-29,2025-09-10,306,571.37,174839.22
ORD11910,CUS019,P012,2025-08-02,2025-09-05,309,176.9,54662.1
ORD11911,CUS021,P011,2025-07-27,2025-09-05,374,200.61,75028.14
ORD11912,CUS015,P014,2025-07-28,2025-09-07,152,775.29,117844.08
ORD11913,CUS033,P010,2025-07-30,2025-08-18,361,813.33,293612.13
ORD11914,CUS003,P001,2025-07-27,2025-09-07,16,408.73,6539.68
ORD11915,CUS007,P003,2025-08-01,2025-09-02,335,566.29,189707.15
ORD11916,CUS026,P002,2025-08-08,2025-09-06,30,731.56,21946.8
ORD11917,CUS050,P010,2025-08-05,2025-09-06,56,601.55,33686.8
ORD11918,CUS019,P003,2025-08-08,2025-09-06,170,613.75,104337.5
ORD11919,CUS050,P003,2025-08-09,2025-09-04,337,200.95,67720.15
ORD11920,CUS011,P011,2025-08-07,2025-09-20,375,321.34,120502.5
ORD11921,CUS026,P011,2025-08-06,2025-08-27,347,196.7,68254.9
ORD11922,CUS009,P007,2025-08-05,2025-09-12,150,550.7,82605.0
ORD11923,CUS046,P008,2025-08-03,2025-08-22,184,452.06,83179.04
ORD11924,CUS009,P015,2025-08-08,2025-08-26,437,457.87,200089.19
ORD11925,CUS030,P001,2025-08-08,2025-09-08,47,794.2,37327.4
ORD11926,CUS001,P008,2025-08-08,2025-08-29,69,840.8,58015.2
ORD11927,CUS008,P002,2025-08-05,2025-09-13,141,235.03,33139.23
ORD11928,CUS046,P011,2025-08-03,2025-08-23,308,731.41,225274.28
ORD11929,CUS016,P001,2025-08-09,2025-09-21,195,685.2,133614.0
ORD11930,CUS012,P012,2025-08-09,2025-09-11,457,782.61,357652.77
ORD11931,CUS047,P014,2025-08-16,2025-09-20,373,177.4,66170.2
ORD11932,CUS032,P012,2025-08-15,2025-09-28,159,486.64,77375.76
ORD11933,CUS047,P008,2025-08-13,2025-08-27,38,411.72,15645.36
ORD11934,CUS036,P015,2025-08-10,2025-09-02,184,224.86,41374.24
ORD11935,CUS022,P015,2025-08-10,2025-09-03,54,644.55,34805.7
ORD11936,CUS047,P013,2025-08-14,2025-08-29,291,824.35,239885.85
ORD11937,CUS049,P003,2025-08-13,2025-09-26,302,826.56,249621.12
ORD11938,CUS004,P010,2025-08-13,2025-09-21,220,625.61,137634.2
ORD11939,CUS010,P009,2025-08-13,2025-09-19,476,618.11,294220.36
ORD11940,CUS014,P009,2025-08-11,2025-09-17,245,77.12,18894.4
ORD11941,CUS020,P007,2025-08-16,2025-09-07,65,659.04,42837.6
ORD11942,CUS001,P004,2025-08-22,2025-10-05,14,711.37,9959.18
ORD11943,CUS048,P010,2025-08-23,2025-09-07,238,63.48,15108.24
ORD11944,CUS016,P008,2025-08-21,2025-09-07,280,546.0,152880.0
ORD11945,CUS049,P012,2025-08-20,2025-09-30,394,691.26,272356.44
ORD11946,CUS038,P004,2025-08-18,2025-09-03,265,685.45,181644.25
ORD11947,CUS049,P012,2025-08-17,2025-09-15,149,441.3,65753.7
ORD11948,CUS039,P003,2025-08-22,2025-10-02,261,621.09,162104.49
ORD11949,CUS035,P008,2025-08-23,2025-10-02,488,589.39,287622.32
ORD11950,CUS027,P006,2025-08-24,2025-10-07,418,261.28,109215.04
ORD11951,CUS018,P013,2025-08-26,2025-10-04,172,389.35,66968.2
ORD11952,CUS028,P008,2025-08-27,2025-10-03,356,252.85,90014.6
ORD11953,CUS050,P010,2025-08-28,2025-09-21,267,109.94,29353.98
ORD11954,CUS038,P005,2025-08-27,2025-10-10,305,313.77,95699.85
ORD11955,CUS003,P004,2025-08-26,2025-09-30,401,134.21,53818.21
ORD11956,CUS010,P001,2025-08-25,2025-10-05,101,352.69,35621.69
ORD11957,CUS015,P001,2025-08-25,2025-09-16,442,638.13,282053.46
ORD11958,CUS043,P015,2025-08-26,2025-10-01,97,811.25,78691.25
ORD11959,CUS024,P008,2025-08-25,2025-09-23,15,529.72,7945.8
ORD11960,CUS046,P013,2025-08-24,2025-10-06,395,664.6,262517.0
ORD11961,CUS017,P013,2025-08-30,2025-09-15,385,339.41,130672.85
ORD11962,CUS022,P002,2025-08-27,2025-10-01,85,559.02,47516.7
ORD11963,CUS018,P008,2025-08-27,2025-10-10,198,125.79,24906.42
ORD11964,CUS022,P012,2025-08-28,2025-09-23,256,652.05,166924.8
ORD11965,CUS037,P010,2025-08-24,2025-09-10,378,683.81,258480.18
ORD11966,CUS014,P007,2025-08-29,2025-10-08,317,792.83,251327.11
ORD11967,CUS009,P008,2025-09-03,2025-10-01,121,844.15,102142.15
ORD11968,CUS009,P003,2025-09-04,2025-10-10,366,355.2,130003.2
ORD11969,CUS050,P013,2025-09-04,2025-10-02,248,140.35,34806.8
ORD11970,CUS015,P008,2025-09-05,2025-09-30,105,303.04,31819.2
ORD11971,CUS038,P004,2025-08-31,2025-09-16,129,693.18,89420.22
ORD11972,CUS046,P008,2025-09-06,2025-09-23,13,473.16,6151.08
ORD11973,CUS038,P005,2025-09-01,2025-09-28,138,796.87,109968.06
ORD11974,CUS003,P004,2025-09-05,2025-10-17,15,245.36,3680.4
ORD11975,CUS013,P004,2025-09-06,2025-10-02,359,127.13,45639.67
ORD11976,CUS041,P009,2025-09-06,2025-10-03,283,256.77,72665.91
ORD11977,CUS026,P011,2025-09-06,2025-09-25,75,322.04,24153.0
ORD11978,CUS036,P011,2025-09-07,2025-10-08,247,205.77,50825.19
ORD11979,CUS007,P010,2025-09-11,2025-10-18,395,796.58,314649.1
ORD11980,CUS044,P002,2025-09-10,2025-10-20,302,568.45,171671.9
ORD11981,CUS035,P001,2025-09-12,2025-10-20,161,329.86,53107.46
ORD11982,CUS046,P006,2025-09-09,2025-10-12,382,711.4,271754.8
ORD11983,CUS010,P002,2025-09-09,2025-10-24,350,599.8,209930.0
ORD11984,CUS015,P008,2025-09-11,2025-10-05,232,263.73,61185.36
ORD11985,CUS021,P004,2025-09-12,2025-10-05,332,704.72,233967.04
ORD11986,CUS013,P011,2025-09-11,2025-10-22,277,461.69,127888.13
ORD11987,CUS040,P004,2025-09-09,2025-10-01,279,843.44,235319.76
ORD11988,CUS014,P011,2025-09-13,2025-09-29,123,522.66,64287.18
ORD11989,CUS040,P015,2025-09-11,2025-10-24,477,780.94,372508.38
ORD11990,CUS044,P009,2025-09-13,2025-10-10,356,199.26,70936.56
ORD11991,CUS045,P006,2025-09-07,2025-10-06,94,103.05,9686.7
ORD11992,CUS033,P006,2025-09-13,2025-10-23,186,683.24,127082.64
ORD11993,CUS006,P011,2025-09-19,2025-10-04,75,298.59,22394.25
ORD11994,CUS026,P007,2025-09-17,2025-10-26,336,578.65,194426.4
ORD11995,CUS003,P007,2025-09-19,2025-11-01,124,842.14,104425.36
ORD11996,CUS032,P007,2025-09-17,2025-10-06,455,270.72,123177.6
ORD11997,CUS037,P010,2025-09-19,2025-10-30,136,142.42,19369.12
ORD11998,CUS038,P006,2025-09-19,2025-10-08,465,627.84,291945.6
ORD11999,CUS015,P009,2025-09-16,2025-10-11,168,145.98,24524.64
ORD12000,CUS031,P007,2025-09-15,2025-10-08,62,293.33,18186.46
ORD12001,CUS037,P013,2025-09-17,2025-10-16,474,583.53,276593.22
ORD12002,CUS019,P004,2025-09-18,2025-10-28,126,517.17,65163.42
ORD12003,CUS017,P010,2025-09-16,2025-10-18,13,190.88,2481.44
ORD12004,CUS037,P006,2025-09-16,2025-10-18,222,323.89,71903.58
ORD12005,CUS050,P011,2025-09-19,2025-10-26,111,86.45,9595.95
ORD12006,CUS004,P009,2025-09-17,2025-10-14,26,69.2,1799.2
ORD12007,CUS048,P014,2025-09-14,2025-09-29,349,145.84,50898.16
ORD12008,CUS030,P004,2025-09-17,2025-10-25,123,588.39,72371.97
ORD12009,CUS011,P006,2025-09-19,2025-10-27,346,680.65,235504.9
ORD12010,CUS014,P012,2025-09-19,2025-10-14,97,806.34,78214.98
ORD12011,CUS014,P005,2025-09-18,2025-10-30,147,490.53,72107.91
ORD12012,CUS039,P002,2025-09-17,2025-10-26,12,682.48,8189.76
ORD12013,CUS008,P001,2025-09-25,2025-10-09,164,477.69,78341.16
ORD12014,CUS028,P007,2025-09-26,2025-10-11,392,389.95,152860.4
ORD12015,CUS048,P003,2025-09-24,2025-10-27,165,787.28,129901.2
ORD12016,CUS029,P013,2025-09-27,2025-10-23,350,411.95,144182.5
ORD12017,CUS023,P010,2025-09-23,2025-10-24,56,424.58,23776.48
ORD12018,CUS028,P013,2025-09-21,2025-10-06,316,188.21,59474.36
ORD12019,CUS007,P015,2025-09-24,2025-10-26,478,798.61,381735.58
ORD12020,CUS046,P011,2025-09-26,2025-11-02,336,808.41,271625.76
ORD12021,CUS007,P001,2025-09-23,2025-10-29,394,429.94,169396.36
ORD12022,CUS016,P012,2025-09-23,2025-11-02,232,818.13,189806.16
ORD12023,CUS020,P005,2025-09-24,2025-10-21,362,817.33,295873.46
ORD12024,CUS015,P009,2025-09-24,2025-10-11,391,661.07,258478.37
ORD12025,CUS046,P006,2025-09-22,2025-10-07,347,298.7,103648.9
ORD12026,CUS028,P006,2025-09-21,2025-10-17,236,472.41,111488.76
ORD12027,CUS020,P012,2025-09-24,2025-11-05,56,514.57,28815.92
ORD12028,CUS049,P009,2025-09-25,2025-10-24,237,250.59,59389.83
ORD12029,CUS017,P006,2025-09-21,2025-10-30,270,288.1,77787.0
ORD12030,CUS033,P001,2025-10-01,2025-10-25,392,291.78,114377.76
ORD12031,CUS010,P004,2025-09-28,2025-11-05,153,349.46,53467.38
ORD12032,CUS039,P011,2025-09-29,2025-10-29,486,208.39,101277.54
ORD12033,CUS050,P014,2025-09-29,2025-11-04,138,460.92,63606.96
ORD12034,CUS039,P006,2025-09-29,2025-10-20,105,701.7,73678.5
ORD12035,CUS044,P006,2025-10-01,2025-10-17,431,218.99,94384.69
ORD12036,CUS029,P002,2025-09-28,2025-10-14,117,297.35,34789.95
ORD12037,CUS020,P007,2025-10-02,2025-11-03,205,377.41,77369.05
ORD12038,CUS020,P010,2025-10-04,2025-10-21,118,418.48,49380.64
ORD12039,CUS017,P008,2025-09-30,2025-11-12,230,631.09,145150.7
ORD12040,CUS038,P002,2025-10-03,2025-10-22,228,91.88,20948.64
ORD12041,CUS008,P013,2025-10-07,2025-10-23,396,221.14,87571.44
ORD12042,CUS037,P014,2025-10-10,2025-11-18,367,283.23,103945.41
ORD12043,CUS023,P009,2025-10-11,2025-11-20,373,439.73,164019.29
ORD12044,CUS045,P002,2025-10-10,2025-10-26,31,674.96,20923.76
ORD12045,CUS020,P002,2025-10-07,2025-11-04,120,203.76,24451.2
ORD12046,CUS009,P014,2025-10-09,2025-11-18,375,614.98,230617.5
ORD12047,CUS026,P001,2025-10-05,2025-11-02,273,283.88,77499.24
ORD12048,CUS048,P001,2025-10-11,2025-10-26,95,508.55,48312.25
ORD12049,CUS031,P004,2025-10-11,2025-10-25,64,843.0,53952.0
ORD12050,CUS002,P002,2025-10-06,2025-11-07,425,316.9,134682.5
ORD12051,CUS007,P009,2025-10-12,2025-11-18,296,70.21,20782.16
ORD12052,CUS048,P015,2025-10-17,2025-11-05,316,268.54,84858.64
ORD12053,CUS037,P013,2025-10-16,2025-11-06,107,778.51,83300.57
ORD12054,CUS041,P013,2025-10-17,2025-11-23,28,748.6,20960.8
ORD12055,CUS022,P002,2025-10-16,2025-11-05,353,695.71,245585.63
ORD12056,CUS038,P004,2025-10-18,2025-11-27,282,386.37,108956.34
ORD12057,CUS033,P007,2025-10-18,2025-12-02,49,423.5,20751.5
ORD12058,CUS035,P001,2025-10-17,2025-11-19,322,807.03,259863.66
ORD12059,CUS039,P014,2025-10-13,2025-11-06,394,714.35,281453.9
ORD12060,CUS036,P015,2025-10-17,2025-11-23,18,429.58,7732.44
ORD12061,CUS045,P002,2025-10-16,2025-11-26,52,151.8,7893.6
ORD12062,CUS038,P004,2025-10-13,2025-11-04,48,653.99,31391.52
ORD12063,CUS018,P010,2025-10-14,2025-11-07,79,59.73,4718.67
ORD12064,CUS050,P013,2025-10-14,2025-10-30,350,68.03,23810.5
ORD12065,CUS014,P008,2025-10-18,2025-11-05,489,791.36,386975.04
ORD12066,CUS024,P009,2025-10-23,2025-11-28,207,152.46,31559.22
ORD12067,CUS029,P005,2025-10-23,2025-11-06,208,354.53,73742.24
ORD12068,CUS005,P012,2025-10-20,2025-11-29,413,830.48,342988.24
ORD12069,CUS009,P012,2025-10-19,2025-11-16,479,74.13,35508.27
ORD12070,CUS025,P010,2025-10-25,2025-12-01,492,85.58,42105.36
ORD12071,CUS021,P008,2025-10-24,2025-11-12,96,115.89,11125.44
ORD12072,CUS036,P007,2025-10-19,2025-11-06,287,92.54,26558.98
ORD12073,CUS008,P011,2025-10-24,2025-11-15,452,576.24,260460.48
ORD12074,CUS042,P013,2025-10-20,2025-11-17,110,73.91,8130.1
ORD12075,CUS021,P006,2025-10-23,2025-12-07,307,619.53,190195.71
ORD12076,CUS009,P001,2025-10-22,2025-11-14,123,119.89,14746.47
ORD12077,CUS019,P014,2025-10-24,2025-11-28,317,380.14,120504.38
ORD12078,CUS043,P012,2025-10-23,2025-11-12,443,41.64,18446.52
ORD12079,CUS038,P012,2025-10-22,2025-11-11,302,654.32,197604.64
ORD12080,CUS036,P001,2025-10-21,2025-11-26,25,308.62,7715.5
ORD12081,CUS005,P003,2025-11-01,2025-11-18,441,204.15,90030.15
ORD12082,CUS028,P001,2025-10-30,2025-11-20,217,673.47,146142.99
ORD12083,CUS050,P002,2025-10-31,2025-11-14,139,235.46,32728.94
ORD12084,CUS027,P014,2025-10-26,2025-11-13,364,529.23,192639.72
ORD12085,CUS007,P005,2025-10-26,2025-11-24,149,375.5,55949.5
ORD12086,CUS021,P005,2025-10-28,2025-12-03,25,701.69,17542.25
ORD12087,CUS001,P010,2025-10-31,2025-12-05,434,774.66,336202.44
ORD12088,CUS033,P001,2025-10-29,2025-11-20,364,804.35,292783.4
ORD12089,CUS017,P006,2025-10-29,2025-12-09,314,484.94,152271.16
ORD12090,CUS040,P011,2025-11-06,2025-12-12,302,564.44,170460.88
ORD12091,CUS032,P005,2025-11-03,2025-12-04,50,276.67,13833.5
ORD12092,CUS043,P010,2025-11-07,2025-11-22,158,536.75,84806.5
ORD12093,CUS030,P015,2025-11-08,2025-12-20,474,380.64,180423.36
ORD12094,CUS021,P014,2025-11-03,2025-12-05,242,360.15,87156.3
ORD12095,CUS025,P010,2025-11-02,2025-12-08,109,62.04,6762.36
ORD12096,CUS026,P014,2025-11-04,2025-12-19,81,457.66,37070.46
ORD12097,CUS041,P007,2025-11-02,2025-12-16,160,579.64,92742.4
ORD12098,CUS025,P015,2025-11-06,2025-12-10,308,772.98,238077.84
ORD12099,CUS009,P013,2025-11-07,2025-12-15,76,527.22,40068.72
ORD12100,CUS029,P007,2025-11-02,2025-11-23,398,346.94,138082.12
ORD12101,CUS009,P013,2025-11-07,2025-12-16,232,31.5,7308.0
ORD12102,CUS013,P005,2025-11-06,2025-11-28,148,691.53,102346.44
ORD12103,CUS026,P015,2025-11-06,2025-12-16,257,561.64,144341.48
ORD12104,CUS008,P007,2025-11-04,2025-12-12,90,717.33,64559.7
ORD12105,CUS048,P008,2025-11-08,2025-12-10,32,155.46,4974.72
ORD12106,CUS024,P014,2025-11-05,2025-11-27,115,96.56,11104.4
ORD12107,CUS010,P006,2025-11-03,2025-12-04,101,817.84,82601.84
ORD12108,CUS010,P006,2025-11-15,2025-12-23,435,52.92,23020.2
ORD12109,CUS034,P006,2025-11-14,2025-12-17,317,347.15,110046.55
ORD12110,CUS005,P008,2025-11-10,2025-11-30,195,813.53,158638.35
ORD12111,CUS004,P006,2025-11-15,2025-12-08,14,541.4,7579.6
ORD12112,CUS047,P015,2025-11-10,2025-12-15,111,658.22,73062.42
ORD12113,CUS013,P012,2025-11-09,2025-12-10,200,782.8,156560.0
ORD12114,CUS002,P006,2025-11-13,2025-12-11,157,572.7,89913.9
ORD12115,CUS016,P003,2025-11-10,2025-12-01,13,523.74,6808.62
ORD12116,CUS010,P015,2025-11-13,2025-12-14,479,237.97,113987.63
ORD12117,CUS048,P004,2025-11-14,2025-12-04,415,696.87,289201.05
ORD12118,CUS045,P011,2025-11-15,2025-12-03,153,736.25,112646.25
ORD12119,CUS035,P015,2025-11-15,2025-12-30,272,208.52,56717.44
ORD12120,CUS045,P015,2025-11-15,2025-12-11,358,720.34,257881.72
ORD12121,CUS031,P010,2025-11-22,2025-12-15,362,745.94,270030.28
ORD12122,CUS003,P013,2025-11-17,2025-12-07,485,119.67,58039.95
ORD12123,CUS034,P003,2025-11-17,2025-12-06,121,430.97,52147.37
ORD12124,CUS037,P014,2025-11-21,2025-12-10,267,114.97,30696.99
ORD12125,CUS001,P001,2025-11-22,2025-12-30,87,735.75,64010.25
ORD12126,CUS011,P007,2025-11-18,2025-12-31,275,662.19,182102.25
ORD12127,CUS049,P013,2025-11-19,2025-12-16,357,299.31,106853.67
ORD12128,CUS033,P008,2025-11-19,2025-12-21,407,803.93,327199.51
ORD12129,CUS023,P014,2025-11-17,2025-12-27,119,657.98,78299.62
ORD12130,CUS020,P009,2025-11-20,2025-12-13,110,642.91,70720.1
ORD12131,CUS032,P014,2025-11-21,2025-12-14,171,281.42,48122.82
ORD12132,CUS048,P003,2025-11-17,2025-12-21,113,294.72,33303.36
ORD12133,CUS005,P015,2025-11-19,2025-12-14,293,45.82,13425.26
ORD12134,CUS003,P004,2025-11-18,2025-12-23,197,215.08,42370.76
ORD12135,CUS048,P009,2025-11-17,2025-12-31,91,30.87,2809.17
ORD12136,CUS029,P007,2025-11-26,2026-01-06,204,779.94,159107.76
ORD12137,CUS046,P001,2025-11-27,2025-12-19,286,475.44,135975.84
ORD12138,CUS032,P005,2025-11-25,2026-01-06,50,621.44,31072.0
ORD12139,CUS009,P001,2025-11-28,2026-01-11,170,196.28,33367.6
ORD12140,CUS044,P014,2025-11-29,2025-12-26,376,776.83,292088.08
ORD12141,CUS036,P006,2025-11-27,2025-12-23,62,331.42,20548.04
ORD12142,CUS049,P012,2025-11-24,2026-01-02,75,103.61,7770.75
ORD12143,CUS042,P001,2025-11-26,2025-12-28,374,766.24,286573.76
ORD12144,CUS006,P005,2025-11-29,2025-12-29,122,28.13,3431.86
ORD12145,CUS008,P001,2025-11-29,2026-01-06,51,253.82,12944.82
ORD12146,CUS019,P006,2025-11-24,2026-01-01,486,277.36,134796.96
ORD12147,CUS046,P008,2025-11-25,2025-12-26,486,193.91,94240.26
ORD12148,CUS039,P013,2025-12-04,2026-01-17,59,693.89,40939.51
ORD12149,CUS044,P014,2025-12-02,2025-12-30,126,700.42,88252.92
ORD12150,CUS018,P013,2025-12-04,2026-01-15,94,538.33,50603.02
ORD12151,CUS040,P008,2025-11-30,2025-12-19,22,643.75,14162.5
ORD12152,CUS048,P004,2025-12-06,2026-01-08,125,267.96,33495.0
ORD12153,CUS039,P010,2025-12-03,2026-01-09,388,611.94,237432.72
ORD12154,CUS045,P006,2025-12-06,2026-01-15,330,81.78,26987.4
ORD12155,CUS034,P009,2025-12-04,2025-12-23,438,794.39,347942.82
ORD12156,CUS033,P007,2025-11-30,2025-12-22,69,327.24,22579.56
ORD12157,CUS010,P008,2025-12-11,2026-01-10,121,401.48,48579.08
ORD12158,CUS015,P009,2025-12-08,2026-01-22,472,262.98,124126.56
ORD12159,CUS003,P015,2025-12-08,2026-01-04,70,157.15,11000.5
ORD12160,CUS012,P004,2025-12-13,2026-01-16,145,484.32,70226.4
ORD12161,CUS029,P001,2025-12-09,2026-01-20,115,590.75,67936.25
ORD12162,CUS020,P012,2025-12-12,2026-01-08,418,351.98,147127.64
ORD12163,CUS030,P005,2025-12-10,2026-01-23,380,733.26,278638.8
ORD12164,CUS017,P001,2025-12-10,2025-12-25,123,357.22,43938.06
ORD12165,CUS027,P014,2025-12-13,2026-01-18,215,35.33,7595.95
ORD12166,CUS044,P008,2025-12-10,2026-01-01,92,730.22,67180.24
ORD12167,CUS036,P014,2025-12-08,2025-12-29,453,822.82,372737.46
ORD12168,CUS044,P011,2025-12-11,2026-01-02,71,504.35,35808.85
ORD12169,CUS014,P014,2025-12-13,2026-01-22,452,815.67,368682.84
ORD12170,CUS011,P008,2025-12-11,2026-01-10,400,388.3,155320.0
ORD12171,CUS028,P005,2025-12-12,2026-01-08,316,194.94,61601.04
ORD12172,CUS001,P015,2025-12-09,2026-01-15,339,508.64,172428.96
ORD12173,CUS028,P010,2025-12-08,2025-12-24,470,356.89,167738.3
ORD12174,CUS026,P001,2025-12-16,2026-01-21,128,102.96,13178.88
ORD12175,CUS013,P005,2025-12-19,2026-01-18,115,848.75,97606.25
ORD12176,CUS034,P013,2025-12-19,2026-01-19,306,749.58,229371.48
ORD12177,CUS036,P002,2025-12-14,2026-01-16,450,683.63,307633.5
ORD12178,CUS023,P002,2025-12-15,2026-01-14,102,122.64,12509.28
ORD12179,CUS025,P012,2025-12-15,2026-01-27,295,587.82,173406.9
ORD12180,CUS031,P013,2025-12-19,2026-01-03,167,486.27,81207.09
ORD12181,CUS047,P004,2025-12-20,2026-01-27,139,541.38,75251.82
ORD12182,CUS034,P002,2025-12-14,2026-01-23,382,303.89,116085.98
ORD12183,CUS023,P015,2025-12-16,2026-01-22,303,793.94,240563.82
ORD12184,CUS011,P002,2025-12-18,2026-01-16,265,498.39,132073.35
ORD12185,CUS013,P015,2025-12-14,2026-01-10,400,728.87,291548.0
ORD12186,CUS013,P015,2025-12-19,2026-01-27,182,500.37,91067.34
ORD12187,CUS012,P008,2025-12-17,2026-01-29,228,453.73,103450.44
ORD12188,CUS031,P008,2025-12-16,2026-01-12,194,675.36,131019.84
ORD12189,CUS028,P002,2025-12-15,2026-01-17,55,425.56,23405.8
ORD12190,CUS039,P002,2025-12-18,2026-01-23,122,663.9,80995.8
ORD12191,CUS036,P001,2025-12-18,2026-01-20,101,381.69,38550.69
ORD12192,CUS009,P004,2025-12-22,2026-01-05,357,694.41,247904.37
ORD12193,CUS026,P002,2025-12-23,2026-01-07,26,102.53,2665.78
ORD12194,CUS006,P004,2025-12-25,2026-01-14,181,279.06,50509.86
ORD12195,CUS001,P005,2025-12-23,2026-01-17,393,189.02,74284.86
ORD12196,CUS017,P008,2025-12-25,2026-01-18,398,86.53,34438.94
ORD12197,CUS038,P010,2025-12-21,2026-01-09,11,737.81,8115.91
ORD12198,CUS034,P007,2025-12-21,2026-01-28,407,700.9,285266.3
ORD12199,CUS017,P014,2025-12-24,2026-01-08,169,717.38,121237.22
ORD12200,CUS043,P010,2025-12-25,2026-01-13,185,834.52,154386.2
ORD12201,CUS031,P004,2025-12-25,2026-01-09,205,399.71,81940.55
ORD12202,CUS037,P007,2025-12-24,2026-01-21,208,397.97,82777.76
ORD12203,CUS003,P010,2025-12-26,2026-02-03,70,62.17,4351.9
ORD12204,CUS012,P013,2025-12-22,2026-02-03,102,381.69,38932.38
ORD12205,CUS015,P011,2025-12-22,2026-01-08,196,444.86,87192.56
ORD12206,CUS025,P010,2025-12-25,2026-02-05,91,764.04,69527.64
ORD12207,CUS024,P010,2025-12-31,2026-01-20,350,721.51,252528.5
ORD12208,CUS042,P006,2025-12-30,2026-02-10,326,186.26,60720.76
ORD12209,CUS050,P015,2025-12-31,2026-02-12,13,122.8,1596.4
ORD12210,CUS044,P006,2025-12-30,2026-01-19,436,821.18,358034.48
ORD12211,CUS044,P008,2025-12-29,2026-01-23,383,715.27,273948.41
ORD12212,CUS027,P001,2026-01-03,2026-02-13,270,305.77,82557.9
ORD12213,CUS033,P009,2026-01-02,2026-02-11,396,76.84,30428.64
ORD12214,CUS049,P009,2025-12-30,2026-02-12,112,801.96,89819.52
ORD12215,CUS033,P007,2025-12-31,2026-02-01,434,200.34,86947.56
ORD12216,CUS045,P015,2025-12-29,2026-02-07,150,249.02,37353.0
ORD12217,CUS032,P001,2025-12-29,2026-02-05,112,149.06,16694.72
ORD12218,CUS026,P014,2025-12-31,2026-02-10,463,686.59,317891.17
ORD12219,CUS023,P010,2025-12-31,2026-01-30,386,301.19,116259.34
ORD12220,CUS029,P011,2026-01-02,2026-02-09,207,535.69,110887.83
ORD12221,CUS038,P011,2025-12-30,2026-02-10,391,89.6,35033.6
ORD12222,CUS023,P014,2026-01-02,2026-01-31,150,729.28,109392.0
ORD12223,CUS017,P014,2025-12-30,2026-01-15,377,551.78,208021.06
ORD12224,CUS017,P001,2026-01-03,2026-02-09,133,390.21,51897.93
ORD12225,CUS011,P010,2026-01-02,2026-01-16,296,623.1,184437.6
ORD12226,CUS044,P014,2026-01-02,2026-02-10,171,749.76,128208.96
ORD12227,CUS042,P010,2025-12-30,2026-02-03,459,47.26,21692.34
ORD12228,CUS029,P013,2026-01-03,2026-02-08,153,482.02,73749.06
ORD12229,CUS050,P008,2026-01-08,2026-01-22,201,214.4,43094.4
ORD12230,CUS014,P004,2026-01-09,2026-02-15,483,357.4,172624.2
ORD12231,CUS013,P003,2026-01-09,2026-01-30,136,360.84,49074.24
ORD12232,CUS025,P005,2026-01-09,2026-01-25,366,783.01,286581.66
ORD12233,CUS050,P001,2026-01-07,2026-02-04,244,197.45,48177.8
ORD12234,CUS018,P002,2026-01-06,2026-01-20,379,750.93,284602.47
ORD12235,CUS014,P003,2026-01-10,2026-02-09,439,49.18,21590.02
ORD12236,CUS007,P001,2026-01-10,2026-02-02,218,322.8,70370.4
ORD12237,CUS035,P008,2026-01-16,2026-02-26,115,191.73,22048.95
ORD12238,CUS019,P015,2026-01-14,2026-02-26,153,559.37,85583.61
ORD12239,CUS018,P012,2026-01-17,2026-02-25,452,381.3,172347.6
ORD12240,CUS003,P004,2026-01-12,2026-02-03,472,425.7,200930.4
ORD12241,CUS037,P010,2026-01-14,2026-02-13,67,301.93,20229.31
ORD12242,CUS010,P013,2026-01-11,2026-02-12,428,697.97,298731.16
ORD12243,CUS004,P015,2026-01-11,2026-01-26,101,543.34,54877.34
ORD12244,CUS028,P001,2026-01-14,2026-02-04,359,745.93,267788.87
ORD12245,CUS021,P002,2026-01-14,2026-02-16,275,241.46,66401.5
ORD12246,CUS030,P008,2026-01-15,2026-02-28,113,452.65,51149.45
ORD12247,CUS016,P014,2026-01-17,2026-02-01,228,96.94,22102.32
ORD12248,CUS014,P015,2026-01-20,2026-03-03,451,565.62,255094.62
ORD12249,CUS018,P012,2026-01-21,2026-02-17,447,306.65,137072.55
ORD12250,CUS023,P011,2026-01-24,2026-02-18,219,51.16,11204.04
ORD12251,CUS049,P008,2026-01-18,2026-02-26,450,460.48,207216.0
ORD12252,CUS022,P007,2026-01-24,2026-03-09,40,421.73,16869.2
ORD12253,CUS041,P014,2026-01-23,2026-02-13,492,156.93,77209.56
ORD12254,CUS012,P004,2026-01-23,2026-03-03,482,103.25,49766.5
ORD12255,CUS014,P010,2026-01-18,2026-02-09,106,430.89,45674.34
ORD12256,CUS017,P006,2026-01-22,2026-02-24,354,109.52,38770.08
ORD12257,CUS048,P004,2026-01-19,2026-03-05,220,796.52,175234.4
ORD12258,CUS029,P001,2026-01-20,2026-02-03,260,502.49,130647.4
ORD12259,CUS049,P001,2026-01-23,2026-03-03,442,553.97,244854.74
ORD12260,CUS002,P014,2026-01-28,2026-02-28,30,434.17,13025.1
ORD12261,CUS030,P009,2026-01-26,2026-02-28,235,463.0,108805.0
ORD12262,CUS018,P009,2026-01-26,2026-02-09,126,234.8,29584.8
ORD12263,CUS050,P006,2026-01-28,2026-02-24,231,792.0,182952.0
ORD12264,CUS022,P011,2026-01-27,2026-02-10,454,265.12,120364.48
ORD12265,CUS017,P010,2026-01-26,2026-03-11,104,449.11,46707.44
ORD12266,CUS040,P001,2026-01-26,2026-02-16,453,397.64,180130.92
ORD12267,CUS033,P004,2026-01-31,2026-03-10,421,838.47,352995.87
ORD12268,CUS016,P012,2026-01-25,2026-03-07,262,638.97,167410.14
ORD12269,CUS048,P010,2026-02-05,2026-03-08,495,240.4,118998.0
ORD12270,CUS018,P015,2026-02-01,2026-03-07,390,509.79,198818.1
ORD12271,CUS002,P004,2026-02-02,2026-02-18,246,541.72,133263.12
ORD12272,CUS024,P007,2026-02-01,2026-03-08,89,374.24,33307.36
ORD12273,CUS040,P013,2026-02-01,2026-02-22,390,323.32,126094.8
ORD12274,CUS014,P014,2026-02-06,2026-02-22,470,132.52,62284.4
ORD12275,CUS039,P011,2026-02-05,2026-03-16,205,186.56,38244.8
ORD12276,CUS002,P010,2026-02-07,2026-03-03,476,227.86,108461.36
ORD12277,CUS026,P006,2026-02-03,2026-02-17,135,49.22,6644.7
ORD12278,CUS039,P011,2026-02-05,2026-02-26,421,316.41,133208.61
ORD12279,CUS004,P013,2026-02-02,2026-03-17,116,787.62,91363.92
ORD12280,CUS002,P002,2026-02-02,2026-03-10,120,102.07,12248.4
ORD12281,CUS021,P001,2026-02-01,2026-03-05,75,190.39,14279.25
ORD12282,CUS035,P003,2026-02-13,2026-03-01,398,847.29,337221.42
ORD12283,CUS025,P015,2026-02-12,2026-03-06,423,774.57,327643.11
ORD12284,CUS020,P009,2026-02-14,2026-03-07,410,596.82,244696.2
ORD12285,CUS037,P004,2026-02-08,2026-03-16,162,462.82,74976.84
ORD12286,CUS046,P008,2026-02-09,2026-03-17,237,649.1,153836.7
ORD12287,CUS032,P010,2026-02-11,2026-03-10,310,694.36,215251.6
ORD12288,CUS048,P003,2026-02-10,2026-03-17,336,585.93,196872.48
ORD12289,CUS016,P009,2026-02-14,2026-03-06,201,732.87,147306.87
ORD12290,CUS035,P003,2026-02-11,2026-03-06,450,584.76,263142.0
ORD12291,CUS049,P009,2026-02-14,2026-03-08,233,793.73,184939.09
ORD12292,CUS009,P010,2026-02-10,2026-03-02,268,308.22,82602.96
ORD12293,CUS024,P006,2026-02-13,2026-03-28,361,370.51,133754.11
ORD12294,CUS034,P013,2026-02-12,2026-03-03,182,771.84,140474.88
ORD12295,CUS038,P001,2026-02-09,2026-02-26,489,448.47,219301.83
ORD12296,CUS037,P007,2026-02-13,2026-03-20,442,275.25,121660.5
ORD12297,CUS048,P009,2026-02-11,2026-03-21,62,582.05,36087.1
ORD12298,CUS022,P001,2026-02-14,2026-03-18,272,482.39,131210.08
ORD12299,CUS038,P012,2026-02-08,2026-03-14,387,50.12,19396.44
ORD12300,CUS009,P011,2026-02-17,2026-03-21,218,612.27,133474.86
ORD12301,CUS003,P004,2026-02-17,2026-03-04,237,794.54,188305.98
ORD12302,CUS027,P010,2026-02-17,2026-03-25,411,315.64,129728.04
ORD12303,CUS045,P013,2026-02-21,2026-03-20,198,735.28,145585.44
ORD12304,CUS033,P009,2026-02-15,2026-03-04,269,649.22,174640.18
ORD12305,CUS009,P011,2026-02-16,2026-03-30,234,665.17,155649.78
ORD12306,CUS020,P008,2026-02-21,2026-04-04,331,434.74,143898.94
ORD12307,CUS032,P005,2026-02-17,2026-03-14,199,259.19,51578.81
ORD12308,CUS046,P002,2026-02-16,2026-03-15,273,394.09,107586.57
ORD12309,CUS019,P012,2026-02-19,2026-03-20,257,516.81,132820.17
ORD12310,CUS040,P001,2026-02-15,2026-04-01,41,611.32,25064.12
ORD12311,CUS022,P015,2026-02-17,2026-03-21,290,711.51,206337.9
ORD12312,CUS037,P012,2026-02-20,2026-04-01,246,764.52,188071.92
ORD12313,CUS047,P014,2026-02-15,2026-03-28,228,134.37,30636.36
ORD12314,CUS044,P010,2026-02-17,2026-03-29,347,722.5,250707.5
ORD12315,CUS008,P003,2026-02-17,2026-03-26,310,207.32,64269.2
ORD12316,CUS002,P015,2026-02-16,2026-03-30,230,393.57,90521.1
ORD12317,CUS047,P013,2026-02-22,2026-04-01,164,127.24,20867.36
ORD12318,CUS010,P015,2026-02-28,2026-03-23,261,146.71,38291.31
ORD12319,CUS031,P007,2026-02-24,2026-03-22,422,76.77,32396.94
ORD12320,CUS019,P014,2026-02-24,2026-03-17,365,542.78,198114.7
ORD12321,CUS018,P002,2026-02-25,2026-03-14,38,304.66,11577.08
ORD12322,CUS024,P006,2026-02-26,2026-03-27,414,264.08,109329.12
ORD12323,CUS023,P010,2026-02-24,2026-04-02,482,383.99,185083.18
ORD12324,CUS012,P002,2026-02-25,2026-03-24,114,332.73,37931.22
ORD12325,CUS043,P008,2026-02-27,2026-04-08,222,444.9,98767.8
ORD12326,CUS036,P014,2026-02-28,2026-04-05,398,31.42,12505.16
ORD12327,CUS048,P010,2026-02-22,2026-03-09,267,369.33,98611.11
ORD12328,CUS046,P001,2026-02-24,2026-03-22,50,415.76,20788.0
ORD12329,CUS024,P015,2026-02-24,2026-04-09,296,289.87,85801.52
ORD12330,CUS011,P002,2026-02-27,2026-04-11,308,216.0,66528.0
ORD12331,CUS026,P009,2026-02-25,2026-03-13,408,798.96,325975.68
ORD12332,CUS044,P004,2026-02-28,2026-03-18,352,585.98,206264.96
ORD12333,CUS003,P009,2026-02-26,2026-04-03,340,585.35,199019.0
ORD12334,CUS003,P006,2026-03-03,2026-03-29,315,89.58,28217.7
ORD12335,CUS007,P006,2026-03-07,2026-04-03,98,61.06,5983.88
ORD12336,CUS026,P005,2026-03-01,2026-03-17,322,609.23,196172.06
ORD12337,CUS044,P011,2026-03-06,2026-04-04,372,204.14,75940.08
ORD12338,CUS037,P007,2026-03-02,2026-04-16,310,60.12,18637.2
ORD12339,CUS001,P011,2026-03-06,2026-04-04,288,487.43,140379.84
ORD12340,CUS029,P009,2026-03-02,2026-03-20,296,464.14,137385.44
ORD12341,CUS014,P009,2026-03-03,2026-04-04,497,799.78,397490.66
ORD12342,CUS034,P002,2026-03-07,2026-04-16,405,398.56,161416.8
ORD12343,CUS016,P012,2026-03-10,2026-04-01,388,31.52,12229.76
ORD12344,CUS015,P005,2026-03-12,2026-03-31,105,267.51,28088.55
ORD12345,CUS048,P013,2026-03-11,2026-04-21,159,421.61,67035.99
ORD12346,CUS010,P012,2026-03-14,2026-04-23,167,251.72,42037.24
ORD12347,CUS002,P005,2026-03-11,2026-04-06,402,589.48,236970.96
ORD12348,CUS011,P013,2026-03-11,2026-04-21,218,222.68,48544.24
ORD12349,CUS039,P013,2026-03-13,2026-04-16,275,101.66,27956.5
ORD12350,CUS045,P009,2026-03-11,2026-04-22,432,730.16,315429.12
ORD12351,CUS018,P010,2026-03-12,2026-04-05,169,345.24,58345.56
ORD12352,CUS029,P011,2026-03-08,2026-04-10,487,808.64,393807.68
ORD12353,CUS025,P014,2026-03-12,2026-04-08,416,494.46,205695.36
ORD12354,CUS046,P006,2026-03-09,2026-03-28,424,294.81,124999.44
ORD12355,CUS028,P007,2026-03-10,2026-04-02,110,532.42,58566.2
ORD12356,CUS001,P003,2026-03-13,2026-04-20,415,679.99,282195.85
ORD12357,CUS001,P014,2026-03-19,2026-04-26,147,656.68,96531.96
ORD12358,CUS038,P007,2026-03-18,2026-04-27,351,846.7,297191.7
ORD12359,CUS034,P002,2026-03-15,2026-04-09,439,139.76,61354.64
ORD12360,CUS010,P004,2026-03-20,2026-04-11,146,341.56,49867.76
ORD12361,CUS032,P003,2026-03-16,2026-04-02,125,410.86,51357.5
ORD12362,CUS015,P008,2026-03-20,2026-04-20,37,834.53,30877.61
ORD12363,CUS044,P012,2026-03-15,2026-04-11,273,366.28,99994.44
ORD12364,CUS020,P012,2026-03-19,2026-04-22,263,438.69,115375.47
ORD12365,CUS004,P015,2026-03-17,2026-04-21,177,506.9,89721.3
ORD12366,CUS044,P013,2026-03-17,2026-04-28,349,354.5,123720.5
ORD12367,CUS043,P015,2026-03-21,2026-04-27,432,685.94,296326.08
ORD12368,CUS033,P007,2026-03-19,2026-04-02,37,756.52,27991.24
ORD12369,CUS022,P002,2026-03-21,2026-04-12,479,351.37,168306.23
ORD12370,CUS048,P008,2026-03-20,2026-04-30,143,552.3,78978.9
ORD12371,CUS039,P005,2026-03-16,2026-04-25,478,209.96,100360.88
ORD12372,CUS030,P001,2026-03-17,2026-04-26,64,235.67,15082.88
ORD12373,CUS028,P006,2026-03-16,2026-04-15,419,233.89,97999.91
ORD12374,CUS003,P001,2026-03-17,2026-04-09,54,834.07,45039.78
ORD12375,CUS033,P007,2026-03-18,2026-04-17,243,615.17,149486.31
ORD12376,CUS024,P003,2026-03-15,2026-04-13,176,93.33,16426.08
ORD12377,CUS006,P010,2026-03-26,2026-05-01,353,803.85,283759.05
ORD12378,CUS002,P013,2026-03-24,2026-05-03,201,542.56,109054.56
ORD12379,CUS016,P004,2026-03-24,2026-04-27,35,473.32,16566.2
ORD12380,CUS041,P005,2026-03-23,2026-04-17,436,178.29,77734.44
ORD12381,CUS037,P009,2026-03-28,2026-05-11,470,374.23,175888.1
ORD12382,CUS046,P004,2026-03-23,2026-05-07,353,512.61,180951.33
ORD12383,CUS046,P001,2026-03-28,2026-04-28,75,195.95,14696.25
ORD12384,CUS036,P002,2026-03-22,2026-04-30,30,784.08,23522.4
ORD12385,CUS048,P013,2026-03-26,2026-04-13,387,704.37,272591.19
ORD12386,CUS003,P001,2026-03-24,2026-04-16,74,522.59,38671.66
ORD12387,CUS034,P005,2026-03-24,2026-05-06,470,716.84,336914.8
ORD12388,CUS050,P014,2026-03-24,2026-05-03,195,534.96,104317.2
ORD12389,CUS002,P006,2026-03-28,2026-04-19,252,40.63,10238.76
ORD12390,CUS012,P006,2026-03-26,2026-05-06,58,814.92,47265.36
ORD12391,CUS019,P004,2026-03-24,2026-04-19,32,282.49,9039.68
ORD12392,CUS001,P011,2026-03-25,2026-05-08,384,764.9,293721.6
ORD12393,CUS047,P006,2026-03-22,2026-04-19,30,378.19,11345.7
ORD12394,CUS039,P013,2026-03-30,2026-04-21,65,356.2,23153.0
ORD12395,CUS038,P008,2026-03-31,2026-05-05,421,797.09,335574.89
ORD12396,CUS030,P002,2026-03-31,2026-05-12,132,822.3,108543.6
ORD12397,CUS010,P001,2026-03-31,2026-04-29,52,527.91,27451.32
ORD12398,CUS029,P005,2026-03-30,2026-04-18,101,366.36,37002.36
ORD12399,CUS027,P006,2026-04-01,2026-04-17,84,176.6895,14841.92
ORD12400,CUS026,P002,2026-04-01,2026-05-07,155,379.0235,58748.64
ORD12401,CUS027,P013,2026-03-30,2026-04-29,242,293.84,71109.28
ORD12402,CUS010,P007,2026-04-08,2026-04-30,396,59.211,23447.56
ORD12403,CUS016,P007,2026-04-10,2026-05-24,333,61.5315,20489.99
ORD12404,CUS030,P012,2026-04-07,2026-04-28,11,26.656,293.22
ORD12405,CUS023,P015,2026-04-10,2026-05-21,247,363.0605,89675.94
ORD12406,CUS028,P010,2026-04-05,2026-05-09,209,692.2995,144690.6
ORD12407,CUS050,P002,2026-04-06,2026-04-25,311,387.685,120570.04
ORD12408,CUS025,P008,2026-04-11,2026-05-07,360,147.63649999999998,53149.14
ORD12409,CUS016,P006,2026-04-11,2026-05-07,258,584.681,150847.7
ORD12410,CUS049,P012,2026-04-06,2026-04-21,282,627.861,177056.8
ORD12411,CUS018,P009,2026-04-07,2026-05-11,43,631.9495000000001,27173.83
ORD12412,CUS027,P006,2026-04-08,2026-04-25,397,331.4575,131588.63
ORD12413,CUS019,P004,2026-04-06,2026-04-26,315,391.5185,123328.33
ORD12414,CUS003,P003,2026-04-07,2026-05-02,180,500.48849999999993,90087.93
ORD12415,CUS048,P009,2026-04-18,2026-05-23,281,672.6049999999999,189002.0
ORD12416,CUS022,P012,2026-04-12,2026-04-27,70,526.6685,36866.79
ORD12417,CUS020,P002,2026-04-18,2026-05-06,148,519.2055,76842.41
ORD12418,CUS035,P009,2026-04-12,2026-05-16,51,56.2445,2868.47
ORD12419,CUS015,P004,2026-04-14,2026-05-23,345,277.22749999999996,95643.49
ORD12420,CUS016,P004,2026-04-15,2026-05-11,340,188.2325,63999.05
ORD12421,CUS021,P008,2026-04-17,2026-05-24,312,233.48649999999998,72847.79
ORD12422,CUS030,P012,2026-04-18,2026-05-05,9,426.3175,3836.86
ORD12423,CUS035,P015,2026-04-14,2026-05-05,184,561.9605,103400.73
ORD12424,CUS017,P004,2026-04-15,2026-05-27,22,469.89700000000005,10337.73
ORD12425,CUS010,P002,2026-04-18,2026-05-31,12,602.1995000000001,7226.39
ORD12426,CUS048,P005,2026-04-15,2026-05-02,56,595.51,33348.56
ORD12427,CUS022,P012,2026-04-17,2026-05-11,248,651.338,161531.82
ORD12428,CUS015,P014,2026-04-13,2026-05-27,48,336.1665,16135.99
ORD12429,CUS035,P006,2026-04-22,2026-05-12,205,286.739,58781.49
ORD12430,CUS029,P006,2026-04-19,2026-05-25,271,87.4395,23696.1
ORD12431,CUS048,P004,2026-04-24,2026-05-23,21,556.6395,11689.43
ORD12432,CUS005,P001,2026-04-24,2026-05-30,322,275.85900000000004,88826.6
ORD12433,CUS038,P002,2026-04-25,2026-06-02,272,560.5665,152474.09
ORD12434,CUS013,P004,2026-04-24,2026-05-12,220,434.1885,95521.47
ORD12435,CUS025,P005,2026-04-24,2026-06-08,20,385.28799999999995,7705.76
ORD12436,CUS046,P014,2026-04-21,2026-05-24,27,291.7285,7876.67
ORD12437,CUS046,P012,2026-04-25,2026-05-27,412,717.4254999999999,295579.31
ORD12438,CUS023,P014,2026-04-20,2026-05-25,256,163.34449999999998,41816.19
ORD12439,CUS024,P008,2026-04-19,2026-06-03,379,680.7734999999999,258013.16
ORD12440,CUS025,P014,2026-04-21,2026-05-05,259,204.2465,52899.84
ORD12441,CUS012,P014,2026-04-19,2026-06-02,242,638.8685,154606.18
ORD12442,CUS021,P007,2026-04-20,2026-05-15,204,98.8465,20164.69
ORD12443,CUS043,P014,2026-04-20,2026-05-30,19,554.2595,10530.93
ORD12444,CUS041,P011,2026-04-22,2026-05-10,61,414.732,25298.65
ORD12445,CUS033,P014,2026-04-25,2026-05-10,329,103.6745,34108.91
ORD12446,CUS039,P015,2026-04-25,2026-05-23,198,609.2035,120622.29
ORD12447,CUS038,P011,2026-04-19,2026-05-20,375,422.20349999999996,158326.31
ORD12448,CUS036,P002,2026-04-24,2026-06-06,29,55.607,1612.6
ORD12449,CUS013,P003,2026-04-22,2026-05-31,298,139.1195,41457.61
ORD12450,CUS023,P015,2026-05-02,2026-06-14,210,598.5785,125701.48
ORD12451,CUS032,P013,2026-04-26,2026-05-15,129,491.81,63443.49
ORD12452,CUS030,P003,2026-05-01,2026-06-08,228,112.02149999999999,25540.9
ORD12453,CUS007,P002,2026-04-30,2026-06-04,193,475.29449999999997,91731.84
ORD12454,CUS050,P012,2026-04-30,2026-06-08,141,325.601,45909.74
ORD12455,CUS032,P008,2026-04-27,2026-05-31,266,275.111,73179.53
ORD12456,CUS045,P013,2026-04-30,2026-05-21,266,594.473,158129.82
ORD12457,CUS010,P001,2026-04-28,2026-05-19,96,279.5905,26840.69
ORD12458,CUS047,P014,2026-05-07,2026-06-19,355,219.21499999999997,77821.32
ORD12459,CUS034,P013,2026-05-08,2026-06-02,161,52.7255,8488.81
ORD12460,CUS032,P006,2026-05-03,2026-06-13,211,545.088,115013.57
ORD12461,CUS047,P009,2026-05-06,2026-06-19,90,275.876,24828.84
ORD12462,CUS008,P009,2026-05-04,2026-05-25,221,531.0120000000001,117353.65
ORD12463,CUS017,P009,2026-05-06,2026-06-07,225,337.603,75960.68
ORD12464,CUS016,P006,2026-05-09,2026-06-13,293,406.98,119245.14
ORD12465,CUS014,P009,2026-05-04,2026-06-10,175,445.094,77891.45
ORD12466,CUS038,P008,2026-05-09,2026-05-30,85,267.15500000000003,22708.18
ORD12467,CUS050,P001,2026-05-09,2026-05-28,274,161.602,44278.95
ORD12468,CUS045,P007,2026-05-05,2026-06-15,286,426.5215,121985.15
ORD12469,CUS025,P013,2026-05-13,2026-06-03,259,83.69099999999999,21675.97
ORD12470,CUS027,P010,2026-05-14,2026-06-09,99,280.4065,27760.24
ORD12471,CUS044,P001,2026-05-11,2026-05-29,114,557.464,63550.9
ORD12472,CUS031,P009,2026-05-11,2026-05-27,147,471.0275,69241.04
ORD12473,CUS034,P003,2026-05-14,2026-06-27,170,184.042,31287.14
ORD12474,CUS022,P014,2026-05-12,2026-06-06,192,504.798,96921.22
ORD12475,CUS004,P003,2026-05-14,2026-06-14,345,406.13849999999996,140117.78
ORD12476,CUS032,P005,2026-05-13,2026-06-03,57,151.88649999999998,8657.53
ORD12477,CUS011,P007,2026-05-14,2026-06-09,134,544.391,72948.39
ORD12478,CUS008,P008,2026-05-11,2026-06-04,356,110.687,39404.57
ORD12479,CUS015,P002,2026-05-20,2026-07-02,230,323.8415,74483.54
ORD12480,CUS001,P013,2026-05-18,2026-06-18,306,527.0085,161264.6
ORD12481,CUS029,P006,2026-05-23,2026-06-09,145,249.61950000000002,36194.83
ORD12482,CUS031,P012,2026-05-22,2026-07-06,323,359.618,116156.61
ORD12483,CUS037,P002,2026-05-20,2026-06-22,96,73.2615,7033.1
ORD12484,CUS009,P011,2026-05-19,2026-06-15,139,470.5685,65409.02
ORD12485,CUS014,P006,2026-05-18,2026-06-05,38,505.07000000000005,19192.66
ORD12486,CUS032,P006,2026-05-17,2026-06-09,399,700.5445,279517.26
ORD12487,CUS011,P001,2026-05-21,2026-06-21,232,45.543,10565.98
ORD12488,CUS013,P007,2026-05-21,2026-06-27,204,472.6085,96412.13
ORD12489,CUS027,P003,2026-05-21,2026-06-20,93,161.126,14984.72
ORD12490,CUS007,P007,2026-05-21,2026-06-28,395,601.035,237408.82
ORD12491,CUS030,P001,2026-05-23,2026-06-26,149,32.8695,4897.56
ORD12492,CUS037,P013,2026-05-19,2026-06-16,345,668.321,230570.74
ORD12493,CUS042,P015,2026-05-19,2026-06-19,357,95.693,34162.4
ORD12494,CUS046,P002,2026-05-17,2026-06-19,71,622.999,44232.93
ORD12495,CUS050,P012,2026-05-21,2026-07-04,121,457.589,55368.27
ORD12496,CUS018,P014,2026-05-28,2026-06-20,57,666.978,38017.75
ORD12497,CUS001,P002,2026-05-30,2026-06-17,227,403.91999999999996,91689.84
ORD12498,CUS041,P010,2026-05-27,2026-06-17,101,694.0165,70095.67
ORD12499,CUS049,P014,2026-05-30,2026-06-28,169,335.6225,56720.2
ORD12500,CUS021,P004,2026-05-28,2026-06-30,354,373.8385,132338.83
ORD12501,CUS041,P002,2026-05-24,2026-06-12,149,523.7955,78045.53
ORD12502,CUS003,P014,2026-05-25,2026-06-27,207,280.313,58024.79
ORD12503,CUS004,P011,2026-05-24,2026-07-03,132,611.3965,80704.34
ORD12504,CUS044,P003,2026-05-27,2026-06-21,139,604.809,84068.45
ORD12505,CUS022,P015,2026-05-26,2026-06-27,189,714.8839999999999,135113.08
ORD12506,CUS001,P015,2026-05-25,2026-06-15,369,182.8945,67488.07
ORD12507,CUS046,P005,2026-05-30,2026-07-07,278,518.5765,144164.27
ORD12508,CUS011,P003,2026-05-29,2026-06-27,255,220.74499999999998,56289.97
ORD12509,CUS006,P013,2026-06-03,2026-07-02,298,228.19099999999997,68000.92
ORD12510,CUS018,P007,2026-06-03,2026-06-20,408,688.6189999999999,280956.55
ORD12511,CUS040,P015,2026-06-02,2026-07-02,213,501.7295,106868.38
ORD12512,CUS047,P011,2026-05-31,2026-07-10,29,579.5215,16806.12
ORD12513,CUS016,P015,2026-06-04,2026-06-22,30,330.8455,9925.36
ORD12514,CUS050,P006,2026-05-31,2026-07-09,90,257.7795,23200.15
ORD12515,CUS005,P005,2026-06-05,2026-06-24,329,145.5965,47901.25
ORD12516,CUS011,P003,2026-06-02,2026-06-22,220,258.2385,56812.47
ORD12517,CUS005,P007,2026-06-04,2026-06-20,402,447.168,179761.54
ORD12518,CUS028,P005,2026-06-05,2026-06-24,238,534.514,127214.33
ORD12519,CUS022,P005,2026-05-31,2026-06-26,102,493.969,50384.84
ORD12520,CUS028,P007,2026-06-02,2026-06-16,68,384.421,26140.63
ORD12521,CUS039,P013,2026-05-31,2026-07-05,402,323.55249999999995,130068.1
ORD12522,CUS049,P015,2026-06-02,2026-06-23,198,474.8185,94014.06
ORD12523,CUS007,P011,2026-06-02,2026-07-16,246,140.76850000000002,34629.05
ORD12524,CUS046,P006,2026-06-08,2026-07-11,266,146.268,38907.29
ORD12525,CUS006,P014,2026-06-11,2026-07-02,288,502.01,144578.88
ORD12526,CUS042,P005,2026-06-08,2026-07-09,226,100.42750000000001,22696.62
ORD12527,CUS008,P005,2026-06-07,2026-06-26,102,593.164,60502.73
ORD12528,CUS024,P012,2026-06-12,2026-07-21,400,426.0455,170418.2
ORD12529,CUS013,P010,2026-06-07,2026-07-09,379,139.349,52813.27
ORD12530,CUS021,P003,2026-06-07,2026-06-28,368,135.05649999999997,49700.79
ORD12531,CUS046,P001,2026-06-07,2026-07-19,139,645.3795,89707.75
ORD12532,CUS004,P010,2026-06-18,2026-07-21,313,236.69099999999997,74084.28
ORD12533,CUS040,P009,2026-06-18,2026-07-27,183,276.4965,50598.86
ORD12534,CUS020,P009,2026-06-14,2026-07-07,209,152.116,31792.24
ORD12535,CUS039,P002,2026-06-15,2026-07-23,207,643.2035,133143.12
ORD12536,CUS021,P010,2026-06-14,2026-07-24,143,692.0615,98964.79
ORD12537,CUS045,P011,2026-06-18,2026-07-09,403,699.125,281747.38
ORD12538,CUS013,P013,2026-06-15,2026-07-06,251,480.3095,120557.68
ORD12539,CUS007,P002,2026-06-15,2026-07-02,232,241.89299999999997,56119.18
ORD12540,CUS009,P004,2026-06-14,2026-07-20,183,602.463,110250.73
ORD12541,CUS035,P013,2026-06-15,2026-07-14,134,149.6,20046.4
ORD12542,CUS046,P001,2026-06-26,2026-07-18,72,639.336,46032.19
ORD12543,CUS048,P015,2026-06-23,2026-08-01,84,682.2950000000001,57312.78
ORD12544,CUS031,P014,2026-06-21,2026-07-20,347,132.1155,45844.08
ORD12545,CUS009,P006,2026-06-22,2026-07-22,77,190.774,14689.6
ORD12546,CUS028,P008,2026-06-27,2026-07-13,362,335.546,121467.65
ORD12547,CUS025,P001,2026-06-23,2026-07-15,277,665.499,184343.22
ORD12548,CUS013,P011,2026-06-26,2026-08-10,286,516.3919999999999,147688.11
ORD12549,CUS028,P012,2026-06-24,2026-08-07,139,57.57899999999999,8003.48
ORD12550,CUS035,P012,2026-06-27,2026-08-11,220,626.6115,137854.53
ORD12551,CUS005,P001,2026-06-24,2026-07-29,85,577.6854999999999,49103.27
ORD12552,CUS045,P001,2026-06-21,2026-07-20,370,174.59,64598.3
ORD12553,CUS003,P015,2026-06-27,2026-08-03,379,72.471,27466.51
ORD12554,CUS044,P014,2026-07-04,2026-08-18,479,144.33,69134.07
ORD12555,CUS030,P013,2026-06-29,2026-08-04,128,149.4725,19132.48
ORD12556,CUS023,P005,2026-06-28,2026-08-08,332,589.8404999999999,195827.05
ORD12557,CUS035,P010,2026-07-03,2026-07-30,313,171.75,53757.75
ORD12558,CUS028,P013,2026-07-03,2026-07-31,307,479.5,147206.5
ORD12559,CUS045,P003,2026-06-29,2026-07-19,358,407.8725,146018.36
ORD12560,CUS033,P010,2026-06-29,2026-08-06,289,155.686,44993.25
ORD12561,CUS043,P011,2026-06-29,2026-08-11,247,477.7,117991.9
ORD12562,CUS034,P001,2026-07-01,2026-07-17,150,174.03,26104.5
ORD12563,CUS015,P006,2026-07-01,2026-07-29,50,454.88,22744.0
ORD12564,CUS039,P006,2026-07-02,2026-07-31,46,702.01,32292.46
ORD12565,CUS047,P007,2026-07-03,2026-07-28,355,91.72,32560.6
ORD12566,CUS013,P006,2026-06-29,2026-08-01,316,349.1375,110327.45
ORD12567,CUS004,P006,2026-06-28,2026-08-11,379,720.154,272938.37
ORD12568,CUS001,P008,2026-07-01,2026-08-07,13,621.65,8081.45
ORD12569,CUS036,P015,2026-07-04,2026-08-06,299,258.11,77174.89
ORD12570,CUS037,P010,2026-07-02,2026-08-10,111,670.35,74408.85
ORD12571,CUS030,P007,2026-07-02,2026-08-11,370,815.51,301738.7
ORD12572,CUS009,P013,2026-06-28,2026-07-27,245,676.4725,165735.76
